Timestamp_Seconds,Delta,Instant_Velocity,Smoothed_Velocity,Gesture_Type,App_Offset,App_Target,App_Velocity
-0.0312,0,0.00,0.00,APP_STATE,1333.35,1337.60,16.32
-0.0302,0,0.00,0.00,APP_STATE,1333.35,1337.60,16.32
-0.0275,0,0.00,0.00,APP_STATE,1333.35,1337.60,16.32
-0.0249,0,0.00,0.00,APP_STATE,1333.57,1337.60,15.89
-0.0229,0,0.00,0.00,APP_STATE,1333.35,1337.60,16.32
-0.0202,0,0.00,0.00,APP_STATE,1333.35,1337.60,16.32
-0.0192,0,0.00,0.00,APP_STATE,1333.35,1337.60,16.32
-0.0160,0,0.00,0.00,APP_STATE,1333.35,1337.60,16.32
-0.0138,0,0.00,0.00,APP_STATE,1333.35,1337.60,16.32
-0.0118,0,0.00,0.00,APP_STATE,1333.35,1337.60,16.32
-0.0098,0,0.00,0.00,APP_STATE,1333.35,1337.60,16.32
-0.0078,0,0.00,0.00,APP_STATE,1333.59,1337.60,15.86
-0.0048,0,0.00,0.00,APP_STATE,1333.35,1337.60,16.32
-0.0034,0,0.00,0.00,APP_STATE,1333.35,1337.60,16.32
0.0010,0,0.00,0.00,APP_STATE,1333.35,1337.60,16.32
0.0020,0,0.00,0.00,APP_STATE,1333.35,1337.60,16.32
0.0040,0,0.00,0.00,APP_STATE,1333.35,1337.60,16.32
0.0061,0,0.00,0.00,APP_STATE,1333.59,1337.60,15.86
0.0087,0,0.00,0.00,APP_STATE,1333.35,1337.60,16.32
0.0107,0,0.00,0.00,APP_STATE,1333.35,1337.60,16.32
0.0133,0,0.00,0.00,APP_STATE,1333.35,1337.60,16.32
0.0154,0,0.00,0.00,APP_STATE,1333.35,1337.60,16.32
0.0174,0,0.00,0.00,APP_STATE,1333.35,1337.60,16.32
0.0194,0,0.00,0.00,APP_STATE,1333.35,1337.60,16.32
0.0214,0,0.00,0.00,APP_STATE,1333.57,1337.60,15.89
0.0239,0,0.00,0.00,APP_STATE,1333.35,1337.60,16.32
0.0260,0,0.00,0.00,APP_STATE,1333.35,1337.60,16.32
0.0328,0,0.00,0.00,APP_STATE,1333.35,1337.60,16.32
0.0354,0,0.00,0.00,APP_STATE,1333.35,1337.60,16.32
0.0374,0,0.00,0.00,APP_STATE,1333.59,1337.60,15.86
0.0384,0,0.00,0.00,APP_STATE,1333.35,1337.60,16.32
0.0404,0,0.00,0.00,APP_STATE,1333.35,1337.60,16.32
0.0451,0,0.00,0.00,APP_STATE,1333.35,1337.60,16.32
0.0491,0,0.00,0.00,APP_STATE,1333.35,1337.60,16.32
0.0501,0,0.00,0.00,APP_STATE,1333.35,1337.60,16.32
0.0531,0,0.00,0.00,APP_STATE,1333.57,1337.60,15.89
0.0557,0,0.00,0.00,APP_STATE,1333.35,1337.60,16.32
0.0593,0,0.00,0.00,APP_STATE,1333.35,1337.60,16.32
0.0607,0,0.00,0.00,APP_STATE,1333.35,1337.60,16.32
0.0629,0,0.00,0.00,APP_STATE,1333.35,1337.60,16.32
0.0660,0,0.00,0.00,APP_STATE,1333.35,1337.60,16.32
0.0680,0,0.00,0.00,APP_STATE,1333.35,1337.60,16.32
0.0700,0,0.00,0.00,APP_STATE,1333.59,1337.60,15.86
0.0720,0,0.00,0.00,APP_STATE,1333.35,1337.60,16.32
0.0751,0,0.00,0.00,APP_STATE,1333.35,1337.60,16.32
0.0764,0,0.00,0.00,APP_STATE,1333.35,1337.60,16.32
0.0794,0,0.00,0.00,APP_STATE,1333.35,1337.60,16.32
0.0820,0,0.00,0.00,APP_STATE,1333.35,1337.60,16.32
0.0846,0,0.00,0.00,APP_STATE,1333.59,1337.60,15.86
0.0866,0,0.00,0.00,APP_STATE,1333.35,1337.60,16.32
0.0892,0,0.00,0.00,APP_STATE,1333.35,1337.60,16.32
0.0912,0,0.00,0.00,APP_STATE,1333.35,1337.60,16.32
0.0942,0,0.00,0.00,APP_STATE,1333.35,1337.60,16.32
0.0952,0,0.00,0.00,APP_STATE,1333.35,1337.60,16.32
0.0978,0,0.00,0.00,APP_STATE,1333.35,1337.60,16.32
0.0998,0,0.00,0.00,APP_STATE,1333.57,1337.60,15.89
0.1044,0,0.00,0.00,APP_STATE,1333.35,1337.60,16.32
0.1060,0,0.00,0.00,APP_STATE,1333.35,1337.60,16.32
0.1086,0,0.00,0.00,APP_STATE,1333.35,1337.60,16.32
0.1106,0,0.00,0.00,APP_STATE,1333.35,1337.60,16.32
0.1126,0,0.00,0.00,APP_STATE,1333.35,1337.60,16.32
0.1146,0,0.00,0.00,APP_STATE,1333.35,1337.60,16.32
0.1167,0,0.00,0.00,APP_STATE,1333.59,1337.60,15.86
0.1197,0,0.00,0.00,APP_STATE,1333.35,1337.60,16.32
0.1213,0,0.00,0.00,APP_STATE,1333.35,1337.60,16.32
0.1238,0,0.00,0.00,APP_STATE,1333.35,1337.60,16.32
0.1255,0,0.00,0.00,APP_STATE,1333.35,1337.60,16.32
0.1275,0,0.00,0.00,APP_STATE,1333.35,1337.60,16.32
0.1295,0,0.00,0.00,APP_STATE,1333.35,1337.60,16.32
0.1310,0,0.00,0.00,APP_STATE,1333.59,1337.60,15.86
0.1330,0,0.00,0.00,APP_STATE,1333.35,1337.60,16.32
0.1352,0,0.00,0.00,APP_STATE,1333.35,1337.60,16.32
0.1370,0,0.00,0.00,APP_STATE,1333.35,1337.60,16.32
0.1390,0,0.00,0.00,APP_STATE,1333.35,1337.60,16.32
0.1415,0,0.00,0.00,APP_STATE,1333.35,1337.60,16.32
0.1445,0,0.00,0.00,APP_STATE,1333.35,1337.60,16.32
0.1465,0,0.00,0.00,APP_STATE,1333.57,1337.60,15.89
0.1487,0,0.00,0.00,APP_STATE,1333.35,1337.60,16.32
0.1512,0,0.00,0.00,APP_STATE,1333.35,1337.60,16.32
0.1533,0,0.00,0.00,APP_STATE,1333.35,1337.60,16.32
0.1543,0,0.00,0.00,APP_STATE,1333.35,1337.60,16.32
0.1568,0,0.00,0.00,APP_STATE,1333.35,1337.60,16.32
0.1599,0,0.00,0.00,APP_STATE,1333.35,1337.60,16.32
0.1619,0,0.00,0.00,APP_STATE,1333.35,1337.60,16.32
0.1629,0,0.00,0.00,APP_STATE,1333.59,1337.60,15.86
0.1644,0,0.00,0.00,APP_STATE,1333.35,1337.60,16.32
0.1670,0,0.00,0.00,APP_STATE,1333.35,1337.60,16.32
0.1700,0,0.00,0.00,APP_STATE,1333.35,1337.60,16.32
0.1720,0,0.00,0.00,APP_STATE,1333.35,1337.60,16.32
0.1740,0,0.00,0.00,APP_STATE,1333.35,1337.60,16.32
0.1762,0,0.00,0.00,APP_STATE,1333.35,1337.60,16.32
0.1787,0,0.00,0.00,APP_STATE,1333.57,1337.60,15.89
0.1807,0,0.00,0.00,APP_STATE,1333.35,1337.60,16.32
0.1826,0,0.00,0.00,APP_STATE,1333.35,1337.60,16.32
0.1851,0,0.00,0.00,APP_STATE,1333.35,1337.60,16.32
0.1871,0,0.00,0.00,APP_STATE,1333.35,1337.60,16.32
0.1891,0,0.00,0.00,APP_STATE,1333.35,1337.60,16.32
0.1911,0,0.00,0.00,APP_STATE,1333.35,1337.60,16.32
0.1921,0,0.00,0.00,APP_STATE,1333.35,1337.60,16.32
0.1941,0,0.00,0.00,APP_STATE,1333.59,1337.60,15.86
0.1965,0,0.00,0.00,APP_STATE,1333.35,1337.60,16.32
0.1985,0,0.00,0.00,APP_STATE,1333.35,1337.60,16.32
0.2016,0,0.00,0.00,APP_STATE,1333.35,1337.60,16.32
0.2035,0,0.00,0.00,APP_STATE,1333.35,1337.60,16.32
0.2060,0,0.00,0.00,APP_STATE,1333.35,1337.60,16.32
0.2081,0,0.00,0.00,APP_STATE,1333.35,1337.60,16.32
0.2091,0,0.00,0.00,APP_STATE,1333.59,1337.60,15.86
0.2122,0,0.00,0.00,APP_STATE,1333.35,1337.60,16.32
0.2140,0,0.00,0.00,APP_STATE,1333.35,1337.60,16.32
0.2163,0,0.00,0.00,APP_STATE,1333.35,1337.60,16.32
0.2183,0,0.00,0.00,APP_STATE,1333.35,1337.60,16.32
0.2204,0,0.00,0.00,APP_STATE,1333.35,1337.60,16.32
0.2213,0,0.00,0.00,APP_STATE,1333.35,1337.60,16.32
0.2246,0,0.00,0.00,APP_STATE,1333.57,1337.60,15.89
0.2267,0,0.00,0.00,APP_STATE,1333.35,1337.60,16.32
0.2294,0,0.00,0.00,APP_STATE,1333.35,1337.60,16.32
0.2322,0,0.00,0.00,APP_STATE,1333.35,1337.60,16.32
0.2348,0,0.00,0.00,APP_STATE,1333.35,1337.60,16.32
0.2368,0,0.00,0.00,APP_STATE,1333.35,1337.60,16.32
0.2416,0,0.00,0.00,APP_STATE,1333.59,1337.60,15.86
0.2436,0,0.00,0.00,APP_STATE,1333.35,1337.60,16.32
0.2465,0,0.00,0.00,APP_STATE,1333.35,1337.60,16.32
0.2486,0,0.00,0.00,APP_STATE,1333.35,1337.60,16.32
0.2506,0,0.00,0.00,APP_STATE,1333.35,1337.60,16.32
0.2536,0,0.00,0.00,APP_STATE,1333.35,1337.60,16.32
0.2563,0,0.00,0.00,APP_STATE,1333.59,1337.60,15.86
0.2581,0,0.00,0.00,APP_STATE,1333.35,1337.60,16.32
0.2610,0,0.00,0.00,APP_STATE,1333.35,1337.60,16.32
0.2633,0,0.00,0.00,APP_STATE,1333.35,1337.60,16.32
0.2653,0,0.00,0.00,APP_STATE,1333.35,1337.60,16.32
0.2673,0,0.00,0.00,APP_STATE,1333.35,1337.60,16.32
0.2703,0,0.00,0.00,APP_STATE,1333.35,1337.60,16.32
0.2714,0,0.00,0.00,APP_STATE,1333.57,1337.60,15.89
0.2740,0,0.00,0.00,APP_STATE,1333.35,1337.60,16.32
0.2806,0,0.00,0.00,APP_STATE,1333.35,1337.60,16.32
0.2826,0,0.00,0.00,APP_STATE,1333.35,1337.60,16.32
0.2857,0,0.00,0.00,APP_STATE,1333.35,1337.60,16.32
0.2877,0,0.00,0.00,APP_STATE,1333.35,1337.60,16.32
0.2886,0,0.00,0.00,APP_STATE,1333.59,1337.60,15.86
0.2906,0,0.00,0.00,APP_STATE,1333.35,1337.60,16.32
0.2934,0,0.00,0.00,APP_STATE,1333.35,1337.60,16.32
0.2964,0,0.00,0.00,APP_STATE,1333.35,1337.60,16.32
0.2987,0,0.00,0.00,APP_STATE,1333.35,1337.60,16.32
0.3007,0,0.00,0.00,APP_STATE,1333.35,1337.60,16.32
0.3032,0,0.00,0.00,APP_STATE,1333.57,1337.60,15.89
0.3063,0,0.00,0.00,APP_STATE,1333.35,1337.60,16.32
0.3078,0,0.00,0.00,APP_STATE,1333.35,1337.60,16.32
0.3106,0,0.00,0.00,APP_STATE,1333.35,1337.60,16.32
0.3126,0,0.00,0.00,APP_STATE,1333.35,1337.60,16.32
0.3157,0,0.00,0.00,APP_STATE,1333.35,1337.60,16.32
0.3201,0,0.00,0.00,APP_STATE,1333.59,1337.60,15.86
0.3227,0,0.00,0.00,APP_STATE,1333.35,1337.60,16.32
0.3238,0,0.00,0.00,APP_STATE,1333.35,1337.60,16.32
0.3285,0,0.00,0.00,APP_STATE,1333.35,1337.60,16.32
0.3305,0,0.00,0.00,APP_STATE,1333.35,1337.60,16.32
0.3337,0,0.00,0.00,APP_STATE,1333.59,1337.60,15.86
0.3367,0,0.00,0.00,APP_STATE,1333.35,1337.60,16.32
0.3398,0,0.00,0.00,APP_STATE,1333.35,1337.60,16.32
0.3418,0,0.00,0.00,APP_STATE,1333.35,1337.60,16.32
0.3438,0,0.00,0.00,APP_STATE,1333.35,1337.60,16.32
0.3458,0,0.00,0.00,APP_STATE,1333.35,1337.60,16.32
0.3490,0,0.00,0.00,APP_STATE,1333.35,1337.60,16.32
0.3500,0,0.00,0.00,APP_STATE,1333.57,1337.60,15.89
0.3526,0,0.00,0.00,APP_STATE,1333.35,1337.60,16.32
0.3566,0,0.00,0.00,APP_STATE,1333.35,1337.60,16.32
0.3586,0,0.00,0.00,APP_STATE,1333.35,1337.60,16.32
0.3608,0,0.00,0.00,APP_STATE,1333.35,1337.60,16.32
0.3638,0,0.00,0.00,APP_STATE,1333.35,1337.60,16.32
0.3659,0,0.00,0.00,APP_STATE,1333.59,1337.60,15.86
0.3679,0,0.00,0.00,APP_STATE,1333.35,1337.60,16.32
0.3718,0,0.00,0.00,APP_STATE,1333.35,1337.60,16.32
0.3738,0,0.00,0.00,APP_STATE,1333.35,1337.60,16.32
0.3765,0,0.00,0.00,APP_STATE,1333.35,1337.60,16.32
0.3785,0,0.00,0.00,APP_STATE,1333.35,1337.60,16.32
0.3805,0,0.00,0.00,APP_STATE,1333.35,1337.60,16.32
0.3825,0,0.00,0.00,APP_STATE,1333.59,1337.60,15.86
0.3840,0,0.00,0.00,APP_STATE,1333.35,1337.60,16.32
0.3871,0,0.00,0.00,APP_STATE,1333.35,1337.60,16.32
0.3885,0,0.00,0.00,APP_STATE,1333.35,1337.60,16.32
0.3916,0,0.00,0.00,APP_STATE,1333.35,1337.60,16.32
0.3926,0,0.00,0.00,APP_STATE,1333.35,1337.60,16.32
0.3981,0,0.00,0.00,APP_STATE,1333.57,1337.60,15.89
0.4001,0,0.00,0.00,APP_STATE,1333.35,1337.60,16.32
0.4031,0,0.00,0.00,APP_STATE,1333.35,1337.60,16.32
0.4056,0,0.00,0.00,APP_STATE,1333.35,1337.60,16.32
0.4081,0,0.00,0.00,APP_STATE,1333.35,1337.60,16.32
0.4104,0,0.00,0.00,APP_STATE,1333.35,1337.60,16.32
0.4124,0,0.00,0.00,APP_STATE,1333.59,1337.60,15.86
0.4152,0,0.00,0.00,APP_STATE,1333.35,1337.60,16.32
0.4172,0,0.00,0.00,APP_STATE,1333.35,1337.60,16.32
0.4192,0,0.00,0.00,APP_STATE,1333.35,1337.60,16.32
0.4222,0,0.00,0.00,APP_STATE,1333.35,1337.60,16.32
0.4244,0,0.00,0.00,APP_STATE,1333.35,1337.60,16.32
0.4266,0,0.00,0.00,APP_STATE,1333.35,1337.60,16.32
0.4276,0,0.00,0.00,APP_STATE,1333.57,1337.60,15.89
0.4309,0,0.00,0.00,APP_STATE,1333.35,1337.60,16.32
0.4328,0,0.00,0.00,APP_STATE,1333.35,1337.60,16.32
0.4350,0,0.00,0.00,APP_STATE,1333.35,1337.60,16.32
0.4369,0,0.00,0.00,APP_STATE,1333.35,1337.60,16.32
0.4399,0,0.00,0.00,APP_STATE,1333.35,1337.60,16.32
0.4410,0,0.00,0.00,APP_STATE,1333.35,1337.60,16.32
0.4441,0,0.00,0.00,APP_STATE,1333.59,1337.60,15.86
0.4466,0,0.00,0.00,APP_STATE,1333.35,1337.60,16.32
0.4483,0,0.00,0.00,APP_STATE,1333.35,1337.60,16.32
0.4503,0,0.00,0.00,APP_STATE,1333.35,1337.60,16.32
0.4523,0,0.00,0.00,APP_STATE,1333.35,1337.60,16.32
0.4543,0,0.00,0.00,APP_STATE,1333.35,1337.60,16.32
0.4563,0,0.00,0.00,APP_STATE,1333.35,1337.60,16.32
0.4589,0,0.00,0.00,APP_STATE,1333.59,1337.60,15.86
0.4619,0,0.00,0.00,APP_STATE,1333.35,1337.60,16.32
0.4644,0,0.00,0.00,APP_STATE,1333.35,1337.60,16.32
0.4675,0,0.00,0.00,APP_STATE,1333.35,1337.60,16.32
0.4694,0,0.00,0.00,APP_STATE,1333.35,1337.60,16.32
0.4724,0,0.00,0.00,APP_STATE,1333.35,1337.60,16.32
0.4745,0,0.00,0.00,APP_STATE,1333.57,1337.60,15.89
0.4768,0,0.00,0.00,APP_STATE,1333.35,1337.60,16.32
0.4788,0,0.00,0.00,APP_STATE,1333.35,1337.60,16.32
0.4803,0,0.00,0.00,APP_STATE,1333.35,1337.60,16.32
0.4828,0,0.00,0.00,APP_STATE,1333.35,1337.60,16.32
0.4851,0,0.00,0.00,APP_STATE,1333.35,1337.60,16.32
0.4875,0,0.00,0.00,APP_STATE,1333.35,1337.60,16.32
0.4895,0,0.00,0.00,APP_STATE,1333.35,1337.60,16.32
0.4915,0,0.00,0.00,APP_STATE,1333.59,1337.60,15.86
0.4934,0,0.00,0.00,APP_STATE,1333.35,1337.60,16.32
0.4961,0,0.00,0.00,APP_STATE,1333.35,1337.60,16.32
0.4978,0,0.00,0.00,APP_STATE,1333.35,1337.60,16.32
0.5008,0,0.00,0.00,APP_STATE,1333.35,1337.60,16.32
0.5028,0,0.00,0.00,APP_STATE,1333.35,1337.60,16.32
0.5048,0,0.00,0.00,APP_STATE,1333.35,1337.60,16.32
0.5068,0,0.00,0.00,APP_STATE,1333.59,1337.60,15.86
0.5088,0,0.00,0.00,APP_STATE,1333.35,1337.60,16.32
0.5109,0,0.00,0.00,APP_STATE,1333.35,1337.60,16.32
0.5129,0,0.00,0.00,APP_STATE,1333.35,1337.60,16.32
0.5149,0,0.00,0.00,APP_STATE,1333.35,1337.60,16.32
0.5169,0,0.00,0.00,APP_STATE,1333.35,1337.60,16.32
0.5189,0,0.00,0.00,APP_STATE,1333.35,1337.60,16.32
0.5209,0,0.00,0.00,APP_STATE,1333.35,1337.60,16.32
0.5220,0,0.00,0.00,APP_STATE,1333.57,1337.60,15.89
0.5249,0,0.00,0.00,APP_STATE,1333.35,1337.60,16.32
0.5268,0,0.00,0.00,APP_STATE,1333.35,1337.60,16.32
0.5299,0,0.00,0.00,APP_STATE,1333.35,1337.60,16.32
0.5321,0,0.00,0.00,APP_STATE,1333.35,1337.60,16.32
0.5340,0,0.00,0.00,APP_STATE,1333.35,1337.60,16.32
0.5386,0,0.00,0.00,APP_STATE,1333.59,1337.60,15.86
0.5396,0,0.00,0.00,APP_STATE,1333.35,1337.60,16.32
0.5426,0,0.00,0.00,APP_STATE,1333.35,1337.60,16.32
0.5436,0,0.00,0.00,APP_STATE,1333.35,1337.60,16.32
0.5456,0,0.00,0.00,APP_STATE,1333.35,1337.60,16.32
0.5478,0,0.00,0.00,APP_STATE,1333.35,1337.60,16.32
0.5508,0,0.00,0.00,APP_STATE,1333.35,1337.60,16.32
0.5528,0,0.00,0.00,APP_STATE,1333.57,1337.60,15.89
0.5557,0,0.00,0.00,APP_STATE,1333.35,1337.60,16.32
0.5578,0,0.00,0.00,APP_STATE,1333.35,1337.60,16.32
0.5600,0,0.00,0.00,APP_STATE,1333.35,1337.60,16.32
0.5620,0,0.00,0.00,APP_STATE,1333.35,1337.60,16.32
0.5645,0,0.00,0.00,APP_STATE,1333.35,1337.60,16.32
0.5661,0,0.00,0.00,APP_STATE,1333.35,1337.60,16.32
0.5681,0,0.00,0.00,APP_STATE,1333.59,1337.60,15.86
0.5711,0,0.00,0.00,APP_STATE,1333.35,1337.60,16.32
0.5731,0,0.00,0.00,APP_STATE,1333.35,1337.60,16.32
0.5747,0,0.00,0.00,APP_STATE,1333.35,1337.60,16.32
0.5768,0,0.00,0.00,APP_STATE,1333.35,1337.60,16.32
0.5789,0,0.00,0.00,APP_STATE,1333.35,1337.60,16.32
0.5808,0,0.00,0.00,APP_STATE,1333.35,1337.60,16.32
0.5829,0,0.00,0.00,APP_STATE,1333.35,1337.60,16.32
0.5844,0,0.00,0.00,APP_STATE,1333.59,1337.60,15.86
0.5864,0,0.00,0.00,APP_STATE,1333.35,1337.60,16.32
0.5884,0,0.00,0.00,APP_STATE,1333.35,1337.60,16.32
0.5930,0,0.00,0.00,APP_STATE,1333.35,1337.60,16.32
0.5950,0,0.00,0.00,APP_STATE,1333.35,1337.60,16.32
0.5970,0,0.00,0.00,APP_STATE,1333.35,1337.60,16.32
0.6055,0,0.00,0.00,APP_STATE,1333.57,1337.60,15.89
0.6295,0,0.00,0.00,APP_STATE,1333.59,1337.60,15.86
0.6396,0,0.00,0.00,APP_STATE,1333.59,1337.60,15.86
0.6556,0,0.00,0.00,APP_STATE,1333.57,1337.60,15.89
0.6671,0,0.00,0.00,APP_STATE,1333.59,1337.60,15.86
0.6701,0,0.00,0.00,APP_STATE,1333.35,1337.60,16.32
0.6721,0,0.00,0.00,APP_STATE,1333.35,1337.60,16.32
0.6748,0,0.00,0.00,APP_STATE,1333.35,1337.60,16.32
0.6758,0,0.00,0.00,APP_STATE,1333.35,1337.60,16.32
0.6788,0,0.00,0.00,APP_STATE,1333.57,1337.60,15.89
0.6828,0,0.00,0.00,APP_STATE,1333.35,1337.60,16.32
0.6861,0,0.00,0.00,APP_STATE,1333.35,1337.60,16.32
0.6886,0,0.00,0.00,APP_STATE,1333.35,1337.60,16.32
0.6916,0,0.00,0.00,APP_STATE,1333.35,1337.60,16.32
0.6938,0,0.00,0.00,APP_STATE,1333.35,1337.60,16.32
0.6974,0,0.00,0.00,APP_STATE,1333.59,1337.60,15.86
0.7023,0,0.00,0.00,APP_STATE,1333.35,1337.60,16.32
0.7194,0,0.00,0.00,APP_STATE,1333.59,1337.60,15.86
0.7224,0,0.00,0.00,APP_STATE,1333.35,1337.60,16.32
0.7330,0,0.00,0.00,APP_STATE,1333.57,1337.60,15.89
0.7365,0,0.00,0.00,APP_STATE,1333.35,1337.60,16.32
0.7495,0,0.00,0.00,APP_STATE,1333.59,1337.60,15.86
0.7525,0,0.00,0.00,APP_STATE,1333.35,1337.60,16.32
0.7585,0,0.00,0.00,APP_STATE,1333.59,1337.60,15.86
0.7616,0,0.00,0.00,APP_STATE,1333.35,1337.60,16.32
0.7657,0,0.00,0.00,APP_STATE,1333.35,1337.60,16.32
0.7667,0,0.00,0.00,APP_STATE,1333.35,1337.60,16.32
0.7693,0,0.00,0.00,APP_STATE,1333.35,1337.60,16.32
0.7732,0,0.00,0.00,APP_STATE,1333.57,1337.60,15.89
0.7768,0,0.00,0.00,APP_STATE,1333.35,1337.60,16.32
0.7798,0,0.00,0.00,APP_STATE,1333.35,1337.60,16.32
0.7828,0,0.00,0.00,APP_STATE,1333.35,1337.60,16.32
0.7853,0,0.00,0.00,APP_STATE,1333.35,1337.60,16.32
0.7889,0,0.00,0.00,APP_STATE,1333.59,1337.60,15.86
0.7938,0,0.00,0.00,APP_STATE,1333.35,1337.60,16.32
0.7969,0,0.00,0.00,APP_STATE,1333.35,1337.60,16.32
0.8001,0,0.00,0.00,APP_STATE,1333.35,1337.60,16.32
0.8020,0,0.00,0.00,APP_STATE,1333.35,1337.60,16.32
0.8080,0,0.00,0.00,APP_STATE,1333.57,1337.60,15.89
0.8116,0,0.00,0.00,APP_STATE,1333.35,1337.60,16.32
0.8146,0,0.00,0.00,APP_STATE,1333.35,1337.60,16.32
0.8166,0,0.00,0.00,APP_STATE,1333.35,1337.60,16.32
0.8200,0,0.00,0.00,APP_STATE,1333.59,1337.60,15.86
0.8240,0,0.00,0.00,APP_STATE,1333.35,1337.60,16.32
0.8265,0,0.00,0.00,APP_STATE,1333.35,1337.60,16.32
0.8285,0,0.00,0.00,APP_STATE,1333.35,1337.60,16.32
0.8315,0,0.00,0.00,APP_STATE,1333.35,1337.60,16.32
0.8336,0,0.00,0.00,APP_STATE,1333.35,1337.60,16.32
0.8359,0,0.00,0.00,APP_STATE,1333.59,1337.60,15.86
0.8399,0,0.00,0.00,APP_STATE,1333.35,1337.60,16.32
0.8419,0,0.00,0.00,APP_STATE,1333.35,1337.60,16.32
0.8449,0,0.00,0.00,APP_STATE,1333.35,1337.60,16.32
0.8484,0,0.00,0.00,APP_STATE,1333.35,1337.60,16.32
0.8497,0,0.00,0.00,APP_STATE,1333.57,1337.60,15.89
0.8517,0,0.00,0.00,APP_STATE,1333.35,1337.60,16.32
0.8556,0,0.00,0.00,APP_STATE,1333.35,1337.60,16.32
0.8592,0,0.00,0.00,APP_STATE,1333.35,1337.60,16.32
0.8612,0,0.00,0.00,APP_STATE,1333.35,1337.60,16.32
0.8632,0,0.00,0.00,APP_STATE,1333.35,1337.60,16.32
0.8657,0,0.00,0.00,APP_STATE,1333.59,1337.60,15.86
0.8697,0,0.00,0.00,APP_STATE,1333.35,1337.60,16.32
0.8717,0,0.00,0.00,APP_STATE,1333.35,1337.60,16.32
0.8773,0,0.00,0.00,APP_STATE,1333.35,1337.60,16.32
0.8792,0,0.00,0.00,APP_STATE,1333.35,1337.60,16.32
0.8813,0,0.00,0.00,APP_STATE,1333.59,1337.60,15.86
0.8850,0,0.00,0.00,APP_STATE,1333.35,1337.60,16.32
0.8890,0,0.00,0.00,APP_STATE,1333.35,1337.60,16.32
0.8910,0,0.00,0.00,APP_STATE,1333.35,1337.60,16.32
0.8930,0,0.00,0.00,APP_STATE,1333.35,1337.60,16.32
0.8969,0,0.00,0.00,APP_STATE,1333.57,1337.60,15.89
0.8998,0,0.00,0.00,APP_STATE,1333.35,1337.60,16.32
0.9039,0,0.00,0.00,APP_STATE,1333.35,1337.60,16.32
0.9069,0,0.00,0.00,APP_STATE,1333.35,1337.60,16.32
0.9090,0,0.00,0.00,APP_STATE,1333.35,1337.60,16.32
0.9115,0,0.00,0.00,APP_STATE,1333.35,1337.60,16.32
0.9135,0,0.00,0.00,APP_STATE,1333.59,1337.60,15.86
0.9177,0,0.00,0.00,APP_STATE,1333.35,1337.60,16.32
0.9198,0,0.00,0.00,APP_STATE,1333.35,1337.60,16.32
0.9227,0,0.00,0.00,APP_STATE,1333.35,1337.60,16.32
0.9263,0,0.00,0.00,APP_STATE,1333.35,1337.60,16.32
0.9279,0,0.00,0.00,APP_STATE,1333.57,1337.60,15.89
0.9320,0,0.00,0.00,APP_STATE,1333.35,1337.60,16.32
0.9341,0,0.00,0.00,APP_STATE,1333.35,1337.60,16.32
0.9371,0,0.00,0.00,APP_STATE,1333.35,1337.60,16.32
0.9402,0,0.00,0.00,APP_STATE,1333.35,1337.60,16.32
0.9428,0,0.00,0.00,APP_STATE,1333.35,1337.60,16.32
0.9458,0,0.00,0.00,APP_STATE,1333.59,1337.60,15.86
0.9484,0,0.00,0.00,APP_STATE,1333.35,1337.60,16.32
0.9513,0,0.00,0.00,APP_STATE,1333.35,1337.60,16.32
0.9528,0,0.00,0.00,APP_STATE,1333.35,1337.60,16.32
0.9569,0,0.00,0.00,APP_STATE,1333.35,1337.60,16.32
0.9593,0,0.00,0.00,APP_STATE,1333.59,1337.60,15.86
0.9620,0,0.00,0.00,APP_STATE,1333.35,1337.60,16.32
0.9645,0,0.00,0.00,APP_STATE,1333.35,1337.60,16.32
0.9686,0,0.00,0.00,APP_STATE,1333.35,1337.60,16.32
0.9716,0,0.00,0.00,APP_STATE,1333.35,1337.60,16.32
0.9742,0,0.00,0.00,APP_STATE,1333.35,1337.60,16.32
0.9762,0,0.00,0.00,APP_STATE,1333.57,1337.60,15.89
0.9793,0,0.00,0.00,APP_STATE,1333.35,1337.60,16.32
0.9822,0,0.00,0.00,APP_STATE,1333.35,1337.60,16.32
0.9877,0,0.00,0.00,APP_STATE,1333.35,1337.60,16.32
0.9910,0,0.00,0.00,APP_STATE,1333.59,1337.60,15.86
0.9939,0,0.00,0.00,APP_STATE,1333.35,1337.60,16.32
0.9975,0,0.00,0.00,APP_STATE,1333.35,1337.60,16.32
0.9995,0,0.00,0.00,APP_STATE,1333.35,1337.60,16.32
1.0035,0,0.00,0.00,APP_STATE,1333.35,1337.60,16.32
1.0060,0,0.00,0.00,APP_STATE,1333.59,1337.60,15.86
1.0091,0,0.00,0.00,APP_STATE,1333.35,1337.60,16.32
1.0122,0,0.00,0.00,APP_STATE,1333.35,1337.60,16.32
1.0146,0,0.00,0.00,APP_STATE,1333.35,1337.60,16.32
1.0187,0,0.00,0.00,APP_STATE,1333.35,1337.60,16.32
1.0210,0,0.00,0.00,APP_STATE,1333.35,1337.60,16.32
1.0230,0,0.00,0.00,APP_STATE,1333.57,1337.60,15.89
1.0254,0,0.00,0.00,APP_STATE,1333.35,1337.60,16.32
1.0284,0,0.00,0.00,APP_STATE,1333.35,1337.60,16.32
1.0310,0,0.00,0.00,APP_STATE,1333.35,1337.60,16.32
1.0340,0,0.00,0.00,APP_STATE,1333.35,1337.60,16.32
1.0377,0,0.00,0.00,APP_STATE,1333.59,1337.60,15.86
1.0417,0,0.00,0.00,APP_STATE,1333.35,1337.60,16.32
1.0447,0,0.00,0.00,APP_STATE,1333.35,1337.60,16.32
1.0477,0,0.00,0.00,APP_STATE,1333.35,1337.60,16.32
1.0507,0,0.00,0.00,APP_STATE,1333.35,1337.60,16.32
1.0527,0,0.00,0.00,APP_STATE,1333.57,1337.60,15.89
1.0556,0,0.00,0.00,APP_STATE,1333.35,1337.60,16.32
1.0574,0,0.00,0.00,APP_STATE,1333.35,1337.60,16.32
1.0620,0,0.00,0.00,APP_STATE,1333.35,1337.60,16.32
1.0645,0,0.00,0.00,APP_STATE,1333.35,1337.60,16.32
1.0681,0,0.00,0.00,APP_STATE,1333.35,1337.60,16.32
1.0691,0,0.00,0.00,APP_STATE,1333.59,1337.60,15.86
1.0725,0,0.00,0.00,APP_STATE,1333.35,1337.60,16.32
1.0767,0,0.00,0.00,APP_STATE,1333.35,1337.60,16.32
1.0787,0,0.00,0.00,APP_STATE,1333.35,1337.60,16.32
1.0821,0,0.00,0.00,APP_STATE,1333.35,1337.60,16.32
1.0841,0,0.00,0.00,APP_STATE,1333.59,1337.60,15.86
1.0872,0,0.00,0.00,APP_STATE,1333.35,1337.60,16.32
1.0901,0,0.00,0.00,APP_STATE,1333.35,1337.60,16.32
1.0932,0,0.00,0.00,APP_STATE,1333.35,1337.60,16.32
1.0966,0,0.00,0.00,APP_STATE,1333.35,1337.60,16.32
1.0987,0,0.00,0.00,APP_STATE,1333.35,1337.60,16.32
1.1012,0,0.00,0.00,APP_STATE,1333.57,1337.60,15.89
1.1042,0,0.00,0.00,APP_STATE,1333.35,1337.60,16.32
1.1083,0,0.00,0.00,APP_STATE,1333.35,1337.60,16.32
1.1110,0,0.00,0.00,APP_STATE,1333.35,1337.60,16.32
1.1129,0,0.00,0.00,APP_STATE,1333.35,1337.60,16.32
1.1155,0,0.00,0.00,APP_STATE,1333.59,1337.60,15.86
1.1195,0,0.00,0.00,APP_STATE,1333.35,1337.60,16.32
1.1225,0,0.00,0.00,APP_STATE,1333.35,1337.60,16.32
1.1250,0,0.00,0.00,APP_STATE,1333.35,1337.60,16.32
1.1280,0,0.00,0.00,APP_STATE,1333.35,1337.60,16.32
1.1313,0,0.00,0.00,APP_STATE,1333.59,1337.60,15.86
1.1351,0,0.00,0.00,APP_STATE,1333.35,1337.60,16.32
1.1371,0,0.00,0.00,APP_STATE,1333.35,1337.60,16.32
1.1409,0,0.00,0.00,APP_STATE,1333.35,1337.60,16.32
1.1434,0,0.00,0.00,APP_STATE,1333.35,1337.60,16.32
1.1454,0,0.00,0.00,APP_STATE,1333.35,1337.60,16.32
1.1469,0,0.00,0.00,APP_STATE,1333.57,1337.60,15.89
1.1500,0,0.00,0.00,APP_STATE,1333.35,1337.60,16.32
1.1530,0,0.00,0.00,APP_STATE,1333.35,1337.60,16.32
1.1565,0,0.00,0.00,APP_STATE,1333.35,1337.60,16.32
1.1656,-323,48.69,14.61,Touchpad DOWN,1333.35,1337.60,16.32
1.1662,0,0.00,0.00,APP_STATE,1333.33,1591.73,0.00
1.1723,-123,18508.27,5562.70,Touchpad DOWN,1333.33,1591.73,0.00
1.1788,-136,20760.10,10121.92,Touchpad DOWN,1333.33,1591.73,0.00
1.1820,0,0.00,0.00,APP_STATE,1568.48,1683.73,7585.57
1.1975,-291,15584.84,11760.80,Touchpad DOWN,1568.48,1683.73,7585.57
1.1995,-145,71432.24,29662.23,Touchpad DOWN,1568.48,1683.73,7585.57
1.2070,-146,19453.85,26599.72,Touchpad DOWN,1568.48,1683.73,7585.57
1.2165,0,0.00,0.00,APP_STATE,1807.88,1919.07,7475.42
1.2319,0,0.00,0.00,APP_STATE,1854.22,1919.07,3081.12
1.2345,-230,8377.39,21133.02,Touchpad DOWN,1854.22,1919.07,3081.12
1.2345,-56,56000.00,31593.11,Touchpad DOWN,1854.22,1919.07,3081.12
1.2367,0,0.00,0.00,APP_STATE,1866.35,2204.40,12346.18
1.2398,0,0.00,0.00,APP_STATE,1878.57,2204.40,11899.87
1.2429,185,22063.36,28734.19,Touchpad UP,1878.57,2204.40,11899.87
1.2459,0,0.00,0.00,APP_STATE,2020.91,2204.40,8890.31
1.2568,0,0.00,0.00,APP_STATE,2100.90,2204.40,5014.67
1.2632,0,0.00,0.00,APP_STATE,2100.67,1879.82,0.00
1.2642,0,0.00,0.00,APP_STATE,2092.89,1879.82,7781.32
1.2713,0,0.00,0.00,APP_STATE,2004.10,1879.82,5904.54
1.2745,0,0.00,0.00,APP_STATE,1999.62,1879.82,4375.32
1.3531,0,0.00,0.00,APP_STATE,1890.76,1879.82,1628.62
1.3667,0,0.00,0.00,APP_STATE,1889.67,1879.82,62.31
1.3713,0,0.00,0.00,APP_STATE,1889.94,1879.82,58.87
1.3743,-1579,12012.29,13032.01,Touchpad DOWN,1889.94,1879.82,58.87
1.3743,0,0.00,0.00,APP_STATE,1890.00,2240.40,0.00
1.3756,0,0.00,0.00,APP_STATE,1902.35,2240.40,12346.18
1.3776,0,0.00,0.00,APP_STATE,1914.57,2240.40,11899.87
1.3806,0,0.00,0.00,APP_STATE,2056.91,2240.40,8890.31
1.3825,0,0.00,0.00,APP_STATE,2063.14,2240.40,6473.76
1.3841,0,0.00,0.00,APP_STATE,2069.57,2240.40,6238.86
1.3893,-188,12523.29,12879.39,Touchpad DOWN,2069.57,2240.40,6238.86
1.3898,0,0.00,0.00,APP_STATE,2075.36,2240.40,6027.45
1.3976,0,0.00,0.00,APP_STATE,2221.14,2425.73,9720.52
1.4046,0,0.00,0.00,APP_STATE,2228.54,2425.73,7201.94
1.4081,0,0.00,0.00,APP_STATE,2235.61,2425.73,6943.55
1.4107,0,0.00,0.00,APP_STATE,2242.04,2425.73,6708.65
1.4180,0,0.00,0.00,APP_STATE,2322.23,2425.73,5014.67
1.4240,0,0.00,0.00,APP_STATE,2325.65,2425.73,3654.99
1.4320,0,0.00,0.00,APP_STATE,2367.11,2425.73,2785.22
1.4338,0,0.00,0.00,APP_STATE,2368.77,2425.73,1434.34
1.4369,-558,11738.26,9498.34,Touchpad DOWN,2368.77,2425.73,1434.34
1.4495,0,0.00,0.00,APP_STATE,2521.68,2719.07,9563.54
1.4586,0,0.00,0.00,APP_STATE,2528.94,2719.07,6943.55
1.4615,0,0.00,0.00,APP_STATE,2611.81,2719.07,5196.63
1.4696,0,0.00,0.00,APP_STATE,2615.77,2719.07,3772.44
1.4721,-365,10361.77,9757.37,Touchpad DOWN,2615.77,2719.07,3772.44
1.4736,0,0.00,0.00,APP_STATE,2619.63,2719.07,3631.50
1.4758,-40,10770.51,10061.31,Touchpad DOWN,2619.63,2719.07,3631.50
1.4799,0,0.00,0.00,APP_STATE,2765.14,2969.73,9720.52
1.4872,0,0.00,0.00,APP_STATE,2772.54,2969.73,7201.94
1.4892,0,0.00,0.00,APP_STATE,2779.61,2969.73,6943.55
1.4978,0,0.00,0.00,APP_STATE,2862.48,2969.73,5196.63
1.5038,0,0.00,0.00,APP_STATE,2866.44,2969.73,3772.44
1.5155,0,0.00,0.00,APP_STATE,2911.67,2969.73,2813.02
1.5288,0,0.00,0.00,APP_STATE,2929.79,2969.73,1185.99
1.5314,-482,8676.03,7241.18,Touchpad DOWN,2929.79,2969.73,1185.99
1.5349,0,0.00,0.00,APP_STATE,2942.35,3280.40,12346.18
1.5379,0,0.00,0.00,APP_STATE,3090.15,3280.40,9217.83
1.5491,0,0.00,0.00,APP_STATE,3096.71,3280.40,6708.65
1.5521,0,0.00,0.00,APP_STATE,3103.14,3280.40,6473.76
1.5575,0,0.00,0.00,APP_STATE,3177.01,3280.40,4912.04
1.5686,0,0.00,0.00,APP_STATE,3180.96,3280.40,3631.50
1.5704,-248,6353.76,6974.95,Touchpad DOWN,3180.96,3280.40,3631.50
1.5779,0,0.00,0.00,APP_STATE,3333.68,3531.07,9563.54
1.6017,0,0.00,0.00,APP_STATE,3466.25,3531.07,4266.16
1.6165,0,0.00,0.00,APP_STATE,3489.53,3531.07,1470.67
1.6254,0,0.00,0.00,APP_STATE,3490.06,3531.07,726.95
1.6274,-237,4157.08,6129.59,Touchpad DOWN,3490.06,3531.07,726.95
1.6360,0,0.00,0.00,APP_STATE,3622.30,3792.98,8269.21
1.6501,0,0.00,0.00,APP_STATE,3693.15,3792.98,4743.11
1.6622,0,0.00,0.00,APP_STATE,3696.84,3792.98,3510.89
1.6643,-109,2951.01,5176.02,Touchpad DOWN,3696.84,3792.98,3510.89
1.6683,0,0.00,0.00,APP_STATE,3776.80,3880.18,5008.58
1.6827,0,0.00,0.00,APP_STATE,3819.74,3880.18,2871.50
1.6879,0,0.00,0.00,APP_STATE,3821.53,3880.18,1526.85
1.6899,0,0.00,0.00,APP_STATE,3822.79,3880.18,1457.11
1.6919,0,0.00,0.00,APP_STATE,3824.06,3880.18,1389.33
1.7966,0,0.00,0.00,APP_STATE,3868.71,3880.18,670.72
1.8092,0,0.00,0.00,APP_STATE,3869.70,3880.18,68.72
1.8104,-64,438.14,305.12,Touchpad DOWN,3869.70,3880.18,68.72
1.8335,0,0.00,0.00,APP_STATE,3891.06,3931.38,1316.36
1.8370,0,0.00,0.00,APP_STATE,3900.81,3931.38,592.35
1.8476,0,0.00,0.00,APP_STATE,3901.07,3931.38,402.50
1.8556,0,0.00,0.00,APP_STATE,3906.63,3931.38,353.32
1.8586,0,0.00,0.00,APP_STATE,3906.94,3931.38,268.79
1.8622,0,0.00,0.00,APP_STATE,3906.94,3931.38,268.79
1.8646,0,0.00,0.00,APP_STATE,3906.94,3931.38,268.79
1.8677,0,0.00,0.00,APP_STATE,3910.63,3931.38,247.94
1.8707,0,0.00,0.00,APP_STATE,3910.86,3931.38,195.39
1.8745,0,0.00,0.00,APP_STATE,3910.86,3931.38,195.39
1.8765,0,0.00,0.00,APP_STATE,3910.86,3931.38,195.39
1.8798,0,0.00,0.00,APP_STATE,3910.86,3931.38,195.39
1.8819,0,0.00,0.00,APP_STATE,3913.58,3931.38,182.16
1.8839,0,0.00,0.00,APP_STATE,3913.49,3931.38,153.19
1.8874,0,0.00,0.00,APP_STATE,3913.49,3931.38,153.19
1.8894,0,0.00,0.00,APP_STATE,3913.49,3931.38,153.19
1.8924,0,0.00,0.00,APP_STATE,3913.49,3931.38,153.19
1.8954,0,0.00,0.00,APP_STATE,3913.49,3931.38,153.19
1.9046,0,0.00,0.00,APP_STATE,3915.50,3931.38,144.42
1.9068,0,0.00,0.00,APP_STATE,3915.46,3931.38,125.00
1.9093,0,0.00,0.00,APP_STATE,3915.46,3931.38,125.00
1.9108,0,0.00,0.00,APP_STATE,3915.46,3931.38,125.00
1.9145,0,0.00,0.00,APP_STATE,3917.22,3931.38,117.95
1.9219,0,0.00,0.00,APP_STATE,3917.43,3931.38,99.71
1.9308,0,0.00,0.00,APP_STATE,3918.76,3931.38,94.90
1.9343,0,0.00,0.00,APP_STATE,3918.75,3931.38,84.44
1.9383,0,0.00,0.00,APP_STATE,3918.75,3931.38,84.44
1.9403,0,0.00,0.00,APP_STATE,3918.75,3931.38,84.44
1.9443,0,0.00,0.00,APP_STATE,3919.95,3931.38,80.36
1.9479,0,0.00,0.00,APP_STATE,3920.07,3931.38,70.42
1.9509,0,0.00,0.00,APP_STATE,3920.07,3931.38,70.42
1.9537,0,0.00,0.00,APP_STATE,3920.07,3931.38,70.42
1.9588,0,0.00,0.00,APP_STATE,3921.08,3931.38,67.24
1.9603,0,0.00,0.00,APP_STATE,3921.39,3931.38,57.64
1.9678,0,0.00,0.00,APP_STATE,3921.39,3931.38,57.64
1.9708,0,0.00,0.00,APP_STATE,3921.39,3931.38,57.64
1.9728,0,0.00,0.00,APP_STATE,3921.39,3931.38,57.64
1.9809,0,0.00,0.00,APP_STATE,3922.16,3931.38,55.38
1.9840,0,0.00,0.00,APP_STATE,3922.05,3931.38,51.72
1.9875,0,0.00,0.00,APP_STATE,3922.05,3931.38,51.72
1.9902,0,0.00,0.00,APP_STATE,3922.79,3931.38,49.63
1.9932,0,0.00,0.00,APP_STATE,3922.71,3931.38,46.10
1.9952,0,0.00,0.00,APP_STATE,3922.71,3931.38,46.10
1.9978,0,0.00,0.00,APP_STATE,3922.71,3931.38,46.10
2.0008,0,0.00,0.00,APP_STATE,3922.71,3931.38,46.10
2.0048,0,0.00,0.00,APP_STATE,3922.71,3931.38,46.10
2.0068,0,0.00,0.00,APP_STATE,3923.38,3931.38,44.31
2.0094,0,0.00,0.00,APP_STATE,3923.37,3931.38,40.78
2.0129,0,0.00,0.00,APP_STATE,3923.37,3931.38,40.78
2.0144,0,0.00,0.00,APP_STATE,3923.37,3931.38,40.78
2.0164,0,0.00,0.00,APP_STATE,3923.37,3931.38,40.78
2.0194,0,0.00,0.00,APP_STATE,3923.37,3931.38,40.78
2.0224,0,0.00,0.00,APP_STATE,3923.92,3931.38,39.36
2.0290,0,0.00,0.00,APP_STATE,3924.04,3931.38,35.76
2.0328,0,0.00,0.00,APP_STATE,3924.04,3931.38,35.76
2.0359,0,0.00,0.00,APP_STATE,3924.04,3931.38,35.76
2.0385,0,0.00,0.00,APP_STATE,3924.55,3931.38,34.49
2.0405,0,0.00,0.00,APP_STATE,3924.70,3931.38,31.05
2.0500,0,0.00,0.00,APP_STATE,3924.70,3931.38,31.05
2.0538,0,0.00,0.00,APP_STATE,3925.12,3931.38,30.06
2.0580,0,0.00,0.00,APP_STATE,3925.36,3931.38,26.64
2.0611,0,0.00,0.00,APP_STATE,3925.36,3931.38,26.64
2.0631,0,0.00,0.00,APP_STATE,3925.36,3931.38,26.64
2.0656,0,0.00,0.00,APP_STATE,3925.36,3931.38,26.64
2.0711,0,0.00,0.00,APP_STATE,3925.75,3931.38,25.77
2.0742,0,0.00,0.00,APP_STATE,3926.02,3931.38,22.52
2.0784,0,0.00,0.00,APP_STATE,3926.02,3931.38,22.52
2.0809,0,0.00,0.00,APP_STATE,3926.02,3931.38,22.52
2.0850,0,0.00,0.00,APP_STATE,3926.35,3931.38,21.82
2.0879,0,0.00,0.00,APP_STATE,3926.69,3931.38,18.70
2.0909,0,0.00,0.00,APP_STATE,3926.69,3931.38,18.70
2.0939,0,0.00,0.00,APP_STATE,3926.69,3931.38,18.70
2.0958,0,0.00,0.00,APP_STATE,3926.69,3931.38,18.70
2.0991,0,0.00,0.00,APP_STATE,3926.69,3931.38,18.70
2.1002,0,0.00,0.00,APP_STATE,3926.94,3931.38,18.19
2.1042,0,0.00,0.00,APP_STATE,3926.69,3931.38,18.70
2.1057,0,0.00,0.00,APP_STATE,3926.69,3931.38,18.70
2.1087,0,0.00,0.00,APP_STATE,3926.69,3931.38,18.70
2.1113,0,0.00,0.00,APP_STATE,3926.69,3931.38,18.70
2.1143,0,0.00,0.00,APP_STATE,3926.69,3931.38,18.70
2.1178,0,0.00,0.00,APP_STATE,3926.96,3931.38,18.15
2.1198,0,0.00,0.00,APP_STATE,3926.69,3931.38,18.70
2.1228,0,0.00,0.00,APP_STATE,3926.69,3931.38,18.70
2.1248,0,0.00,0.00,APP_STATE,3926.69,3931.38,18.70
2.1278,0,0.00,0.00,APP_STATE,3926.69,3931.38,18.70
2.1312,0,0.00,0.00,APP_STATE,3926.96,3931.38,18.15
2.1341,0,0.00,0.00,APP_STATE,3926.69,3931.38,18.70
2.1371,0,0.00,0.00,APP_STATE,3926.69,3931.38,18.70
2.1401,0,0.00,0.00,APP_STATE,3926.69,3931.38,18.70
2.1421,0,0.00,0.00,APP_STATE,3926.69,3931.38,18.70
2.1461,0,0.00,0.00,APP_STATE,3926.69,3931.38,18.70
2.1476,0,0.00,0.00,APP_STATE,3926.94,3931.38,18.19
2.1496,0,0.00,0.00,APP_STATE,3926.69,3931.38,18.70
2.1526,0,0.00,0.00,APP_STATE,3926.69,3931.38,18.70
2.1556,0,0.00,0.00,APP_STATE,3926.69,3931.38,18.70
2.1587,0,0.00,0.00,APP_STATE,3926.69,3931.38,18.70
2.1623,0,0.00,0.00,APP_STATE,3926.69,3931.38,18.70
2.1642,0,0.00,0.00,APP_STATE,3926.96,3931.38,18.15
2.1672,0,0.00,0.00,APP_STATE,3926.69,3931.38,18.70
2.1702,0,0.00,0.00,APP_STATE,3926.69,3931.38,18.70
2.1737,0,0.00,0.00,APP_STATE,3926.69,3931.38,18.70
2.1764,0,0.00,0.00,APP_STATE,3926.69,3931.38,18.70
2.1779,0,0.00,0.00,APP_STATE,3926.94,3931.38,18.19
2.1814,0,0.00,0.00,APP_STATE,3926.69,3931.38,18.70
2.1825,0,0.00,0.00,APP_STATE,3926.69,3931.38,18.70
2.1860,0,0.00,0.00,APP_STATE,3926.69,3931.38,18.70
2.1890,0,0.00,0.00,APP_STATE,3926.69,3931.38,18.70
2.1926,0,0.00,0.00,APP_STATE,3926.69,3931.38,18.70
2.1936,0,0.00,0.00,APP_STATE,3926.96,3931.38,18.15
2.1971,0,0.00,0.00,APP_STATE,3926.69,3931.38,18.70
2.2010,0,0.00,0.00,APP_STATE,3926.69,3931.38,18.70
2.2030,0,0.00,0.00,APP_STATE,3926.69,3931.38,18.70
2.2117,-242,603.02,180.90,Touchpad DOWN,3926.69,3931.38,18.70
2.2127,0,0.00,0.00,APP_STATE,3926.67,4120.27,0.00
2.2183,-96,14606.35,4508.54,Touchpad DOWN,3926.67,4120.27,0.00
2.2253,0,0.00,0.00,APP_STATE,4161.81,4277.07,7585.57
2.2405,-299,13439.97,7187.97,Touchpad DOWN,4161.81,4277.07,7585.57
2.2470,-100,15360.94,9639.86,Touchpad DOWN,4161.81,4277.07,7585.57
2.2501,0,0.00,0.00,APP_STATE,4315.01,4512.40,9563.54
2.2599,0,0.00,0.00,APP_STATE,4401.39,4512.40,5378.58
2.2678,0,0.00,0.00,APP_STATE,4405.25,4512.40,3913.38
2.2865,0,0.00,0.00,APP_STATE,4449.88,4512.40,2970.16
2.2886,-181,4360.61,5744.63,Touchpad DOWN,4449.88,4512.40,2970.16
2.2896,-27,27072.96,12143.13,Touchpad DOWN,4449.88,4512.40,2970.16
2.2926,0,0.00,0.00,APP_STATE,4576.88,4740.55,7929.91
2.3012,0,0.00,0.00,APP_STATE,4582.44,4740.55,5774.18
2.3032,0,0.00,0.00,APP_STATE,4648.36,4740.55,4379.74
2.3088,0,0.00,0.00,APP_STATE,4651.90,4740.55,3237.29
2.3575,0,0.00,0.00,APP_STATE,4724.14,4740.55,1534.91
2.3649,0,0.00,0.00,APP_STATE,4724.13,4740.55,131.80
2.3673,-986,12680.01,8010.77,Touchpad DOWN,4724.13,4740.55,131.80
2.3683,0,0.00,0.00,APP_STATE,4725.99,4740.55,124.21
2.3749,0,0.00,0.00,APP_STATE,4738.35,5076.40,12346.18
2.3787,0,0.00,0.00,APP_STATE,4750.57,5076.40,11899.87
2.3845,0,0.00,0.00,APP_STATE,4892.91,5076.40,8890.31
2.3933,0,0.00,0.00,APP_STATE,4899.14,5076.40,6473.76
2.3953,-313,11172.63,8959.33,Touchpad DOWN,4899.14,5076.40,6473.76
2.3968,0,0.00,0.00,APP_STATE,4973.01,5076.40,4912.04
2.4038,-97,11392.78,9689.36,Touchpad DOWN,4973.01,5076.40,4912.04
2.4053,0,0.00,0.00,APP_STATE,4985.68,5323.73,12346.18
2.4124,0,0.00,0.00,APP_STATE,5139.01,5336.40,9563.54
2.4183,0,0.00,0.00,APP_STATE,5146.28,5336.40,6943.55
2.4213,0,0.00,0.00,APP_STATE,5152.71,5336.40,6708.65
2.4245,0,0.00,0.00,APP_STATE,5159.14,5336.40,6473.76
2.4266,0,0.00,0.00,APP_STATE,5165.57,5336.40,6238.86
2.4286,0,0.00,0.00,APP_STATE,5236.52,5336.40,4745.60
2.4361,0,0.00,0.00,APP_STATE,5240.18,5336.40,3514.06
2.4397,0,0.00,0.00,APP_STATE,5243.40,5336.40,3396.61
2.4417,0,0.00,0.00,APP_STATE,5246.61,5336.40,3279.16
2.4437,-391,9814.32,9726.85,Touchpad DOWN,5246.61,5336.40,3279.16
2.4457,0,0.00,0.00,APP_STATE,5399.68,5597.07,9563.54
2.4587,0,0.00,0.00,APP_STATE,5486.06,5597.07,5378.58
2.4660,0,0.00,0.00,APP_STATE,5489.91,5597.07,3913.38
2.4686,0,0.00,0.00,APP_STATE,5493.77,5597.07,3772.44
2.5329,0,0.00,0.00,APP_STATE,5585.92,5597.07,1482.55
2.5409,0,0.00,0.00,APP_STATE,5587.03,5597.07,64.35
2.5429,-644,6492.39,2823.41,Touchpad DOWN,5587.03,5597.07,64.35
2.5494,0,0.00,0.00,APP_STATE,5599.68,5937.73,12346.18
2.5525,0,0.00,0.00,APP_STATE,5740.53,5937.73,9369.13
2.5592,0,0.00,0.00,APP_STATE,5747.61,5937.73,6943.55
2.5731,-137,4538.00,3337.78,Touchpad DOWN,5747.61,5937.73,6943.55
2.5741,0,0.00,0.00,APP_STATE,5830.48,5937.73,5196.63
2.5815,0,0.00,0.00,APP_STATE,5834.44,5937.73,3772.44
2.5892,-61,3787.94,3472.83,Touchpad DOWN,5834.44,5937.73,3772.44
2.5912,0,0.00,0.00,APP_STATE,5930.51,6054.15,5990.52
2.5991,0,0.00,0.00,APP_STATE,5939.32,6176.15,8649.63
2.6031,0,0.00,0.00,APP_STATE,6037.88,6176.15,6569.70
2.6091,0,0.00,0.00,APP_STATE,6042.87,6176.15,4867.80
2.6134,0,0.00,0.00,APP_STATE,6047.37,6176.15,4703.37
2.6209,0,0.00,0.00,APP_STATE,6103.59,6176.15,3515.93
2.6272,0,0.00,0.00,APP_STATE,6105.63,6176.15,2292.32
2.6302,0,0.00,0.00,APP_STATE,6107.49,6176.15,2158.06
2.6325,0,0.00,0.00,APP_STATE,6133.52,6176.15,1636.52
2.6370,0,0.00,0.00,APP_STATE,6134.10,6176.15,764.82
2.6400,-128,2518.49,2254.46,Touchpad DOWN,6134.10,6176.15,764.82
2.6400,0,0.00,0.00,APP_STATE,6134.74,6176.15,741.47
2.6480,0,0.00,0.00,APP_STATE,6195.97,6281.99,4086.81
2.6540,0,0.00,0.00,APP_STATE,6199.03,6281.99,3029.66
2.6565,0,0.00,0.00,APP_STATE,6202.25,6281.99,2912.22
2.6591,0,0.00,0.00,APP_STATE,6204.82,6281.99,2817.64
2.6649,0,0.00,0.00,APP_STATE,6237.39,6281.99,2045.03
2.6673,0,0.00,0.00,APP_STATE,6238.16,6281.99,831.08
2.7147,0,0.00,0.00,APP_STATE,6263.56,6281.99,543.74
2.7226,0,0.00,0.00,APP_STATE,6263.50,6281.99,162.36
2.7261,0,0.00,0.00,APP_STATE,6265.63,6281.99,152.83
2.7371,0,0.00,0.00,APP_STATE,6265.47,6281.99,133.27
2.7416,0,0.00,0.00,APP_STATE,6267.34,6281.99,125.56
2.7446,0,0.00,0.00,APP_STATE,6267.44,6281.99,107.10
2.7491,0,0.00,0.00,APP_STATE,6267.44,6281.99,107.10
2.7511,0,0.00,0.00,APP_STATE,6267.44,6281.99,107.10
2.7546,0,0.00,0.00,APP_STATE,6267.44,6281.99,107.10
2.7571,0,0.00,0.00,APP_STATE,6268.96,6281.99,101.43
2.7597,0,0.00,0.00,APP_STATE,6268.76,6281.99,91.25
2.7627,0,0.00,0.00,APP_STATE,6268.76,6281.99,91.25
2.7647,0,0.00,0.00,APP_STATE,6268.76,6281.99,91.25
2.7680,0,0.00,0.00,APP_STATE,6268.76,6281.99,91.25
2.7719,0,0.00,0.00,APP_STATE,6269.97,6281.99,87.00
2.7797,0,0.00,0.00,APP_STATE,6270.08,6281.99,76.66
2.7822,0,0.00,0.00,APP_STATE,6270.08,6281.99,76.66
2.7856,0,0.00,0.00,APP_STATE,6270.08,6281.99,76.66
2.7901,0,0.00,0.00,APP_STATE,6271.17,6281.99,73.09
2.7921,0,0.00,0.00,APP_STATE,6271.40,6281.99,63.32
2.7941,-62,402.38,148.84,Touchpad DOWN,6271.40,6281.99,63.32
2.8006,0,0.00,0.00,APP_STATE,6272.86,6331.59,1530.85
2.8044,0,0.00,0.00,APP_STATE,6291.16,6331.59,1232.74
2.8065,0,0.00,0.00,APP_STATE,6292.01,6331.59,677.13
2.8090,0,0.00,0.00,APP_STATE,6292.66,6331.59,655.35
2.8136,0,0.00,0.00,APP_STATE,6293.30,6331.59,633.97
2.8178,0,0.00,0.00,APP_STATE,6293.95,6331.59,612.99
2.8209,0,0.00,0.00,APP_STATE,6302.44,6331.59,527.27
2.8284,0,0.00,0.00,APP_STATE,6303.03,6331.59,359.55
2.8324,0,0.00,0.00,APP_STATE,6303.68,6331.59,344.23
2.8356,0,0.00,0.00,APP_STATE,6308.82,6331.59,301.37
2.8386,0,0.00,0.00,APP_STATE,6308.90,6331.59,234.40
2.8406,0,0.00,0.00,APP_STATE,6308.90,6331.59,234.40
2.8426,0,0.00,0.00,APP_STATE,6308.90,6331.59,234.40
2.8456,0,0.00,0.00,APP_STATE,6308.90,6331.59,234.40
2.8521,0,0.00,0.00,APP_STATE,6311.94,6331.59,218.34
2.8632,0,0.00,0.00,APP_STATE,6312.18,6331.59,176.95
2.8657,0,0.00,0.00,APP_STATE,6314.65,6331.59,165.45
2.8693,0,0.00,0.00,APP_STATE,6314.80,6331.59,136.98
2.8723,0,0.00,0.00,APP_STATE,6314.80,6331.59,136.98
2.8758,0,0.00,0.00,APP_STATE,6314.80,6331.59,136.98
2.8788,0,0.00,0.00,APP_STATE,6314.80,6331.59,136.98
2.8823,0,0.00,0.00,APP_STATE,6316.73,6331.59,128.97
2.8849,0,0.00,0.00,APP_STATE,6316.78,6331.59,110.42
2.8871,0,0.00,0.00,APP_STATE,6316.78,6331.59,110.42
2.8895,0,0.00,0.00,APP_STATE,6316.78,6331.59,110.42
2.8926,0,0.00,0.00,APP_STATE,6316.78,6331.59,110.42
2.8956,0,0.00,0.00,APP_STATE,6316.78,6331.59,110.42
2.9021,0,0.00,0.00,APP_STATE,6318.24,6331.59,104.88
2.9066,0,0.00,0.00,APP_STATE,6318.09,6331.59,94.32
2.9086,0,0.00,0.00,APP_STATE,6318.09,6331.59,94.32
2.9098,0,0.00,0.00,APP_STATE,6318.09,6331.59,94.32
2.9133,0,0.00,0.00,APP_STATE,6319.43,6331.59,89.56
2.9158,0,0.00,0.00,APP_STATE,6319.41,6331.59,79.48
2.9178,0,0.00,0.00,APP_STATE,6319.41,6331.59,79.48
2.9258,0,0.00,0.00,APP_STATE,6319.41,6331.59,79.48
2.9298,0,0.00,0.00,APP_STATE,6320.47,6331.59,75.97
2.9323,0,0.00,0.00,APP_STATE,6320.73,6331.59,65.89
2.9349,0,0.00,0.00,APP_STATE,6320.73,6331.59,65.89
2.9374,0,0.00,0.00,APP_STATE,6320.73,6331.59,65.89
2.9384,0,0.00,0.00,APP_STATE,6320.73,6331.59,65.89
2.9404,0,0.00,0.00,APP_STATE,6320.73,6331.59,65.89
2.9500,0,0.00,0.00,APP_STATE,6321.67,6331.59,62.99
2.9550,0,0.00,0.00,APP_STATE,6322.05,6331.59,53.54
2.9593,0,0.00,0.00,APP_STATE,6322.82,6331.59,51.35
2.9660,0,0.00,0.00,APP_STATE,6322.71,6331.59,47.82
2.9680,0,0.00,0.00,APP_STATE,6322.71,6331.59,47.82
2.9715,0,0.00,0.00,APP_STATE,6322.71,6331.59,47.82
2.9781,0,0.00,0.00,APP_STATE,6323.36,6331.59,46.07
2.9821,0,0.00,0.00,APP_STATE,6323.38,6331.59,42.41
2.9852,0,0.00,0.00,APP_STATE,6323.38,6331.59,42.41
2.9870,0,0.00,0.00,APP_STATE,6323.38,6331.59,42.41
2.9896,0,0.00,0.00,APP_STATE,6323.38,6331.59,42.41
2.9921,0,0.00,0.00,APP_STATE,6323.99,6331.59,40.82
2.9931,0,0.00,0.00,APP_STATE,6324.04,6331.59,37.30
2.9951,0,0.00,0.00,APP_STATE,6324.04,6331.59,37.30
2.9987,0,0.00,0.00,APP_STATE,6324.04,6331.59,37.30
3.0007,0,0.00,0.00,APP_STATE,6324.04,6331.59,37.30
3.0027,0,0.00,0.00,APP_STATE,6324.04,6331.59,37.30
3.0060,0,0.00,0.00,APP_STATE,6324.58,6331.59,35.96
3.0078,0,0.00,0.00,APP_STATE,6324.70,6331.59,32.49
3.0100,0,0.00,0.00,APP_STATE,6324.70,6331.59,32.49
3.0133,0,0.00,0.00,APP_STATE,6324.70,6331.59,32.49
3.0143,0,0.00,0.00,APP_STATE,6324.70,6331.59,32.49
3.0175,0,0.00,0.00,APP_STATE,6324.70,6331.59,32.49
3.0215,0,0.00,0.00,APP_STATE,6324.70,6331.59,32.49
3.0226,0,0.00,0.00,APP_STATE,6325.14,6331.59,31.45
3.0251,0,0.00,0.00,APP_STATE,6325.36,6331.59,27.99
3.0271,0,0.00,0.00,APP_STATE,6325.36,6331.59,27.99
3.0291,0,0.00,0.00,APP_STATE,6325.36,6331.59,27.99
3.0316,0,0.00,0.00,APP_STATE,6325.36,6331.59,27.99
3.0342,0,0.00,0.00,APP_STATE,6325.36,6331.59,27.99
3.0362,0,0.00,0.00,APP_STATE,6325.36,6331.59,27.99
3.0382,0,0.00,0.00,APP_STATE,6325.77,6331.59,27.07
3.0412,0,0.00,0.00,APP_STATE,6326.02,6331.59,23.78
3.0432,0,0.00,0.00,APP_STATE,6326.02,6331.59,23.78
3.0468,0,0.00,0.00,APP_STATE,6326.02,6331.59,23.78
3.0483,0,0.00,0.00,APP_STATE,6326.02,6331.59,23.78
3.0523,0,0.00,0.00,APP_STATE,6326.02,6331.59,23.78
3.0543,0,0.00,0.00,APP_STATE,6326.35,6331.59,23.08
3.0569,0,0.00,0.00,APP_STATE,6326.69,6331.59,19.86
3.0594,0,0.00,0.00,APP_STATE,6326.69,6331.59,19.86
3.0619,0,0.00,0.00,APP_STATE,6326.69,6331.59,19.86
3.0629,0,0.00,0.00,APP_STATE,6326.69,6331.59,19.86
3.0725,0,0.00,0.00,APP_STATE,6326.98,6331.59,19.27
3.0760,0,0.00,0.00,APP_STATE,6326.69,6331.59,19.86
3.0775,0,0.00,0.00,APP_STATE,6326.69,6331.59,19.86
3.0806,0,0.00,0.00,APP_STATE,6326.69,6331.59,19.86
3.0838,0,0.00,0.00,APP_STATE,6326.98,6331.59,19.27
3.0850,0,0.00,0.00,APP_STATE,6326.69,6331.59,19.86
3.0870,0,0.00,0.00,APP_STATE,6326.69,6331.59,19.86
3.0890,0,0.00,0.00,APP_STATE,6326.69,6331.59,19.86
3.0904,0,0.00,0.00,APP_STATE,6326.69,6331.59,19.86
3.0948,0,0.00,0.00,APP_STATE,6326.69,6331.59,19.86
3.0978,0,0.00,0.00,APP_STATE,6326.69,6331.59,19.86
3.1004,0,0.00,0.00,APP_STATE,6326.96,6331.59,19.31
3.1044,0,0.00,0.00,APP_STATE,6326.69,6331.59,19.86
3.1059,0,0.00,0.00,APP_STATE,6326.69,6331.59,19.86
3.1101,0,0.00,0.00,APP_STATE,6326.69,6331.59,19.86
3.1111,0,0.00,0.00,APP_STATE,6326.69,6331.59,19.86
3.1132,0,0.00,0.00,APP_STATE,6326.69,6331.59,19.86
3.1177,0,0.00,0.00,APP_STATE,6326.98,6331.59,19.27
3.1187,0,0.00,0.00,APP_STATE,6326.69,6331.59,19.86
3.1207,0,0.00,0.00,APP_STATE,6326.69,6331.59,19.86
3.1227,0,0.00,0.00,APP_STATE,6326.69,6331.59,19.86
3.1257,0,0.00,0.00,APP_STATE,6326.69,6331.59,19.86
3.1287,0,0.00,0.00,APP_STATE,6326.69,6331.59,19.86
3.1312,0,0.00,0.00,APP_STATE,6326.98,6331.59,19.27
3.1342,0,0.00,0.00,APP_STATE,6326.69,6331.59,19.86
3.1382,0,0.00,0.00,APP_STATE,6326.69,6331.59,19.86
3.1402,0,0.00,0.00,APP_STATE,6326.69,6331.59,19.86
3.1442,0,0.00,0.00,APP_STATE,6326.69,6331.59,19.86
3.1475,0,0.00,0.00,APP_STATE,6326.96,6331.59,19.31
3.1512,0,0.00,0.00,APP_STATE,6326.69,6331.59,19.86
3.1542,0,0.00,0.00,APP_STATE,6326.69,6331.59,19.86
3.1567,0,0.00,0.00,APP_STATE,6326.69,6331.59,19.86
3.1599,0,0.00,0.00,APP_STATE,6326.69,6331.59,19.86
3.1691,161,429.27,128.78,Touchpad UP,6326.69,6331.59,19.86
3.1691,0,0.00,0.00,APP_STATE,6326.67,6197.87,0.00
3.1760,81,11728.88,3608.81,Touchpad UP,6326.67,6197.87,0.00
3.1823,79,12612.29,6309.85,Touchpad UP,6326.67,6197.87,0.00
3.1903,0,0.00,0.00,APP_STATE,6091.52,5976.27,7585.57
3.2039,221,10226.51,7484.85,Touchpad UP,6091.52,5976.27,7585.57
3.2109,66,9452.76,8075.22,Touchpad UP,6091.52,5976.27,7585.57
3.2214,0,0.00,0.00,APP_STATE,5852.12,5740.93,7475.42
3.2378,0,0.00,0.00,APP_STATE,5805.78,5740.93,3081.12
3.2427,0,0.00,0.00,APP_STATE,5782.47,5740.93,1470.67
3.2487,0,0.00,0.00,APP_STATE,5781.94,5740.93,726.95
3.2517,0,0.00,0.00,APP_STATE,5781.30,5740.93,704.27
3.2547,141,3218.47,6618.20,Touchpad UP,5781.30,5740.93,704.27
3.2572,0,0.00,0.00,APP_STATE,5710.74,5619.67,4412.22
3.2605,0,0.00,0.00,APP_STATE,5707.46,5619.67,3206.11
3.3018,0,0.00,0.00,APP_STATE,5648.51,5619.67,1897.69
3.3126,0,0.00,0.00,APP_STATE,5643.70,5619.67,331.40
3.3157,454,7438.57,5226.49,Touchpad UP,5643.70,5619.67,331.40
3.3188,0,0.00,0.00,APP_STATE,5490.99,5293.60,9563.54
3.3228,0,0.00,0.00,APP_STATE,5483.72,5293.60,6943.55
3.3270,0,0.00,0.00,APP_STATE,5477.29,5293.60,6708.65
3.3501,0,0.00,0.00,APP_STATE,5354.03,5293.60,3977.52
3.3645,0,0.00,0.00,APP_STATE,5352.46,5293.60,1538.71
3.3831,0,0.00,0.00,APP_STATE,5319.99,5293.60,1021.18
3.3865,0,0.00,0.00,APP_STATE,5319.70,5293.60,303.53
3.3885,0,0.00,0.00,APP_STATE,5319.70,5293.60,303.53
3.3895,0,0.00,0.00,APP_STATE,5319.70,5293.60,303.53
3.4075,0,0.00,0.00,APP_STATE,5315.80,5293.60,280.28
3.4156,0,0.00,0.00,APP_STATE,5312.66,5293.60,208.73
3.4166,0,0.00,0.00,APP_STATE,5312.50,5293.60,168.76
3.4269,0,0.00,0.00,APP_STATE,5312.50,5293.60,168.76
3.4299,390,3415.28,1221.03,Touchpad UP,5312.50,5293.60,168.76
3.4320,0,0.00,0.00,APP_STATE,5166.86,4962.27,9720.52
3.4351,0,0.00,0.00,APP_STATE,5159.46,4962.27,7201.94
3.4381,0,0.00,0.00,APP_STATE,5152.39,4962.27,6943.55
3.4401,0,0.00,0.00,APP_STATE,5145.96,4962.27,6708.65
3.4430,0,0.00,0.00,APP_STATE,5139.53,4962.27,6473.76
3.4450,0,0.00,0.00,APP_STATE,5062.01,4962.27,4832.72
3.4491,0,0.00,0.00,APP_STATE,5058.49,4962.27,3514.06
3.4629,0,0.00,0.00,APP_STATE,5016.57,4962.27,2631.07
3.4809,0,0.00,0.00,APP_STATE,5000.77,4962.27,1059.50
3.4885,0,0.00,0.00,APP_STATE,5000.05,4962.27,617.60
3.4915,0,0.00,0.00,APP_STATE,4991.50,4962.27,531.07
3.4925,0,0.00,0.00,APP_STATE,4990.97,4962.27,362.99
3.4965,0,0.00,0.00,APP_STATE,4990.32,4962.27,347.59
3.5132,0,0.00,0.00,APP_STATE,4985.13,4962.27,304.25
3.5204,0,0.00,0.00,APP_STATE,4985.10,4962.27,237.14
3.5240,0,0.00,0.00,APP_STATE,4982.02,4962.27,220.81
3.5356,0,0.00,0.00,APP_STATE,4981.82,4962.27,179.32
3.5387,0,0.00,0.00,APP_STATE,4979.32,4962.27,167.60
3.5412,0,0.00,0.00,APP_STATE,4979.19,4962.27,139.06
3.5442,0,0.00,0.00,APP_STATE,4979.19,4962.27,139.06
3.5476,0,0.00,0.00,APP_STATE,4979.19,4962.27,139.06
3.5506,0,0.00,0.00,APP_STATE,4979.19,4962.27,139.06
3.5536,0,0.00,0.00,APP_STATE,4977.36,4962.27,131.40
3.5597,0,0.00,0.00,APP_STATE,4977.22,4962.27,112.29
3.5627,0,0.00,0.00,APP_STATE,4977.22,4962.27,112.29
3.5637,0,0.00,0.00,APP_STATE,4977.22,4962.27,112.29
3.5725,0,0.00,0.00,APP_STATE,4975.63,4962.27,106.22
3.5781,0,0.00,0.00,APP_STATE,4975.24,4962.27,88.39
3.5806,76,504.41,168.04,Touchpad UP,4975.24,4962.27,88.39
3.5836,0,0.00,0.00,APP_STATE,4972.97,4901.47,2364.62
3.5866,0,0.00,0.00,APP_STATE,4944.73,4901.47,1746.26
3.5987,0,0.00,0.00,APP_STATE,4943.89,4901.47,778.28
3.6057,0,0.00,0.00,APP_STATE,4933.98,4901.47,667.80
3.6070,0,0.00,0.00,APP_STATE,4933.55,4901.47,448.95
3.6118,0,0.00,0.00,APP_STATE,4932.90,4901.47,431.64
3.6327,0,0.00,0.00,APP_STATE,4921.80,4901.47,339.61
3.6402,0,0.00,0.00,APP_STATE,4921.81,4901.47,192.43
3.6459,0,0.00,0.00,APP_STATE,4921.81,4901.47,192.43
3.6479,0,0.00,0.00,APP_STATE,4919.30,4901.47,180.30
3.6519,0,0.00,0.00,APP_STATE,4919.18,4901.47,150.58
3.6530,0,0.00,0.00,APP_STATE,4919.18,4901.47,150.58
3.6611,0,0.00,0.00,APP_STATE,4919.18,4901.47,150.58
3.6704,0,0.00,0.00,APP_STATE,4917.07,4901.47,141.43
3.6770,0,0.00,0.00,APP_STATE,4917.21,4901.47,122.65
3.6800,0,0.00,0.00,APP_STATE,4915.59,4901.47,116.23
3.6830,0,0.00,0.00,APP_STATE,4915.24,4901.47,97.61
3.6854,0,0.00,0.00,APP_STATE,4915.24,4901.47,97.61
3.6954,0,0.00,0.00,APP_STATE,4913.85,4901.47,92.62
3.7025,0,0.00,0.00,APP_STATE,4913.92,4901.47,82.50
3.7045,0,0.00,0.00,APP_STATE,4913.92,4901.47,82.50
3.7165,0,0.00,0.00,APP_STATE,4912.74,4901.47,78.55
3.7241,0,0.00,0.00,APP_STATE,4912.60,4901.47,68.65
3.7272,0,0.00,0.00,APP_STATE,4911.68,4901.47,65.78
3.7293,0,0.00,0.00,APP_STATE,4911.94,4901.47,62.19
3.7394,0,0.00,0.00,APP_STATE,4911.94,4901.47,62.19
3.7424,0,0.00,0.00,APP_STATE,4911.05,4901.47,59.51
3.7459,0,0.00,0.00,APP_STATE,4911.28,4901.47,56.04
3.7490,0,0.00,0.00,APP_STATE,4911.28,4901.47,56.04
3.7555,0,0.00,0.00,APP_STATE,4911.28,4901.47,56.04
3.7578,0,0.00,0.00,APP_STATE,4910.47,4901.47,53.72
3.7588,0,0.00,0.00,APP_STATE,4910.62,4901.47,50.20
3.7615,0,0.00,0.00,APP_STATE,4910.62,4901.47,50.20
3.7644,0,0.00,0.00,APP_STATE,4910.62,4901.47,50.20
3.7665,0,0.00,0.00,APP_STATE,4910.62,4901.47,50.20
3.7696,0,0.00,0.00,APP_STATE,4910.62,4901.47,50.20
3.7717,0,0.00,0.00,APP_STATE,4909.94,4901.47,48.32
3.7743,0,0.00,0.00,APP_STATE,4909.96,4901.47,44.66
3.7779,0,0.00,0.00,APP_STATE,4909.96,4901.47,44.66
3.7799,0,0.00,0.00,APP_STATE,4909.96,4901.47,44.66
3.7824,0,0.00,0.00,APP_STATE,4909.96,4901.47,44.66
3.7849,0,0.00,0.00,APP_STATE,4909.96,4901.47,44.66
3.7880,0,0.00,0.00,APP_STATE,4909.31,4901.47,42.95
3.7900,0,0.00,0.00,APP_STATE,4909.29,4901.47,39.42
3.7915,0,0.00,0.00,APP_STATE,4909.29,4901.47,39.42
3.7936,0,0.00,0.00,APP_STATE,4909.29,4901.47,39.42
3.7966,0,0.00,0.00,APP_STATE,4909.29,4901.47,39.42
3.7993,0,0.00,0.00,APP_STATE,4909.29,4901.47,39.42
3.8033,0,0.00,0.00,APP_STATE,4908.76,4901.47,38.07
3.8092,0,0.00,0.00,APP_STATE,4908.63,4901.47,34.48
3.8137,0,0.00,0.00,APP_STATE,4908.63,4901.47,34.48
3.8255,0,0.00,0.00,APP_STATE,4908.13,4901.47,33.27
3.8331,0,0.00,0.00,APP_STATE,4907.97,4901.47,29.85
3.8353,0,0.00,0.00,APP_STATE,4907.54,4901.47,28.85
3.8458,0,0.00,0.00,APP_STATE,4907.31,4901.47,25.51
3.8490,0,0.00,0.00,APP_STATE,4907.31,4901.47,25.51
3.8530,0,0.00,0.00,APP_STATE,4906.96,4901.47,24.75
3.8585,0,0.00,0.00,APP_STATE,4906.65,4901.47,21.48
3.8616,0,0.00,0.00,APP_STATE,4906.65,4901.47,21.48
3.8703,0,0.00,0.00,APP_STATE,4906.33,4901.47,20.82
3.8795,0,0.00,0.00,APP_STATE,4906.65,4901.47,21.48
3.8820,0,0.00,0.00,APP_STATE,4906.33,4901.47,20.82
3.8850,0,0.00,0.00,APP_STATE,4906.65,4901.47,21.48
3.8875,0,0.00,0.00,APP_STATE,4906.65,4901.47,21.48
3.8895,0,0.00,0.00,APP_STATE,4906.65,4901.47,21.48
3.8928,0,0.00,0.00,APP_STATE,4906.65,4901.47,21.48
3.8948,0,0.00,0.00,APP_STATE,4906.65,4901.47,21.48
3.8968,0,0.00,0.00,APP_STATE,4906.35,4901.47,20.87
3.9009,0,0.00,0.00,APP_STATE,4906.65,4901.47,21.48
3.9029,0,0.00,0.00,APP_STATE,4906.65,4901.47,21.48
3.9054,0,0.00,0.00,APP_STATE,4906.65,4901.47,21.48
3.9074,0,0.00,0.00,APP_STATE,4906.65,4901.47,21.48
3.9100,0,0.00,0.00,APP_STATE,4906.65,4901.47,21.48
3.9119,0,0.00,0.00,APP_STATE,4906.33,4901.47,20.82
3.9130,0,0.00,0.00,APP_STATE,4906.65,4901.47,21.48
3.9169,0,0.00,0.00,APP_STATE,4906.65,4901.47,21.48
3.9189,0,0.00,0.00,APP_STATE,4906.65,4901.47,21.48
3.9219,0,0.00,0.00,APP_STATE,4906.65,4901.47,21.48
3.9244,0,0.00,0.00,APP_STATE,4906.65,4901.47,21.48
3.9274,0,0.00,0.00,APP_STATE,4906.65,4901.47,21.48
3.9296,0,0.00,0.00,APP_STATE,4906.35,4901.47,20.87
3.9316,0,0.00,0.00,APP_STATE,4906.65,4901.47,21.48
3.9342,0,0.00,0.00,APP_STATE,4906.65,4901.47,21.48
3.9372,0,0.00,0.00,APP_STATE,4906.65,4901.47,21.48
3.9392,0,0.00,0.00,APP_STATE,4906.65,4901.47,21.48
3.9422,0,0.00,0.00,APP_STATE,4906.65,4901.47,21.48
3.9432,0,0.00,0.00,APP_STATE,4906.33,4901.47,20.82
3.9452,0,0.00,0.00,APP_STATE,4906.65,4901.47,21.48
3.9477,0,0.00,0.00,APP_STATE,4906.65,4901.47,21.48
3.9504,0,0.00,0.00,APP_STATE,4906.65,4901.47,21.48
3.9534,0,0.00,0.00,APP_STATE,4906.65,4901.47,21.48
3.9564,0,0.00,0.00,APP_STATE,4906.65,4901.47,21.48
3.9589,0,0.00,0.00,APP_STATE,4906.65,4901.47,21.48
3.9600,0,0.00,0.00,APP_STATE,4906.33,4901.47,20.82
3.9630,0,0.00,0.00,APP_STATE,4906.65,4901.47,21.48
3.9655,0,0.00,0.00,APP_STATE,4906.65,4901.47,21.48
3.9689,0,0.00,0.00,APP_STATE,4906.65,4901.47,21.48
3.9709,0,0.00,0.00,APP_STATE,4906.65,4901.47,21.48
3.9740,0,0.00,0.00,APP_STATE,4906.65,4901.47,21.48
3.9751,0,0.00,0.00,APP_STATE,4906.35,4901.47,20.87
3.9771,0,0.00,0.00,APP_STATE,4906.65,4901.47,21.48
3.9791,0,0.00,0.00,APP_STATE,4906.65,4901.47,21.48
3.9817,0,0.00,0.00,APP_STATE,4906.65,4901.47,21.48
3.9850,0,0.00,0.00,APP_STATE,4906.65,4901.47,21.48
3.9880,0,0.00,0.00,APP_STATE,4906.65,4901.47,21.48
3.9900,0,0.00,0.00,APP_STATE,4906.33,4901.47,20.82
3.9930,0,0.00,0.00,APP_STATE,4906.65,4901.47,21.48
3.9954,0,0.00,0.00,APP_STATE,4906.65,4901.47,21.48
3.9980,0,0.00,0.00,APP_STATE,4906.65,4901.47,21.48
4.0010,0,0.00,0.00,APP_STATE,4906.65,4901.47,21.48
4.0030,0,0.00,0.00,APP_STATE,4906.65,4901.47,21.48
4.0055,0,0.00,0.00,APP_STATE,4906.65,4901.47,21.48
4.0065,0,0.00,0.00,APP_STATE,4906.33,4901.47,20.82
4.0096,0,0.00,0.00,APP_STATE,4906.65,4901.47,21.48
4.0132,0,0.00,0.00,APP_STATE,4906.65,4901.47,21.48
4.0354,0,0.00,0.00,APP_STATE,4906.35,4901.47,20.87
4.0511,-223,473.99,142.20,Touchpad DOWN,4906.35,4901.47,20.87
4.0521,0,0.00,0.00,APP_STATE,4906.67,5085.07,0.00
4.0568,-91,15949.92,4884.51,Touchpad DOWN,4906.67,5085.07,0.00
4.0623,0,0.00,0.00,APP_STATE,5101.38,5196.81,6281.22
4.0787,-201,9151.21,6164.52,Touchpad DOWN,5101.38,5196.81,6281.22
4.0797,-106,106007.68,36117.47,Touchpad DOWN,5101.38,5196.81,6281.22
4.0863,-105,16056.65,30099.23,Touchpad DOWN,5101.38,5196.81,6281.22
4.0933,-60,8502.83,23620.31,Touchpad DOWN,5101.38,5196.81,6281.22
4.0943,0,0.00,0.00,APP_STATE,5340.54,5451.73,7475.42
4.1228,0,0.00,0.00,APP_STATE,5415.20,5451.73,2404.41
4.1290,0,0.00,0.00,APP_STATE,5415.89,5451.73,556.76
4.1325,333,8500.52,19084.37,Touchpad UP,5415.89,5451.73,556.76
4.1325,0,0.00,0.00,APP_STATE,5452.56,5499.73,2285.35
4.1356,0,0.00,0.00,APP_STATE,5452.67,5102.27,0.00
4.1386,0,0.00,0.00,APP_STATE,5440.32,5102.27,12346.18
4.1426,0,0.00,0.00,APP_STATE,5428.10,5102.27,11899.87
4.1448,0,0.00,0.00,APP_STATE,5416.52,5102.27,11477.06
4.1474,0,0.00,0.00,APP_STATE,5285.84,5102.27,8721.84
4.1494,0,0.00,0.00,APP_STATE,5279.53,5102.27,6473.76
4.1986,0,0.00,0.00,APP_STATE,5135.07,5102.27,3069.40
4.2096,0,0.00,0.00,APP_STATE,5134.87,5102.27,463.06
4.2116,-927,11714.34,8673.21,Touchpad DOWN,5134.87,5102.27,463.06
4.2116,160,160000.00,54071.24,Touchpad UP,5134.87,5102.27,463.06
4.2116,0,0.00,0.00,APP_STATE,5134.67,5485.07,0.00
4.2158,0,0.00,0.00,APP_STATE,5287.68,5485.07,9563.54
4.2188,0,0.00,0.00,APP_STATE,5294.94,5485.07,6943.55
4.2394,0,0.00,0.00,APP_STATE,5373.89,5485.07,5281.93
4.2457,0,0.00,0.00,APP_STATE,5422.50,5485.07,3031.37
4.2523,0,0.00,0.00,APP_STATE,5424.31,5485.07,1647.59
4.2559,0,0.00,0.00,APP_STATE,5444.86,5485.07,1303.78
4.2579,0,0.00,0.00,APP_STATE,5445.35,5485.07,682.00
4.2604,0,0.00,0.00,APP_STATE,5445.99,5485.07,660.14
4.2724,0,0.00,0.00,APP_STATE,5454.56,5485.07,570.52
4.2752,0,0.00,0.00,APP_STATE,5455.06,5485.07,394.88
4.2778,0,0.00,0.00,APP_STATE,5455.71,5485.07,378.75
4.2798,0,0.00,0.00,APP_STATE,5456.36,5485.07,362.99
4.2838,0,0.00,0.00,APP_STATE,5457.01,5485.07,347.59
4.2848,0,0.00,0.00,APP_STATE,5457.67,5485.07,332.55
4.2878,0,0.00,0.00,APP_STATE,5462.20,5485.07,304.25
4.2898,0,0.00,0.00,APP_STATE,5462.24,5485.07,237.14
4.2918,0,0.00,0.00,APP_STATE,5462.24,5485.07,237.14
4.2938,0,0.00,0.00,APP_STATE,5462.24,5485.07,237.14
4.2966,0,0.00,0.00,APP_STATE,5462.24,5485.07,237.14
4.2985,0,0.00,0.00,APP_STATE,5462.24,5485.07,237.14
4.3025,0,0.00,0.00,APP_STATE,5462.24,5485.07,237.14
4.3045,0,0.00,0.00,APP_STATE,5465.31,5485.07,220.81
4.3069,0,0.00,0.00,APP_STATE,5465.51,5485.07,179.32
4.3106,0,0.00,0.00,APP_STATE,5465.51,5485.07,179.32
4.3125,0,0.00,0.00,APP_STATE,5465.51,5485.07,179.32
4.3146,0,0.00,0.00,APP_STATE,5465.51,5485.07,179.32
4.3181,0,0.00,0.00,APP_STATE,5468.01,5485.07,167.60
4.3201,0,0.00,0.00,APP_STATE,5468.14,5485.07,139.06
4.3221,0,0.00,0.00,APP_STATE,5468.14,5485.07,139.06
4.3243,0,0.00,0.00,APP_STATE,5468.14,5485.07,139.06
4.3263,0,0.00,0.00,APP_STATE,5468.14,5485.07,139.06
4.3299,0,0.00,0.00,APP_STATE,5468.14,5485.07,139.06
4.3324,0,0.00,0.00,APP_STATE,5468.14,5485.07,139.06
4.3349,0,0.00,0.00,APP_STATE,5470.09,5485.07,130.87
4.3375,0,0.00,0.00,APP_STATE,5470.11,5485.07,112.29
4.3405,0,0.00,0.00,APP_STATE,5470.11,5485.07,112.29
4.3415,0,0.00,0.00,APP_STATE,5470.11,5485.07,112.29
4.3448,0,0.00,0.00,APP_STATE,5470.11,5485.07,112.29
4.3475,0,0.00,0.00,APP_STATE,5470.11,5485.07,112.29
4.3559,0,0.00,0.00,APP_STATE,5471.60,5485.07,106.61
4.3590,0,0.00,0.00,APP_STATE,5471.43,5485.07,96.04
4.3630,0,0.00,0.00,APP_STATE,5471.43,5485.07,96.04
4.3661,0,0.00,0.00,APP_STATE,5472.79,5485.07,91.16
4.3683,0,0.00,0.00,APP_STATE,5472.75,5485.07,81.06
4.3713,-1029,6444.85,2160.31,Touchpad DOWN,5472.75,5485.07,81.06
4.3713,106,106000.00,33312.22,Touchpad UP,5472.75,5485.07,81.06
4.3758,0,0.00,0.00,APP_STATE,5485.01,5823.07,12346.18
4.3815,0,0.00,0.00,APP_STATE,5632.82,5823.07,9217.83
4.3897,0,0.00,0.00,APP_STATE,5639.38,5823.07,6708.65
4.4009,0,0.00,0.00,APP_STATE,5715.79,5823.07,5096.99
4.4074,0,0.00,0.00,APP_STATE,5719.77,5823.07,3772.44
4.4110,0,0.00,0.00,APP_STATE,5723.63,5823.07,3631.50
4.4140,0,0.00,0.00,APP_STATE,5766.89,5823.07,2722.04
4.4210,0,0.00,0.00,APP_STATE,5768.00,5823.07,1334.38
4.4470,0,0.00,0.00,APP_STATE,5796.35,5823.07,914.65
4.4500,-217,2756.24,13464.80,Touchpad DOWN,5796.35,5823.07,914.65
4.4510,32,32529.75,19184.28,Touchpad UP,5796.35,5823.07,914.65
4.4510,0,0.00,0.00,APP_STATE,5796.97,5823.07,303.53
4.4591,0,0.00,0.00,APP_STATE,5887.21,6004.01,5659.10
4.4632,0,0.00,0.00,APP_STATE,5891.44,6004.01,4111.09
4.4664,0,0.00,0.00,APP_STATE,5895.30,6004.01,3970.15
4.4695,0,0.00,0.00,APP_STATE,5899.16,6004.01,3829.22
4.4725,0,0.00,0.00,APP_STATE,5903.02,6004.01,3688.28
4.4853,0,0.00,0.00,APP_STATE,5945.23,6004.01,2792.93
4.4913,-60,1488.31,13875.49,Touchpad DOWN,5945.23,6004.01,2792.93
4.4913,12,12000.00,13312.84,Touchpad UP,5945.23,6004.01,2792.93
4.4939,0,0.00,0.00,APP_STATE,5991.92,6052.01,2911.58
4.4969,0,0.00,0.00,APP_STATE,5993.52,6052.01,1518.08
4.5000,0,0.00,0.00,APP_STATE,5994.78,6052.01,1448.58
4.5040,0,0.00,0.00,APP_STATE,5996.05,6052.01,1381.05
4.5075,0,0.00,0.00,APP_STATE,6013.72,6052.01,1107.32
4.5177,0,0.00,0.00,APP_STATE,6014.61,6052.01,605.50
4.5212,0,0.00,0.00,APP_STATE,6015.25,6052.01,585.05
4.5237,0,0.00,0.00,APP_STATE,6022.95,6052.01,507.96
4.5347,0,0.00,0.00,APP_STATE,6023.04,6052.01,369.52
4.5378,0,0.00,0.00,APP_STATE,6028.50,6052.01,323.01
4.5423,0,0.00,0.00,APP_STATE,6028.91,6052.01,242.35
4.5453,0,0.00,0.00,APP_STATE,6028.91,6052.01,242.35
4.5489,0,0.00,0.00,APP_STATE,6028.91,6052.01,242.35
4.5519,0,0.00,0.00,APP_STATE,6028.91,6052.01,242.35
4.5539,0,0.00,0.00,APP_STATE,6032.05,6052.01,225.51
4.5564,0,0.00,0.00,APP_STATE,6032.18,6052.01,183.82
4.5589,0,0.00,0.00,APP_STATE,6032.18,6052.01,183.82
4.5624,0,0.00,0.00,APP_STATE,6032.18,6052.01,183.82
4.5669,0,0.00,0.00,APP_STATE,6032.18,6052.01,183.82
4.5715,0,0.00,0.00,APP_STATE,6034.75,6052.01,171.68
4.5752,0,0.00,0.00,APP_STATE,6034.81,6052.01,143.01
4.5762,0,0.00,0.00,APP_STATE,6034.81,6052.01,143.01
4.5802,0,0.00,0.00,APP_STATE,6034.81,6052.01,143.01
4.5827,0,0.00,0.00,APP_STATE,6034.81,6052.01,143.01
4.5867,0,0.00,0.00,APP_STATE,6036.82,6052.01,134.50
4.5897,0,0.00,0.00,APP_STATE,6036.78,6052.01,115.83
4.5907,0,0.00,0.00,APP_STATE,6036.78,6052.01,115.83
4.5947,0,0.00,0.00,APP_STATE,6036.78,6052.01,115.83
4.5977,0,0.00,0.00,APP_STATE,6036.78,6052.01,115.83
4.5997,0,0.00,0.00,APP_STATE,6038.32,6052.01,109.91
4.6107,0,0.00,0.00,APP_STATE,6038.10,6052.01,99.32
4.6127,0,0.00,0.00,APP_STATE,6038.10,6052.01,99.32
4.6173,0,0.00,0.00,APP_STATE,6039.51,6052.01,94.21
4.6194,0,0.00,0.00,APP_STATE,6039.42,6052.01,84.08
4.6211,0,0.00,0.00,APP_STATE,6039.42,6052.01,84.08
4.6257,0,0.00,0.00,APP_STATE,6039.42,6052.01,84.08
4.6278,0,0.00,0.00,APP_STATE,6039.42,6052.01,84.08
4.6313,0,0.00,0.00,APP_STATE,6040.61,6052.01,80.03
4.6333,0,0.00,0.00,APP_STATE,6040.74,6052.01,70.09
4.6379,0,0.00,0.00,APP_STATE,6040.74,6052.01,70.09
4.6398,0,0.00,0.00,APP_STATE,6040.74,6052.01,70.09
4.6429,0,0.00,0.00,APP_STATE,6040.74,6052.01,70.09
4.6470,0,0.00,0.00,APP_STATE,6041.67,6052.01,67.14
4.6505,0,0.00,0.00,APP_STATE,6042.06,6052.01,57.35
4.6525,0,0.00,0.00,APP_STATE,6042.06,6052.01,57.35
4.6587,0,0.00,0.00,APP_STATE,6042.06,6052.01,57.35
4.6630,0,0.00,0.00,APP_STATE,6042.88,6052.01,54.95
4.6671,0,0.00,0.00,APP_STATE,6042.72,6052.01,51.44
4.6700,0,0.00,0.00,APP_STATE,6042.72,6052.01,51.44
4.6731,-23,126.57,61.38,Touchpad DOWN,6042.72,6052.01,51.44
4.6740,8,8042.77,2455.80,Touchpad UP,6042.72,6052.01,51.44
4.6761,0,0.00,0.00,APP_STATE,6043.00,6070.41,332.80
4.6794,0,0.00,0.00,APP_STATE,6047.26,6070.41,306.26
4.6830,0,0.00,0.00,APP_STATE,6047.57,6070.41,237.35
4.6861,0,0.00,0.00,APP_STATE,6047.57,6070.41,237.35
4.6922,0,0.00,0.00,APP_STATE,6047.57,6070.41,237.35
4.6945,0,0.00,0.00,APP_STATE,6050.85,6070.41,219.89
4.6976,0,0.00,0.00,APP_STATE,6050.85,6070.41,179.50
4.7006,0,0.00,0.00,APP_STATE,6050.85,6070.41,179.50
4.7026,0,0.00,0.00,APP_STATE,6050.85,6070.41,179.50
4.7046,0,0.00,0.00,APP_STATE,6050.85,6070.41,179.50
4.7077,0,0.00,0.00,APP_STATE,6050.85,6070.41,179.50
4.7128,0,0.00,0.00,APP_STATE,6053.35,6070.41,167.76
4.7357,0,0.00,0.00,APP_STATE,6055.31,6070.41,131.55
4.7442,0,0.00,0.00,APP_STATE,6057.03,6070.41,106.36
4.7482,0,0.00,0.00,APP_STATE,6057.42,6070.41,88.52
4.7502,0,0.00,0.00,APP_STATE,6057.42,6070.41,88.52
4.7532,0,0.00,0.00,APP_STATE,6057.42,6070.41,88.52
4.7567,0,0.00,0.00,APP_STATE,6058.68,6070.41,84.17
4.7587,0,0.00,0.00,APP_STATE,6058.74,6070.41,74.16
4.7613,0,0.00,0.00,APP_STATE,6058.74,6070.41,74.16
4.7648,0,0.00,0.00,APP_STATE,6058.74,6070.41,74.16
4.7682,0,0.00,0.00,APP_STATE,6058.74,6070.41,74.16
4.7721,0,0.00,0.00,APP_STATE,6059.73,6070.41,70.97
4.7738,0,0.00,0.00,APP_STATE,6060.06,6070.41,61.04
4.7776,0,0.00,0.00,APP_STATE,6060.06,6070.41,61.04
4.7796,0,0.00,0.00,APP_STATE,6060.06,6070.41,61.04
4.7837,0,0.00,0.00,APP_STATE,6060.06,6070.41,61.04
4.7989,0,0.00,0.00,APP_STATE,6060.93,6070.41,58.43
4.8049,0,0.00,0.00,APP_STATE,6061.46,6070.41,52.83
4.8070,0,0.00,0.00,APP_STATE,6061.38,6070.41,49.16
4.8106,0,0.00,0.00,APP_STATE,6061.38,6070.41,49.16
4.8132,0,0.00,0.00,APP_STATE,6061.38,6070.41,49.16
4.8155,0,0.00,0.00,APP_STATE,6061.38,6070.41,49.16
4.8206,0,0.00,0.00,APP_STATE,6062.09,6070.41,47.21
4.8226,0,0.00,0.00,APP_STATE,6062.04,6070.41,43.67
4.8266,0,0.00,0.00,APP_STATE,6062.04,6070.41,43.67
4.8295,0,0.00,0.00,APP_STATE,6062.04,6070.41,43.67
4.8322,0,0.00,0.00,APP_STATE,6062.04,6070.41,43.67
4.8347,0,0.00,0.00,APP_STATE,6062.67,6070.41,42.01
4.8377,0,0.00,0.00,APP_STATE,6062.71,6070.41,38.49
4.8397,0,0.00,0.00,APP_STATE,6062.71,6070.41,38.49
4.8421,0,0.00,0.00,APP_STATE,6062.71,6070.41,38.49
4.8487,0,0.00,0.00,APP_STATE,6062.71,6070.41,38.49
4.8513,0,0.00,0.00,APP_STATE,6063.22,6070.41,37.18
4.8543,0,0.00,0.00,APP_STATE,6063.37,6070.41,33.61
4.8569,0,0.00,0.00,APP_STATE,6063.37,6070.41,33.61
4.8650,0,0.00,0.00,APP_STATE,6063.85,6070.41,32.44
4.8680,0,0.00,0.00,APP_STATE,6064.03,6070.41,29.03
4.8716,0,0.00,0.00,APP_STATE,6064.03,6070.41,29.03
4.8816,0,0.00,0.00,APP_STATE,6064.45,6070.41,28.07
4.8888,0,0.00,0.00,APP_STATE,6064.69,6070.41,24.75
4.8907,0,0.00,0.00,APP_STATE,6064.69,6070.41,24.75
4.8938,0,0.00,0.00,APP_STATE,6064.69,6070.41,24.75
4.8958,0,0.00,0.00,APP_STATE,6064.69,6070.41,24.75
4.8973,0,0.00,0.00,APP_STATE,6065.03,6070.41,24.02
4.8994,0,0.00,0.00,APP_STATE,6065.35,6070.41,20.77
4.9025,0,0.00,0.00,APP_STATE,6065.35,6070.41,20.77
4.9059,0,0.00,0.00,APP_STATE,6065.35,6070.41,20.77
4.9079,0,0.00,0.00,APP_STATE,6065.35,6070.41,20.77
4.9099,0,0.00,0.00,APP_STATE,6065.35,6070.41,20.77
4.9130,0,0.00,0.00,APP_STATE,6065.66,6070.41,20.14
4.9162,0,0.00,0.00,APP_STATE,6065.35,6070.41,20.77
4.9192,0,0.00,0.00,APP_STATE,6065.35,6070.41,20.77
4.9212,0,0.00,0.00,APP_STATE,6065.35,6070.41,20.77
4.9244,0,0.00,0.00,APP_STATE,6065.35,6070.41,20.77
4.9265,0,0.00,0.00,APP_STATE,6065.35,6070.41,20.77
4.9275,0,0.00,0.00,APP_STATE,6065.64,6070.41,20.18
4.9305,0,0.00,0.00,APP_STATE,6065.35,6070.41,20.77
4.9322,0,0.00,0.00,APP_STATE,6065.35,6070.41,20.77
4.9358,0,0.00,0.00,APP_STATE,6065.35,6070.41,20.77
4.9389,0,0.00,0.00,APP_STATE,6065.35,6070.41,20.77
4.9423,0,0.00,0.00,APP_STATE,6065.35,6070.41,20.77
4.9433,0,0.00,0.00,APP_STATE,6065.66,6070.41,20.14
4.9452,0,0.00,0.00,APP_STATE,6065.35,6070.41,20.77
4.9488,0,0.00,0.00,APP_STATE,6065.35,6070.41,20.77
4.9507,0,0.00,0.00,APP_STATE,6065.35,6070.41,20.77
4.9537,0,0.00,0.00,APP_STATE,6065.35,6070.41,20.77
4.9557,0,0.00,0.00,APP_STATE,6065.35,6070.41,20.77
4.9586,0,0.00,0.00,APP_STATE,6065.35,6070.41,20.77
4.9607,0,0.00,0.00,APP_STATE,6065.66,6070.41,20.14
4.9632,0,0.00,0.00,APP_STATE,6065.35,6070.41,20.77
4.9658,0,0.00,0.00,APP_STATE,6065.35,6070.41,20.77
4.9688,0,0.00,0.00,APP_STATE,6065.35,6070.41,20.77
4.9718,0,0.00,0.00,APP_STATE,6065.35,6070.41,20.77
4.9738,0,0.00,0.00,APP_STATE,6065.35,6070.41,20.77
4.9758,0,0.00,0.00,APP_STATE,6065.64,6070.41,20.18
4.9784,0,0.00,0.00,APP_STATE,6065.35,6070.41,20.77
4.9804,0,0.00,0.00,APP_STATE,6065.35,6070.41,20.77
4.9834,0,0.00,0.00,APP_STATE,6065.35,6070.41,20.77
4.9852,0,0.00,0.00,APP_STATE,6065.35,6070.41,20.77
4.9882,0,0.00,0.00,APP_STATE,6065.35,6070.41,20.77
4.9892,0,0.00,0.00,APP_STATE,6065.35,6070.41,20.77
4.9912,0,0.00,0.00,APP_STATE,6065.66,6070.41,20.14
4.9937,0,0.00,0.00,APP_STATE,6065.35,6070.41,20.77
4.9967,0,0.00,0.00,APP_STATE,6065.35,6070.41,20.77
5.0002,0,0.00,0.00,APP_STATE,6065.35,6070.41,20.77
5.0027,0,0.00,0.00,APP_STATE,6065.35,6070.41,20.77
5.0054,0,0.00,0.00,APP_STATE,6065.35,6070.41,20.77
5.0077,0,0.00,0.00,APP_STATE,6065.66,6070.41,20.14
5.0099,0,0.00,0.00,APP_STATE,6065.35,6070.41,20.77
5.0129,0,0.00,0.00,APP_STATE,6065.35,6070.41,20.77
5.0149,0,0.00,0.00,APP_STATE,6065.35,6070.41,20.77
5.0169,0,0.00,0.00,APP_STATE,6065.35,6070.41,20.77
5.0189,0,0.00,0.00,APP_STATE,6065.35,6070.41,20.77
5.0222,0,0.00,0.00,APP_STATE,6065.35,6070.41,20.77
5.0246,0,0.00,0.00,APP_STATE,6065.64,6070.41,20.18
5.0478,0,0.00,0.00,APP_STATE,6065.66,6070.41,20.14
5.0525,0,0.00,0.00,APP_STATE,6065.64,6070.41,20.18
5.0562,0,0.00,0.00,APP_STATE,6065.35,6070.41,20.77
5.0637,0,0.00,0.00,APP_STATE,6065.35,6070.41,20.77
5.0673,0,0.00,0.00,APP_STATE,6065.35,6070.41,20.77
5.0683,0,0.00,0.00,APP_STATE,6065.66,6070.41,20.14
5.0713,0,0.00,0.00,APP_STATE,6065.35,6070.41,20.77
5.0738,0,0.00,0.00,APP_STATE,6065.35,6070.41,20.77
5.0756,0,0.00,0.00,APP_STATE,6065.35,6070.41,20.77
5.0776,0,0.00,0.00,APP_STATE,6065.35,6070.41,20.77
5.0805,0,0.00,0.00,APP_STATE,6065.35,6070.41,20.77
5.0825,0,0.00,0.00,APP_STATE,6065.35,6070.41,20.77
5.0850,0,0.00,0.00,APP_STATE,6065.66,6070.41,20.14
5.0871,0,0.00,0.00,APP_STATE,6065.35,6070.41,20.77
5.0902,0,0.00,0.00,APP_STATE,6065.35,6070.41,20.77
5.0921,0,0.00,0.00,APP_STATE,6065.35,6070.41,20.77
5.0952,0,0.00,0.00,APP_STATE,6065.35,6070.41,20.77
5.0977,0,0.00,0.00,APP_STATE,6065.35,6070.41,20.77
5.0997,0,0.00,0.00,APP_STATE,6065.64,6070.41,20.18
5.1029,0,0.00,0.00,APP_STATE,6065.35,6070.41,20.77
5.1054,0,0.00,0.00,APP_STATE,6065.35,6070.41,20.77
5.1075,0,0.00,0.00,APP_STATE,6065.35,6070.41,20.77
5.1090,0,0.00,0.00,APP_STATE,6065.35,6070.41,20.77
5.1120,0,0.00,0.00,APP_STATE,6065.35,6070.41,20.77
5.1145,0,0.00,0.00,APP_STATE,6065.35,6070.41,20.77
5.1170,0,0.00,0.00,APP_STATE,6065.66,6070.41,20.14
5.1198,0,0.00,0.00,APP_STATE,6065.35,6070.41,20.77
5.1228,0,0.00,0.00,APP_STATE,6065.35,6070.41,20.77
5.1254,0,0.00,0.00,APP_STATE,6065.35,6070.41,20.77
5.1274,0,0.00,0.00,APP_STATE,6065.35,6070.41,20.77
5.1295,0,0.00,0.00,APP_STATE,6065.35,6070.41,20.77
5.1320,0,0.00,0.00,APP_STATE,6065.66,6070.41,20.14
5.1341,0,0.00,0.00,APP_STATE,6065.35,6070.41,20.77
5.1371,0,0.00,0.00,APP_STATE,6065.35,6070.41,20.77
5.1391,0,0.00,0.00,APP_STATE,6065.35,6070.41,20.77
5.1411,0,0.00,0.00,APP_STATE,6065.35,6070.41,20.77
5.1431,0,0.00,0.00,APP_STATE,6065.35,6070.41,20.77
5.1451,0,0.00,0.00,APP_STATE,6065.35,6070.41,20.77
5.1476,0,0.00,0.00,APP_STATE,6065.64,6070.41,20.18
5.1502,0,0.00,0.00,APP_STATE,6065.35,6070.41,20.77
5.1521,0,0.00,0.00,APP_STATE,6065.35,6070.41,20.77
5.1541,0,0.00,0.00,APP_STATE,6065.35,6070.41,20.77
5.1577,0,0.00,0.00,APP_STATE,6065.35,6070.41,20.77
5.1597,0,0.00,0.00,APP_STATE,6065.35,6070.41,20.77
5.1628,0,0.00,0.00,APP_STATE,6065.66,6070.41,20.14
5.1663,0,0.00,0.00,APP_STATE,6065.35,6070.41,20.77
5.1683,0,0.00,0.00,APP_STATE,6065.35,6070.41,20.77
5.1703,0,0.00,0.00,APP_STATE,6065.35,6070.41,20.77
5.1723,0,0.00,0.00,APP_STATE,6065.35,6070.41,20.77
5.1754,0,0.00,0.00,APP_STATE,6065.35,6070.41,20.77
5.1789,0,0.00,0.00,APP_STATE,6065.64,6070.41,20.18
5.1805,0,0.00,0.00,APP_STATE,6065.35,6070.41,20.77
5.1840,0,0.00,0.00,APP_STATE,6065.35,6070.41,20.77
5.1860,0,0.00,0.00,APP_STATE,6065.35,6070.41,20.77
5.1891,0,0.00,0.00,APP_STATE,6065.35,6070.41,20.77
5.1910,0,0.00,0.00,APP_STATE,6065.35,6070.41,20.77
5.1930,0,0.00,0.00,APP_STATE,6065.35,6070.41,20.77
5.1956,0,0.00,0.00,APP_STATE,6065.66,6070.41,20.14
5.1966,0,0.00,0.00,APP_STATE,6065.35,6070.41,20.77
5.1999,0,0.00,0.00,APP_STATE,6065.35,6070.41,20.77
5.2039,0,0.00,0.00,APP_STATE,6065.35,6070.41,20.77
5.2075,0,0.00,0.00,APP_STATE,6065.35,6070.41,20.77
5.2090,0,0.00,0.00,APP_STATE,6065.66,6070.41,20.14
5.2322,0,0.00,0.00,APP_STATE,6065.64,6070.41,20.18
5.2414,0,0.00,0.00,APP_STATE,6065.66,6070.41,20.14
5.2450,0,0.00,0.00,APP_STATE,6065.35,6070.41,20.77
5.2537,0,0.00,0.00,APP_STATE,6065.35,6070.41,20.77
5.2575,0,0.00,0.00,APP_STATE,6065.66,6070.41,20.14
5.2607,0,0.00,0.00,APP_STATE,6065.35,6070.41,20.77
5.2624,0,0.00,0.00,APP_STATE,6065.35,6070.41,20.77
5.2653,0,0.00,0.00,APP_STATE,6065.35,6070.41,20.77
5.2673,0,0.00,0.00,APP_STATE,6065.35,6070.41,20.77
5.2693,0,0.00,0.00,APP_STATE,6065.35,6070.41,20.77
5.2714,0,0.00,0.00,APP_STATE,6065.64,6070.41,20.18
5.2745,0,0.00,0.00,APP_STATE,6065.35,6070.41,20.77
5.2771,0,0.00,0.00,APP_STATE,6065.35,6070.41,20.77
5.2801,0,0.00,0.00,APP_STATE,6065.35,6070.41,20.77
5.2826,0,0.00,0.00,APP_STATE,6065.35,6070.41,20.77
5.2854,0,0.00,0.00,APP_STATE,6065.35,6070.41,20.77
5.2885,0,0.00,0.00,APP_STATE,6065.66,6070.41,20.14
5.2911,0,0.00,0.00,APP_STATE,6065.35,6070.41,20.77
5.2941,0,0.00,0.00,APP_STATE,6065.35,6070.41,20.77
5.2978,0,0.00,0.00,APP_STATE,6065.35,6070.41,20.77
5.2999,0,0.00,0.00,APP_STATE,6065.35,6070.41,20.77
5.3019,0,0.00,0.00,APP_STATE,6065.35,6070.41,20.77
5.3029,0,0.00,0.00,APP_STATE,6065.64,6070.41,20.18
5.3060,0,0.00,0.00,APP_STATE,6065.35,6070.41,20.77
5.3077,0,0.00,0.00,APP_STATE,6065.35,6070.41,20.77
5.3113,0,0.00,0.00,APP_STATE,6065.35,6070.41,20.77
5.3133,0,0.00,0.00,APP_STATE,6065.35,6070.41,20.77
5.3174,0,0.00,0.00,APP_STATE,6065.35,6070.41,20.77
5.3184,0,0.00,0.00,APP_STATE,6065.66,6070.41,20.14
5.3208,0,0.00,0.00,APP_STATE,6065.35,6070.41,20.77
5.3244,0,0.00,0.00,APP_STATE,6065.35,6070.41,20.77
5.3269,0,0.00,0.00,APP_STATE,6065.35,6070.41,20.77
5.3299,0,0.00,0.00,APP_STATE,6065.35,6070.41,20.77
5.3322,0,0.00,0.00,APP_STATE,6065.35,6070.41,20.77
5.3352,0,0.00,0.00,APP_STATE,6065.66,6070.41,20.14
5.3362,0,0.00,0.00,APP_STATE,6065.35,6070.41,20.77
5.3398,0,0.00,0.00,APP_STATE,6065.35,6070.41,20.77
5.3423,0,0.00,0.00,APP_STATE,6065.35,6070.41,20.77
5.3453,0,0.00,0.00,APP_STATE,6065.35,6070.41,20.77
5.3479,0,0.00,0.00,APP_STATE,6065.35,6070.41,20.77
5.3499,0,0.00,0.00,APP_STATE,6065.64,6070.41,20.18
5.3539,0,0.00,0.00,APP_STATE,6065.35,6070.41,20.77
5.3605,-196,285.51,85.65,Touchpad DOWN,6065.35,6070.41,20.77
5.3611,0,0.00,0.00,APP_STATE,6065.33,6222.13,0.00
5.3667,-117,18971.41,5751.38,Touchpad DOWN,6065.33,6222.13,0.00
5.3728,0,0.00,0.00,APP_STATE,6204.18,6383.30,8678.35
5.3825,-120,7622.43,6312.69,Mouse DOWN,6204.18,6383.30,8678.35
5.3840,-82,54111.54,20652.35,Touchpad DOWN,6204.18,6383.30,8678.35
5.3850,0,0.00,0.00,APP_STATE,6204.00,6479.30,0.00
5.4069,-269,11708.03,17969.05,Touchpad DOWN,6204.00,6479.30,0.00
5.4104,0,0.00,0.00,APP_STATE,6439.15,6554.40,7585.57
5.4342,0,0.00,0.00,APP_STATE,6516.55,6554.40,2491.00
5.4422,0,0.00,0.00,APP_STATE,6517.26,6554.40,596.93
5.4458,-555,14296.30,16867.23,Touchpad DOWN,6517.26,6554.40,596.93
5.4513,0,0.00,0.00,APP_STATE,6670.35,6867.73,9563.54
5.4588,0,0.00,0.00,APP_STATE,6756.72,6867.73,5378.58
5.4639,0,0.00,0.00,APP_STATE,6760.58,6867.73,3913.38
5.4674,0,0.00,0.00,APP_STATE,6764.44,6867.73,3772.44
5.4714,0,0.00,0.00,APP_STATE,6768.30,6867.73,3631.50
5.4724,0,0.00,0.00,APP_STATE,6771.51,6867.73,3514.06
5.5379,0,0.00,0.00,APP_STATE,6858.91,6867.73,1313.68
5.5410,0,0.00,0.00,APP_STATE,6858.72,6867.73,49.06
5.5430,-1221,12563.62,8741.75,Touchpad DOWN,6858.72,6867.73,49.06
5.5486,0,0.00,0.00,APP_STATE,6871.01,7209.07,12346.18
5.5556,0,0.00,0.00,APP_STATE,7011.87,7209.07,9369.13
5.5621,0,0.00,0.00,APP_STATE,7018.94,7209.07,6943.55
5.5645,-226,10469.78,9260.16,Touchpad DOWN,7018.94,7209.07,6943.55
5.5711,0,0.00,0.00,APP_STATE,7171.68,7369.07,9563.54
5.5774,0,0.00,0.00,APP_STATE,7178.94,7369.07,6943.55
5.5809,0,0.00,0.00,APP_STATE,7185.38,7369.07,6708.65
5.5840,0,0.00,0.00,APP_STATE,7265.57,7369.07,5014.67
5.5900,0,0.00,0.00,APP_STATE,7268.99,7369.07,3654.99
5.5977,0,0.00,0.00,APP_STATE,7272.20,7369.07,3537.55
5.6007,0,0.00,0.00,APP_STATE,7312.39,7369.07,2692.75
5.6027,-387,10139.27,9523.89,Touchpad DOWN,7312.39,7369.07,2692.75
5.6041,0,0.00,0.00,APP_STATE,7314.00,7369.07,1334.38
5.6121,0,0.00,0.00,APP_STATE,7326.35,7664.40,12346.18
5.6192,0,0.00,0.00,APP_STATE,7474.15,7664.40,9217.83
5.6269,0,0.00,0.00,APP_STATE,7480.71,7664.40,6708.65
5.6299,0,0.00,0.00,APP_STATE,7487.14,7664.40,6473.76
5.6319,0,0.00,0.00,APP_STATE,7564.66,7664.40,4832.72
5.6344,0,0.00,0.00,APP_STATE,7568.18,7664.40,3514.06
5.6873,0,0.00,0.00,APP_STATE,7645.89,7664.40,1693.22
5.6949,0,0.00,0.00,APP_STATE,7648.38,7664.40,148.69
5.6964,0,0.00,0.00,APP_STATE,7648.79,7664.40,120.89
5.6994,0,0.00,0.00,APP_STATE,7648.79,7664.40,120.89
5.7014,0,0.00,0.00,APP_STATE,7648.79,7664.40,120.89
5.7127,0,0.00,0.00,APP_STATE,7650.49,7664.40,114.17
5.7192,0,0.00,0.00,APP_STATE,7650.76,7664.40,96.04
5.7222,0,0.00,0.00,APP_STATE,7650.76,7664.40,96.04
5.7264,0,0.00,0.00,APP_STATE,7652.04,7664.40,91.48
5.7284,0,0.00,0.00,APP_STATE,7652.08,7664.40,81.06
5.7294,0,0.00,0.00,APP_STATE,7652.08,7664.40,81.06
5.7337,0,0.00,0.00,APP_STATE,7652.08,7664.40,81.06
5.7359,0,0.00,0.00,APP_STATE,7652.08,7664.40,81.06
5.7389,0,0.00,0.00,APP_STATE,7652.08,7664.40,81.06
5.7415,0,0.00,0.00,APP_STATE,7653.24,7664.40,77.21
5.7445,0,0.00,0.00,APP_STATE,7653.40,7664.40,67.34
5.7476,0,0.00,0.00,APP_STATE,7653.40,7664.40,67.34
5.7496,0,0.00,0.00,APP_STATE,7653.40,7664.40,67.34
5.7526,0,0.00,0.00,APP_STATE,7653.40,7664.40,67.34
5.7556,0,0.00,0.00,APP_STATE,7653.40,7664.40,67.34
5.7571,0,0.00,0.00,APP_STATE,7654.36,7664.40,64.35
5.7596,0,0.00,0.00,APP_STATE,7654.72,7664.40,54.85
5.7643,0,0.00,0.00,APP_STATE,7654.72,7664.40,54.85
5.7774,0,0.00,0.00,APP_STATE,7655.46,7664.40,52.74
5.7794,-695,3933.03,1202.55,Touchpad DOWN,7655.46,7664.40,52.74
5.7841,0,0.00,0.00,APP_STATE,7667.68,8005.73,12346.18
5.7871,0,0.00,0.00,APP_STATE,7815.48,8005.73,9217.83
5.7951,0,0.00,0.00,APP_STATE,7822.04,8005.73,6708.65
5.8002,0,0.00,0.00,APP_STATE,7828.47,8005.73,6473.76
5.8123,0,0.00,0.00,APP_STATE,7902.35,8005.73,4912.04
5.8148,-65,1834.67,1392.18,Touchpad DOWN,7902.35,8005.73,4912.04
5.8194,0,0.00,0.00,APP_STATE,7970.38,8057.73,4232.27
5.8300,0,0.00,0.00,APP_STATE,7973.73,8057.73,3067.75
5.8345,0,0.00,0.00,APP_STATE,8010.56,8057.73,2285.35
5.8392,0,0.00,0.00,APP_STATE,8011.59,8057.73,923.30
5.8412,0,0.00,0.00,APP_STATE,8012.23,8057.73,897.27
5.8628,0,0.00,0.00,APP_STATE,8023.47,8057.73,764.46
5.8701,0,0.00,0.00,APP_STATE,8030.51,8057.73,448.54
5.8819,0,0.00,0.00,APP_STATE,8035.33,8057.73,291.34
5.8865,0,0.00,0.00,APP_STATE,8035.56,8057.73,224.90
5.8905,0,0.00,0.00,APP_STATE,8035.56,8057.73,224.90
5.8955,0,0.00,0.00,APP_STATE,8035.56,8057.73,224.90
5.8980,0,0.00,0.00,APP_STATE,8038.48,8057.73,209.76
5.9010,0,0.00,0.00,APP_STATE,8038.84,8057.73,168.76
5.9040,0,0.00,0.00,APP_STATE,8038.84,8057.73,168.76
5.9101,-47,493.60,474.87,Touchpad DOWN,8038.84,8057.73,168.76
5.9121,0,0.00,0.00,APP_STATE,8041.19,8057.73,158.00
5.9156,-1,179.51,386.26,Touchpad DOWN,8041.19,8057.73,158.00
5.9192,0,0.00,0.00,APP_STATE,8042.59,8096.13,1257.52
5.9242,0,0.00,0.00,APP_STATE,8043.86,8096.13,1195.53
5.9277,0,0.00,0.00,APP_STATE,8045.14,8096.13,1135.40
5.9318,0,0.00,0.00,APP_STATE,8059.30,8096.13,931.03
5.9531,0,0.00,0.00,APP_STATE,8067.45,8096.13,507.27
5.9541,0,0.00,0.00,APP_STATE,8067.69,8096.13,356.79
5.9589,0,0.00,0.00,APP_STATE,8072.99,8096.13,312.13
5.9610,0,0.00,0.00,APP_STATE,8072.91,8096.13,244.65
5.9646,0,0.00,0.00,APP_STATE,8072.91,8096.13,244.65
5.9667,0,0.00,0.00,APP_STATE,8072.91,8096.13,244.65
5.9707,0,0.00,0.00,APP_STATE,8072.91,8096.13,244.65
5.9727,0,0.00,0.00,APP_STATE,8072.91,8096.13,244.65
5.9754,0,0.00,0.00,APP_STATE,8076.08,8096.13,227.58
5.9798,0,0.00,0.00,APP_STATE,8076.19,8096.13,185.81
5.9826,0,0.00,0.00,APP_STATE,8076.19,8096.13,185.81
5.9872,0,0.00,0.00,APP_STATE,8076.19,8096.13,185.81
5.9903,0,0.00,0.00,APP_STATE,8078.78,8096.13,173.49
5.9932,0,0.00,0.00,APP_STATE,8078.81,8096.13,144.76
5.9969,0,0.00,0.00,APP_STATE,8078.81,8096.13,144.76
6.0000,0,0.00,0.00,APP_STATE,8078.81,8096.13,144.76
6.0010,0,0.00,0.00,APP_STATE,8078.81,8096.13,144.76
6.0040,0,0.00,0.00,APP_STATE,8078.81,8096.13,144.76
6.0077,0,0.00,0.00,APP_STATE,8080.84,8096.13,136.10
6.0114,0,0.00,0.00,APP_STATE,8080.78,8096.13,117.41
6.0150,0,0.00,0.00,APP_STATE,8080.78,8096.13,117.41
6.0294,0,0.00,0.00,APP_STATE,8082.34,8096.13,111.37
6.0361,0,0.00,0.00,APP_STATE,8082.76,8096.13,92.94
6.0388,0,0.00,0.00,APP_STATE,8084.08,8096.13,88.29
6.0428,0,0.00,0.00,APP_STATE,8084.08,8096.13,78.22
6.0459,0,0.00,0.00,APP_STATE,8084.08,8096.13,78.22
6.0487,0,0.00,0.00,APP_STATE,8084.08,8096.13,78.22
6.0536,0,0.00,0.00,APP_STATE,8085.12,8096.13,74.78
6.0563,0,0.00,0.00,APP_STATE,8085.40,8096.13,64.74
6.0595,0,0.00,0.00,APP_STATE,8085.40,8096.13,64.74
6.0636,0,0.00,0.00,APP_STATE,8085.40,8096.13,64.74
6.0657,0,0.00,0.00,APP_STATE,8085.40,8096.13,64.74
6.0683,0,0.00,0.00,APP_STATE,8086.32,8096.13,61.91
6.0724,0,0.00,0.00,APP_STATE,8086.06,8096.13,58.46
6.0836,0,0.00,0.00,APP_STATE,8086.06,8096.13,58.46
6.0874,0,0.00,0.00,APP_STATE,8086.90,8096.13,56.00
6.0903,0,0.00,0.00,APP_STATE,8086.72,8096.13,52.50
6.0946,0,0.00,0.00,APP_STATE,8086.72,8096.13,52.50
6.0977,0,0.00,0.00,APP_STATE,8086.72,8096.13,52.50
6.1007,0,0.00,0.00,APP_STATE,8087.42,8096.13,50.51
6.1037,0,0.00,0.00,APP_STATE,8087.38,8096.13,46.84
6.1057,0,0.00,0.00,APP_STATE,8087.38,8096.13,46.84
6.1100,0,0.00,0.00,APP_STATE,8087.38,8096.13,46.84
6.1109,0,0.00,0.00,APP_STATE,8087.38,8096.13,46.84
6.1130,0,0.00,0.00,APP_STATE,8087.38,8096.13,46.84
6.1176,0,0.00,0.00,APP_STATE,8088.05,8096.13,45.01
6.1196,0,0.00,0.00,APP_STATE,8088.04,8096.13,41.48
6.1272,0,0.00,0.00,APP_STATE,8088.04,8096.13,41.48
6.1292,0,0.00,0.00,APP_STATE,8088.04,8096.13,41.48
6.1319,0,0.00,0.00,APP_STATE,8088.64,8096.13,39.93
6.1353,0,0.00,0.00,APP_STATE,8088.70,8096.13,36.42
6.1387,0,0.00,0.00,APP_STATE,8088.70,8096.13,36.42
6.1397,0,0.00,0.00,APP_STATE,8088.70,8096.13,36.42
6.1427,0,0.00,0.00,APP_STATE,8088.70,8096.13,36.42
6.1457,0,0.00,0.00,APP_STATE,8088.70,8096.13,36.42
6.1472,0,0.00,0.00,APP_STATE,8089.19,8096.13,35.20
6.1503,0,0.00,0.00,APP_STATE,8089.37,8096.13,31.67
6.1522,0,0.00,0.00,APP_STATE,8089.37,8096.13,31.67
6.1543,0,0.00,0.00,APP_STATE,8089.37,8096.13,31.67
6.1578,0,0.00,0.00,APP_STATE,8089.37,8096.13,31.67
6.1599,0,0.00,0.00,APP_STATE,8089.37,8096.13,31.67
6.1609,0,0.00,0.00,APP_STATE,8089.37,8096.13,31.67
6.1629,0,0.00,0.00,APP_STATE,8089.82,8096.13,30.59
6.1665,0,0.00,0.00,APP_STATE,8090.03,8096.13,27.21
6.1684,0,0.00,0.00,APP_STATE,8090.03,8096.13,27.21
6.1714,0,0.00,0.00,APP_STATE,8090.03,8096.13,27.21
6.1740,0,0.00,0.00,APP_STATE,8090.03,8096.13,27.21
6.1770,0,0.00,0.00,APP_STATE,8090.03,8096.13,27.21
6.1802,0,0.00,0.00,APP_STATE,8090.40,8096.13,26.38
6.1829,0,0.00,0.00,APP_STATE,8090.69,8096.13,23.06
6.1855,0,0.00,0.00,APP_STATE,8090.69,8096.13,23.06
6.1875,0,0.00,0.00,APP_STATE,8090.69,8096.13,23.06
6.1895,0,0.00,0.00,APP_STATE,8090.69,8096.13,23.06
6.1915,0,0.00,0.00,APP_STATE,8090.69,8096.13,23.06
6.1935,0,0.00,0.00,APP_STATE,8091.02,8096.13,22.34
6.1965,0,0.00,0.00,APP_STATE,8091.35,8096.13,19.19
6.2001,0,0.00,0.00,APP_STATE,8091.35,8096.13,19.19
6.2012,0,0.00,0.00,APP_STATE,8091.35,8096.13,19.19
6.2044,0,0.00,0.00,APP_STATE,8091.35,8096.13,19.19
6.2075,0,0.00,0.00,APP_STATE,8091.35,8096.13,19.19
6.2090,0,0.00,0.00,APP_STATE,8091.63,8096.13,18.63
6.2121,0,0.00,0.00,APP_STATE,8091.35,8096.13,19.19
6.2146,0,0.00,0.00,APP_STATE,8091.35,8096.13,19.19
6.2179,0,0.00,0.00,APP_STATE,8091.35,8096.13,19.19
6.2195,0,0.00,0.00,APP_STATE,8091.35,8096.13,19.19
6.2215,0,0.00,0.00,APP_STATE,8091.35,8096.13,19.19
6.2241,0,0.00,0.00,APP_STATE,8091.35,8096.13,19.19
6.2251,0,0.00,0.00,APP_STATE,8091.61,8096.13,18.67
6.2292,0,0.00,0.00,APP_STATE,8091.35,8096.13,19.19
6.2318,0,0.00,0.00,APP_STATE,8091.35,8096.13,19.19
6.2343,0,0.00,0.00,APP_STATE,8091.35,8096.13,19.19
6.2373,0,0.00,0.00,APP_STATE,8091.35,8096.13,19.19
6.2393,0,0.00,0.00,APP_STATE,8091.35,8096.13,19.19
6.2413,0,0.00,0.00,APP_STATE,8091.63,8096.13,18.63
6.2438,0,0.00,0.00,APP_STATE,8091.35,8096.13,19.19
6.2472,0,0.00,0.00,APP_STATE,8091.35,8096.13,19.19
6.2501,0,0.00,0.00,APP_STATE,8091.35,8096.13,19.19
6.2521,0,0.00,0.00,APP_STATE,8091.35,8096.13,19.19
6.2541,0,0.00,0.00,APP_STATE,8091.35,8096.13,19.19
6.2715,0,0.00,0.00,APP_STATE,8091.63,8096.13,18.63
6.2762,0,0.00,0.00,APP_STATE,8091.61,8096.13,18.67
6.2792,0,0.00,0.00,APP_STATE,8091.35,8096.13,19.19
6.2817,0,0.00,0.00,APP_STATE,8091.35,8096.13,19.19
6.2842,0,0.00,0.00,APP_STATE,8091.35,8096.13,19.19
6.2873,0,0.00,0.00,APP_STATE,8091.63,8096.13,18.63
6.2903,0,0.00,0.00,APP_STATE,8091.35,8096.13,19.19
6.2933,0,0.00,0.00,APP_STATE,8091.35,8096.13,19.19
6.2958,0,0.00,0.00,APP_STATE,8091.35,8096.13,19.19
6.2989,0,0.00,0.00,APP_STATE,8091.35,8096.13,19.19
6.3009,0,0.00,0.00,APP_STATE,8091.35,8096.13,19.19
6.3036,0,0.00,0.00,APP_STATE,8091.61,8096.13,18.67
6.3056,0,0.00,0.00,APP_STATE,8091.35,8096.13,19.19
6.3077,0,0.00,0.00,APP_STATE,8091.35,8096.13,19.19
6.3108,0,0.00,0.00,APP_STATE,8091.35,8096.13,19.19
6.3118,0,0.00,0.00,APP_STATE,8091.35,8096.13,19.19
6.3144,0,0.00,0.00,APP_STATE,8091.35,8096.13,19.19
6.3169,0,0.00,0.00,APP_STATE,8091.35,8096.13,19.19
6.3189,0,0.00,0.00,APP_STATE,8091.63,8096.13,18.63
6.3224,0,0.00,0.00,APP_STATE,8091.35,8096.13,19.19
6.3251,0,0.00,0.00,APP_STATE,8091.35,8096.13,19.19
6.3281,0,0.00,0.00,APP_STATE,8091.35,8096.13,19.19
6.3291,0,0.00,0.00,APP_STATE,8091.35,8096.13,19.19
6.3330,0,0.00,0.00,APP_STATE,8091.35,8096.13,19.19
6.3339,0,0.00,0.00,APP_STATE,8091.63,8096.13,18.63
6.3374,0,0.00,0.00,APP_STATE,8091.35,8096.13,19.19
6.3404,0,0.00,0.00,APP_STATE,8091.35,8096.13,19.19
6.3415,0,0.00,0.00,APP_STATE,8091.35,8096.13,19.19
6.3445,0,0.00,0.00,APP_STATE,8091.35,8096.13,19.19
6.3475,0,0.00,0.00,APP_STATE,8091.35,8096.13,19.19
6.3495,0,0.00,0.00,APP_STATE,8091.61,8096.13,18.67
6.3525,0,0.00,0.00,APP_STATE,8091.35,8096.13,19.19
6.3555,0,0.00,0.00,APP_STATE,8091.35,8096.13,19.19
6.3587,0,0.00,0.00,APP_STATE,8091.35,8096.13,19.19
6.3608,0,0.00,0.00,APP_STATE,8091.35,8096.13,19.19
6.3641,0,0.00,0.00,APP_STATE,8091.35,8096.13,19.19
6.3656,0,0.00,0.00,APP_STATE,8091.63,8096.13,18.63
6.3682,0,0.00,0.00,APP_STATE,8091.35,8096.13,19.19
6.3712,0,0.00,0.00,APP_STATE,8091.35,8096.13,19.19
6.3737,0,0.00,0.00,APP_STATE,8091.35,8096.13,19.19
6.3763,0,0.00,0.00,APP_STATE,8091.35,8096.13,19.19
6.3783,0,0.00,0.00,APP_STATE,8091.35,8096.13,19.19
6.3814,0,0.00,0.00,APP_STATE,8091.63,8096.13,18.63
6.3835,0,0.00,0.00,APP_STATE,8091.35,8096.13,19.19
6.3866,0,0.00,0.00,APP_STATE,8091.35,8096.13,19.19
6.3896,0,0.00,0.00,APP_STATE,8091.35,8096.13,19.19
6.3916,0,0.00,0.00,APP_STATE,8091.35,8096.13,19.19
6.3946,0,0.00,0.00,APP_STATE,8091.35,8096.13,19.19
6.3966,0,0.00,0.00,APP_STATE,8091.61,8096.13,18.67
6.3993,0,0.00,0.00,APP_STATE,8091.35,8096.13,19.19
6.4013,0,0.00,0.00,APP_STATE,8091.35,8096.13,19.19
6.4043,0,0.00,0.00,APP_STATE,8091.35,8096.13,19.19
6.4064,0,0.00,0.00,APP_STATE,8091.35,8096.13,19.19
6.4102,0,0.00,0.00,APP_STATE,8091.35,8096.13,19.19
6.4128,0,0.00,0.00,APP_STATE,8091.63,8096.13,18.63
6.4128,0,0.00,0.00,APP_STATE,8091.35,8096.13,19.19
6.4169,0,0.00,0.00,APP_STATE,8091.35,8096.13,19.19
6.4199,0,0.00,0.00,APP_STATE,8091.35,8096.13,19.19
6.4239,0,0.00,0.00,APP_STATE,8091.35,8096.13,19.19
6.4261,0,0.00,0.00,APP_STATE,8091.35,8096.13,19.19
6.4281,0,0.00,0.00,APP_STATE,8091.61,8096.13,18.67
6.4307,0,0.00,0.00,APP_STATE,8091.35,8096.13,19.19
6.4367,0,0.00,0.00,APP_STATE,8091.35,8096.13,19.19
6.4402,0,0.00,0.00,APP_STATE,8091.35,8096.13,19.19
6.4510,0,0.00,0.00,APP_STATE,8091.63,8096.13,18.63
6.4530,0,0.00,0.00,APP_STATE,8091.35,8096.13,19.19
6.4565,0,0.00,0.00,APP_STATE,8091.35,8096.13,19.19
6.4590,0,0.00,0.00,APP_STATE,8091.63,8096.13,18.63
6.4616,0,0.00,0.00,APP_STATE,8091.35,8096.13,19.19
6.4648,0,0.00,0.00,APP_STATE,8091.35,8096.13,19.19
6.4752,0,0.00,0.00,APP_STATE,8091.61,8096.13,18.67
6.4778,0,0.00,0.00,APP_STATE,8091.35,8096.13,19.19
6.4813,0,0.00,0.00,APP_STATE,8091.35,8096.13,19.19
6.4823,0,0.00,0.00,APP_STATE,8091.35,8096.13,19.19
6.4860,0,0.00,0.00,APP_STATE,8091.35,8096.13,19.19
6.4890,0,0.00,0.00,APP_STATE,8091.35,8096.13,19.19
6.4900,0,0.00,0.00,APP_STATE,8091.63,8096.13,18.63
6.4935,0,0.00,0.00,APP_STATE,8091.35,8096.13,19.19
6.4948,0,0.00,0.00,APP_STATE,8091.35,8096.13,19.19
6.4983,0,0.00,0.00,APP_STATE,8091.35,8096.13,19.19
6.5003,0,0.00,0.00,APP_STATE,8091.35,8096.13,19.19
6.5033,0,0.00,0.00,APP_STATE,8091.35,8096.13,19.19
6.5043,0,0.00,0.00,APP_STATE,8091.35,8096.13,19.19
6.5058,0,0.00,0.00,APP_STATE,8091.63,8096.13,18.63
6.5099,0,0.00,0.00,APP_STATE,8091.35,8096.13,19.19
6.5117,0,0.00,0.00,APP_STATE,8091.35,8096.13,19.19
6.5152,0,0.00,0.00,APP_STATE,8091.35,8096.13,19.19
6.5183,0,0.00,0.00,APP_STATE,8091.35,8096.13,19.19
6.5204,0,0.00,0.00,APP_STATE,8091.35,8096.13,19.19
6.5224,0,0.00,0.00,APP_STATE,8091.61,8096.13,18.67
6.5245,0,0.00,0.00,APP_STATE,8091.35,8096.13,19.19
6.5276,0,0.00,0.00,APP_STATE,8091.35,8096.13,19.19
6.5295,0,0.00,0.00,APP_STATE,8091.35,8096.13,19.19
6.5331,0,0.00,0.00,APP_STATE,8091.35,8096.13,19.19
6.5346,0,0.00,0.00,APP_STATE,8091.35,8096.13,19.19
6.5373,0,0.00,0.00,APP_STATE,8091.63,8096.13,18.63
6.5403,0,0.00,0.00,APP_STATE,8091.35,8096.13,19.19
6.5429,0,0.00,0.00,APP_STATE,8091.35,8096.13,19.19
6.5449,0,0.00,0.00,APP_STATE,8091.35,8096.13,19.19
6.5486,0,0.00,0.00,APP_STATE,8091.35,8096.13,19.19
6.5506,0,0.00,0.00,APP_STATE,8091.35,8096.13,19.19
6.5537,0,0.00,0.00,APP_STATE,8091.61,8096.13,18.67
6.5567,0,0.00,0.00,APP_STATE,8091.35,8096.13,19.19
6.5587,0,0.00,0.00,APP_STATE,8091.35,8096.13,19.19
6.5617,0,0.00,0.00,APP_STATE,8091.35,8096.13,19.19
6.5637,0,0.00,0.00,APP_STATE,8091.35,8096.13,19.19
6.5662,0,0.00,0.00,APP_STATE,8091.35,8096.13,19.19
6.5689,0,0.00,0.00,APP_STATE,8091.63,8096.13,18.63
6.5715,0,0.00,0.00,APP_STATE,8091.35,8096.13,19.19
6.5752,0,0.00,0.00,APP_STATE,8091.35,8096.13,19.19
6.5772,0,0.00,0.00,APP_STATE,8091.35,8096.13,19.19
6.5806,0,0.00,0.00,APP_STATE,8091.35,8096.13,19.19
6.5826,0,0.00,0.00,APP_STATE,8091.35,8096.13,19.19
6.5841,0,0.00,0.00,APP_STATE,8091.63,8096.13,18.63
6.5874,0,0.00,0.00,APP_STATE,8091.35,8096.13,19.19
6.5894,0,0.00,0.00,APP_STATE,8091.35,8096.13,19.19
6.5924,0,0.00,0.00,APP_STATE,8091.35,8096.13,19.19
6.5954,0,0.00,0.00,APP_STATE,8091.35,8096.13,19.19
6.5969,0,0.00,0.00,APP_STATE,8091.35,8096.13,19.19
6.5988,0,0.00,0.00,APP_STATE,8091.35,8096.13,19.19
6.6008,0,0.00,0.00,APP_STATE,8091.61,8096.13,18.67
6.6038,0,0.00,0.00,APP_STATE,8091.35,8096.13,19.19
6.6048,0,0.00,0.00,APP_STATE,8091.35,8096.13,19.19
6.6094,0,0.00,0.00,APP_STATE,8091.35,8096.13,19.19
6.6150,0,0.00,0.00,APP_STATE,8091.63,8096.13,18.63
6.6175,0,0.00,0.00,APP_STATE,8091.35,8096.13,19.19
6.6207,0,0.00,0.00,APP_STATE,8091.35,8096.13,19.19
6.6240,0,0.00,0.00,APP_STATE,8091.35,8096.13,19.19
6.6270,0,0.00,0.00,APP_STATE,8091.35,8096.13,19.19
6.6280,0,0.00,0.00,APP_STATE,8091.35,8096.13,19.19
6.6310,0,0.00,0.00,APP_STATE,8091.63,8096.13,18.63
6.6334,0,0.00,0.00,APP_STATE,8091.35,8096.13,19.19
6.6364,0,0.00,0.00,APP_STATE,8091.35,8096.13,19.19
6.6397,0,0.00,0.00,APP_STATE,8091.35,8096.13,19.19
6.6427,0,0.00,0.00,APP_STATE,8091.35,8096.13,19.19
6.6447,0,0.00,0.00,APP_STATE,8091.35,8096.13,19.19
6.6467,0,0.00,0.00,APP_STATE,8091.61,8096.13,18.67
6.6494,0,0.00,0.00,APP_STATE,8091.35,8096.13,19.19
6.6524,0,0.00,0.00,APP_STATE,8091.35,8096.13,19.19
6.6544,0,0.00,0.00,APP_STATE,8091.35,8096.13,19.19
6.6573,0,0.00,0.00,APP_STATE,8091.35,8096.13,19.19
6.6598,0,0.00,0.00,APP_STATE,8091.35,8096.13,19.19
6.6629,0,0.00,0.00,APP_STATE,8091.63,8096.13,18.63
6.6654,0,0.00,0.00,APP_STATE,8091.35,8096.13,19.19
6.6684,0,0.00,0.00,APP_STATE,8091.35,8096.13,19.19
6.6704,0,0.00,0.00,APP_STATE,8091.35,8096.13,19.19
6.6734,0,0.00,0.00,APP_STATE,8091.35,8096.13,19.19
6.6755,0,0.00,0.00,APP_STATE,8091.35,8096.13,19.19
6.6775,0,0.00,0.00,APP_STATE,8091.35,8096.13,19.19
6.6785,0,0.00,0.00,APP_STATE,8091.61,8096.13,18.67
6.6820,0,0.00,0.00,APP_STATE,8091.35,8096.13,19.19
6.6845,0,0.00,0.00,APP_STATE,8091.35,8096.13,19.19
6.6865,0,0.00,0.00,APP_STATE,8091.35,8096.13,19.19
6.6895,0,0.00,0.00,APP_STATE,8091.35,8096.13,19.19
6.6915,0,0.00,0.00,APP_STATE,8091.35,8096.13,19.19
6.6935,0,0.00,0.00,APP_STATE,8091.63,8096.13,18.63
6.6971,0,0.00,0.00,APP_STATE,8091.35,8096.13,19.19
6.7001,0,0.00,0.00,APP_STATE,8091.35,8096.13,19.19
6.7031,0,0.00,0.00,APP_STATE,8091.35,8096.13,19.19
6.7060,0,0.00,0.00,APP_STATE,8091.35,8096.13,19.19
6.7076,0,0.00,0.00,APP_STATE,8091.35,8096.13,19.19
6.7101,0,0.00,0.00,APP_STATE,8091.63,8096.13,18.63
6.7134,0,0.00,0.00,APP_STATE,8091.35,8096.13,19.19
6.7164,0,0.00,0.00,APP_STATE,8091.35,8096.13,19.19
6.7189,0,0.00,0.00,APP_STATE,8091.35,8096.13,19.19
6.7219,0,0.00,0.00,APP_STATE,8091.35,8096.13,19.19
6.7244,0,0.00,0.00,APP_STATE,8091.61,8096.13,18.67
6.7269,0,0.00,0.00,APP_STATE,8091.35,8096.13,19.19
6.7289,0,0.00,0.00,APP_STATE,8091.35,8096.13,19.19
6.7330,0,0.00,0.00,APP_STATE,8091.35,8096.13,19.19
6.7354,0,0.00,0.00,APP_STATE,8091.35,8096.13,19.19
6.7384,0,0.00,0.00,APP_STATE,8091.35,8096.13,19.19
6.7404,0,0.00,0.00,APP_STATE,8091.63,8096.13,18.63
6.7437,0,0.00,0.00,APP_STATE,8091.35,8096.13,19.19
6.7470,0,0.00,0.00,APP_STATE,8091.35,8096.13,19.19
6.7490,0,0.00,0.00,APP_STATE,8091.35,8096.13,19.19
6.7521,0,0.00,0.00,APP_STATE,8091.35,8096.13,19.19
6.7540,0,0.00,0.00,APP_STATE,8091.35,8096.13,19.19
6.7576,0,0.00,0.00,APP_STATE,8091.63,8096.13,18.63
6.7602,0,0.00,0.00,APP_STATE,8091.35,8096.13,19.19
6.7646,0,0.00,0.00,APP_STATE,8091.35,8096.13,19.19
6.7667,0,0.00,0.00,APP_STATE,8091.35,8096.13,19.19
6.7692,0,0.00,0.00,APP_STATE,8091.35,8096.13,19.19
6.7741,0,0.00,0.00,APP_STATE,8091.61,8096.13,18.67
6.7773,0,0.00,0.00,APP_STATE,8091.35,8096.13,19.19
6.7808,0,0.00,0.00,APP_STATE,8091.35,8096.13,19.19
6.7855,0,0.00,0.00,APP_STATE,8091.35,8096.13,19.19
6.7874,0,0.00,0.00,APP_STATE,8091.63,8096.13,18.63
6.7899,0,0.00,0.00,APP_STATE,8091.35,8096.13,19.19
6.7932,0,0.00,0.00,APP_STATE,8091.35,8096.13,19.19
6.7952,0,0.00,0.00,APP_STATE,8091.35,8096.13,19.19
6.7980,0,0.00,0.00,APP_STATE,8091.35,8096.13,19.19
6.8010,0,0.00,0.00,APP_STATE,8091.35,8096.13,19.19
6.8047,0,0.00,0.00,APP_STATE,8091.61,8096.13,18.67
6.8069,0,0.00,0.00,APP_STATE,8091.35,8096.13,19.19
6.8109,0,0.00,0.00,APP_STATE,8091.35,8096.13,19.19
6.8129,0,0.00,0.00,APP_STATE,8091.35,8096.13,19.19
6.8164,0,0.00,0.00,APP_STATE,8091.35,8096.13,19.19
6.8190,0,0.00,0.00,APP_STATE,8091.63,8096.13,18.63
6.8200,0,0.00,0.00,APP_STATE,8091.35,8096.13,19.19
6.8232,0,0.00,0.00,APP_STATE,8091.35,8096.13,19.19
6.8254,0,0.00,0.00,APP_STATE,8091.35,8096.13,19.19
6.8284,0,0.00,0.00,APP_STATE,8091.35,8096.13,19.19
6.8309,0,0.00,0.00,APP_STATE,8091.35,8096.13,19.19
6.8327,0,0.00,0.00,APP_STATE,8091.35,8096.13,19.19
6.8350,0,0.00,0.00,APP_STATE,8091.63,8096.13,18.63
6.8371,0,0.00,0.00,APP_STATE,8091.35,8096.13,19.19
6.8402,0,0.00,0.00,APP_STATE,8091.35,8096.13,19.19
6.8431,0,0.00,0.00,APP_STATE,8091.35,8096.13,19.19
6.8451,0,0.00,0.00,APP_STATE,8091.35,8096.13,19.19
6.8489,0,0.00,0.00,APP_STATE,8091.35,8096.13,19.19
6.8499,0,0.00,0.00,APP_STATE,8091.61,8096.13,18.67
6.8529,0,0.00,0.00,APP_STATE,8091.35,8096.13,19.19
6.8557,0,0.00,0.00,APP_STATE,8091.35,8096.13,19.19
6.8589,0,0.00,0.00,APP_STATE,8091.35,8096.13,19.19
6.8599,0,0.00,0.00,APP_STATE,8091.35,8096.13,19.19
6.8629,0,0.00,0.00,APP_STATE,8091.35,8096.13,19.19
6.8651,0,0.00,0.00,APP_STATE,8091.63,8096.13,18.63
6.8682,0,0.00,0.00,APP_STATE,8091.35,8096.13,19.19
6.8712,0,0.00,0.00,APP_STATE,8091.35,8096.13,19.19
6.8741,0,0.00,0.00,APP_STATE,8091.35,8096.13,19.19
6.8773,0,0.00,0.00,APP_STATE,8091.35,8096.13,19.19
6.8804,0,0.00,0.00,APP_STATE,8091.35,8096.13,19.19
6.8814,0,0.00,0.00,APP_STATE,8091.63,8096.13,18.63
6.8846,0,0.00,0.00,APP_STATE,8091.35,8096.13,19.19
6.8866,0,0.00,0.00,APP_STATE,8091.35,8096.13,19.19
6.8900,0,0.00,0.00,APP_STATE,8091.35,8096.13,19.19
6.8920,0,0.00,0.00,APP_STATE,8091.35,8096.13,19.19
6.8998,-205,208.30,62.49,Touchpad DOWN,8091.35,8096.13,19.19
6.9008,0,0.00,0.00,APP_STATE,8091.33,8255.33,0.00
6.9038,0,0.00,0.00,APP_STATE,8159.58,8255.33,4549.56
6.9070,0,0.00,0.00,APP_STATE,8162.72,8255.33,3382.51
6.9085,-106,12137.16,3684.89,Touchpad DOWN,8162.72,8255.33,3382.51
6.9136,-116,23074.04,9501.64,Touchpad DOWN,8162.72,8255.33,3382.51
6.9181,0,0.00,0.00,APP_STATE,8315.68,8513.07,9563.54
6.9272,0,0.00,0.00,APP_STATE,8322.94,8513.07,6943.55
6.9297,-265,16426.13,11578.98,Touchpad DOWN,8322.94,8513.07,6943.55
6.9350,-129,24277.17,15388.44,Touchpad DOWN,8322.94,8513.07,6943.55
6.9370,0,0.00,0.00,APP_STATE,8468.47,8673.07,9720.52
6.9517,0,0.00,0.00,APP_STATE,8557.92,8673.07,5578.73
6.9593,0,0.00,0.00,APP_STATE,8608.25,8673.07,3140.54
6.9675,0,0.00,0.00,APP_STATE,8614.76,8799.97,6763.99
6.9750,-137,3424.41,11799.23,Touchpad DOWN,8614.76,8799.97,6763.99
6.9780,281,94114.78,36493.90,Touchpad UP,8614.76,8799.97,6763.99
6.9796,0,0.00,0.00,APP_STATE,8691.77,8799.97,5140.55
6.9900,0,0.00,0.00,APP_STATE,8739.15,8799.97,2946.86
6.9930,0,0.00,0.00,APP_STATE,8740.88,8799.97,1551.38
6.9950,0,0.00,0.00,APP_STATE,8740.67,8588.40,0.00
6.9965,-344,18574.88,31118.19,Touchpad DOWN,8740.67,8588.40,0.00
6.9974,0,0.00,0.00,APP_STATE,8740.67,9091.07,0.00
7.0004,0,0.00,0.00,APP_STATE,8753.01,9091.07,12346.18
7.0034,0,0.00,0.00,APP_STATE,8765.23,9091.07,11899.87
7.0622,0,0.00,0.00,APP_STATE,9055.83,9091.07,4685.48
7.0787,0,0.00,0.00,APP_STATE,9063.43,9091.07,464.49
7.0818,-1520,17821.56,14388.56,Touchpad DOWN,9063.43,9091.07,464.49
7.0828,0,0.00,0.00,APP_STATE,9063.67,9091.07,332.55
7.0854,-66,18482.04,15616.60,Touchpad DOWN,9063.67,9091.07,332.55
7.0904,0,0.00,0.00,APP_STATE,9216.35,9413.73,9563.54
7.1048,0,0.00,0.00,APP_STATE,9298.67,9413.73,5466.87
7.1129,0,0.00,0.00,APP_STATE,9302.72,9413.73,4054.32
7.1175,0,0.00,0.00,APP_STATE,9351.17,9413.73,3031.37
7.1216,0,0.00,0.00,APP_STATE,9352.98,9413.73,1647.59
7.1262,0,0.00,0.00,APP_STATE,9354.24,9413.73,1574.50
7.1703,0,0.00,0.00,APP_STATE,9395.71,9413.73,887.40
7.1743,0,0.00,0.00,APP_STATE,9396.15,9413.73,148.63
7.1771,-1370,14945.72,11120.81,Touchpad DOWN,9396.15,9413.73,148.63
7.1807,0,0.00,0.00,APP_STATE,9541.80,9746.40,9720.52
7.1892,0,0.00,0.00,APP_STATE,9549.20,9746.40,7201.94
7.1912,0,0.00,0.00,APP_STATE,9556.28,9746.40,6943.55
7.1942,0,0.00,0.00,APP_STATE,9639.14,9746.40,5196.63
7.2020,0,0.00,0.00,APP_STATE,9643.11,9746.40,3772.44
7.2039,0,0.00,0.00,APP_STATE,9646.96,9746.40,3631.50
7.2294,0,0.00,0.00,APP_STATE,9713.60,9746.40,2159.06
7.2442,0,0.00,0.00,APP_STATE,9720.01,9746.40,417.47
7.2473,-895,12740.99,11606.87,Touchpad DOWN,9720.01,9746.40,417.47
7.2501,0,0.00,0.00,APP_STATE,9732.35,10070.40,12346.18
7.2531,0,0.00,0.00,APP_STATE,9744.57,10070.40,11899.87
7.2599,0,0.00,0.00,APP_STATE,9886.91,10070.40,8890.31
7.2712,0,0.00,0.00,APP_STATE,9893.14,10070.40,6473.76
7.2732,0,0.00,0.00,APP_STATE,9967.01,10070.40,4912.04
7.2809,0,0.00,0.00,APP_STATE,9970.96,10070.40,3631.50
7.2841,-416,11298.37,11514.32,Touchpad DOWN,9970.96,10070.40,3631.50
7.2852,0,0.00,0.00,APP_STATE,9974.18,10070.40,3514.06
7.2921,0,0.00,0.00,APP_STATE,10127.01,10324.40,9563.54
7.3059,0,0.00,0.00,APP_STATE,10209.33,10324.40,5466.87
7.3090,0,0.00,0.00,APP_STATE,10213.39,10324.40,4054.32
7.3120,0,0.00,0.00,APP_STATE,10217.25,10324.40,3913.38
7.3616,0,0.00,0.00,APP_STATE,10304.56,10324.40,1855.97
7.3831,0,0.00,0.00,APP_STATE,10309.67,10324.40,156.21
7.3949,0,0.00,0.00,APP_STATE,10309.45,10324.40,112.29
7.3995,-920,7975.87,3801.87,Touchpad DOWN,10309.45,10324.40,112.29
7.4025,0,0.00,0.00,APP_STATE,10455.14,10659.73,9720.52
7.4103,0,0.00,0.00,APP_STATE,10462.54,10659.73,7201.94
7.4148,0,0.00,0.00,APP_STATE,10548.72,10659.73,5378.58
7.4239,0,0.00,0.00,APP_STATE,10552.58,10659.73,3913.38
7.4264,0,0.00,0.00,APP_STATE,10556.44,10659.73,3772.44
7.4579,0,0.00,0.00,APP_STATE,10625.83,10659.73,2231.22
7.4653,0,0.00,0.00,APP_STATE,10632.93,10659.73,432.86
7.4683,0,0.00,0.00,APP_STATE,10632.98,10659.73,317.86
7.4713,0,0.00,0.00,APP_STATE,10632.98,10659.73,317.86
7.4742,0,0.00,0.00,APP_STATE,10632.98,10659.73,317.86
7.4851,0,0.00,0.00,APP_STATE,10637.06,10659.73,293.02
7.4881,0,0.00,0.00,APP_STATE,10637.56,10659.73,224.90
7.4921,0,0.00,0.00,APP_STATE,10640.67,10659.73,208.73
7.4951,0,0.00,0.00,APP_STATE,10640.84,10659.73,168.76
7.4982,0,0.00,0.00,APP_STATE,10640.84,10659.73,168.76
7.5045,0,0.00,0.00,APP_STATE,10640.84,10659.73,168.76
7.5096,0,0.00,0.00,APP_STATE,10643.19,10659.73,158.00
7.5134,0,0.00,0.00,APP_STATE,10643.46,10659.73,129.81
7.5150,-352,3047.33,1306.41,Touchpad DOWN,10643.46,10659.73,129.81
7.5224,0,0.00,0.00,APP_STATE,10779.64,10970.90,9087.13
7.5374,0,0.00,0.00,APP_STATE,10862.99,10970.90,5228.51
7.5467,0,0.00,0.00,APP_STATE,10866.48,10970.90,3813.60
7.5497,0,0.00,0.00,APP_STATE,10870.34,10970.90,3672.66
7.5537,0,0.00,0.00,APP_STATE,10912.38,10970.90,2780.63
7.5563,0,0.00,0.00,APP_STATE,10914.09,10970.90,1425.91
7.5576,0,0.00,0.00,APP_STATE,10915.36,10970.90,1359.03
7.5842,0,0.00,0.00,APP_STATE,10944.76,10970.90,919.54
7.5994,0,0.00,0.00,APP_STATE,10948.82,10970.90,277.17
7.6035,-72,813.77,750.48,Touchpad DOWN,10948.82,10970.90,277.17
7.6045,0,0.00,0.00,APP_STATE,10948.89,10970.90,221.92
7.6065,-1,331.72,624.85,Touchpad DOWN,10948.89,10970.90,221.92
7.6113,0,0.00,0.00,APP_STATE,10951.51,11029.30,2841.12
7.6149,0,0.00,0.00,APP_STATE,10954.00,11029.30,2662.46
7.6271,0,0.00,0.00,APP_STATE,10985.10,11029.30,1943.88
7.6306,0,0.00,0.00,APP_STATE,10986.14,11029.30,805.95
7.6327,0,0.00,0.00,APP_STATE,10996.95,11029.30,684.43
7.6353,0,0.00,0.00,APP_STATE,10997.12,11029.30,451.61
7.6390,0,0.00,0.00,APP_STATE,10997.77,11029.30,434.25
7.6401,0,0.00,0.00,APP_STATE,10998.42,11029.30,417.26
7.6421,0,0.00,0.00,APP_STATE,10999.07,11029.30,400.64
7.6450,0,0.00,0.00,APP_STATE,10999.72,11029.30,384.38
7.6466,0,0.00,0.00,APP_STATE,11005.07,11029.30,337.76
7.6526,0,0.00,0.00,APP_STATE,11005.59,11029.30,254.24
7.6543,0,0.00,0.00,APP_STATE,11005.59,11029.30,254.24
7.6567,-8,159.27,330.61,Touchpad DOWN,11005.59,11029.30,254.24
7.6616,0,0.00,0.00,APP_STATE,11005.73,11035.70,394.09
7.6645,0,0.00,0.00,APP_STATE,11011.50,11035.70,343.97
7.6752,0,0.00,0.00,APP_STATE,11011.60,11035.70,262.03
7.6781,0,0.00,0.00,APP_STATE,11014.98,11035.70,243.20
7.6828,0,0.00,0.00,APP_STATE,11014.87,11035.70,200.89
7.6987,0,0.00,0.00,APP_STATE,11017.66,11035.70,187.12
7.7008,0,0.00,0.00,APP_STATE,11017.49,11035.70,158.05
7.7028,0,0.00,0.00,APP_STATE,11017.49,11035.70,158.05
7.7059,0,0.00,0.00,APP_STATE,11017.49,11035.70,158.05
7.7090,0,0.00,0.00,APP_STATE,11019.71,11035.70,148.25
7.7121,0,0.00,0.00,APP_STATE,11020.12,11035.70,120.47
7.7164,0,0.00,0.00,APP_STATE,11020.12,11035.70,120.47
7.7190,0,0.00,0.00,APP_STATE,11020.12,11035.70,120.47
7.7221,0,0.00,0.00,APP_STATE,11020.12,11035.70,120.47
7.7236,0,0.00,0.00,APP_STATE,11020.12,11035.70,120.47
7.7262,0,0.00,0.00,APP_STATE,11021.71,11035.70,114.21
7.7291,0,0.00,0.00,APP_STATE,11022.10,11035.70,95.67
7.7342,0,0.00,0.00,APP_STATE,11022.10,11035.70,95.67
7.7362,0,0.00,0.00,APP_STATE,11022.10,11035.70,95.67
7.7393,0,0.00,0.00,APP_STATE,11022.10,11035.70,95.67
7.7432,0,0.00,0.00,APP_STATE,11023.45,11035.70,90.82
7.7458,0,0.00,0.00,APP_STATE,11023.41,11035.70,80.72
7.7578,0,0.00,0.00,APP_STATE,11024.56,11035.70,76.89
7.7653,0,0.00,0.00,APP_STATE,11024.73,11035.70,67.02
7.7686,0,0.00,0.00,APP_STATE,11024.73,11035.70,67.02
7.7711,0,0.00,0.00,APP_STATE,11024.73,11035.70,67.02
7.7753,0,0.00,0.00,APP_STATE,11025.63,11035.70,64.25
7.7854,0,0.00,0.00,APP_STATE,11025.39,11035.70,60.64
7.7910,0,0.00,0.00,APP_STATE,11026.26,11035.70,58.05
7.7940,0,0.00,0.00,APP_STATE,11026.05,11035.70,54.56
7.7984,0,0.00,0.00,APP_STATE,11026.05,11035.70,54.56
7.8016,0,0.00,0.00,APP_STATE,11026.05,11035.70,54.56
7.8061,0,0.00,0.00,APP_STATE,11026.79,11035.70,52.47
7.8095,0,0.00,0.00,APP_STATE,11026.72,11035.70,48.79
7.8135,0,0.00,0.00,APP_STATE,11026.72,11035.70,48.79
7.8157,0,0.00,0.00,APP_STATE,11026.72,11035.70,48.79
7.8192,0,0.00,0.00,APP_STATE,11027.42,11035.70,46.87
7.8224,0,0.00,0.00,APP_STATE,11027.38,11035.70,43.33
7.8356,0,0.00,0.00,APP_STATE,11028.00,11035.70,41.69
7.8406,0,0.00,0.00,APP_STATE,11028.04,11035.70,38.17
7.8457,0,0.00,0.00,APP_STATE,11028.04,11035.70,38.17
7.8476,0,0.00,0.00,APP_STATE,11028.04,11035.70,38.17
7.8503,0,0.00,0.00,APP_STATE,11028.55,11035.70,36.87
7.8542,0,0.00,0.00,APP_STATE,11028.70,11035.70,33.31
7.8558,0,0.00,0.00,APP_STATE,11028.70,11035.70,33.31
7.8597,0,0.00,0.00,APP_STATE,11028.70,11035.70,33.31
7.8614,0,0.00,0.00,APP_STATE,11028.70,11035.70,33.31
7.8649,0,0.00,0.00,APP_STATE,11028.70,11035.70,33.31
7.8685,0,0.00,0.00,APP_STATE,11029.18,11035.70,32.15
7.8726,0,0.00,0.00,APP_STATE,11029.36,11035.70,28.75
7.8763,0,0.00,0.00,APP_STATE,11029.36,11035.70,28.75
7.8793,0,0.00,0.00,APP_STATE,11029.36,11035.70,28.75
7.8819,0,0.00,0.00,APP_STATE,11029.78,11035.70,27.79
7.8846,0,0.00,0.00,APP_STATE,11030.02,11035.70,24.49
7.8887,0,0.00,0.00,APP_STATE,11030.02,11035.70,24.49
7.8936,0,0.00,0.00,APP_STATE,11030.02,11035.70,24.49
7.8967,0,0.00,0.00,APP_STATE,11030.02,11035.70,24.49
7.9004,0,0.00,0.00,APP_STATE,11030.36,11035.70,23.76
7.9035,0,0.00,0.00,APP_STATE,11030.69,11035.70,20.52
7.9068,0,0.00,0.00,APP_STATE,11030.69,11035.70,20.52
7.9089,0,0.00,0.00,APP_STATE,11030.69,11035.70,20.52
7.9122,0,0.00,0.00,APP_STATE,11030.99,11035.70,19.90
7.9132,0,0.00,0.00,APP_STATE,11030.69,11035.70,20.52
7.9169,0,0.00,0.00,APP_STATE,11030.69,11035.70,20.52
7.9195,0,0.00,0.00,APP_STATE,11030.69,11035.70,20.52
7.9226,0,0.00,0.00,APP_STATE,11030.69,11035.70,20.52
7.9254,0,0.00,0.00,APP_STATE,11030.69,11035.70,20.52
7.9342,0,0.00,0.00,APP_STATE,11030.97,11035.70,19.94
7.9383,0,0.00,0.00,APP_STATE,11030.69,11035.70,20.52
7.9413,0,0.00,0.00,APP_STATE,11030.69,11035.70,20.52
7.9443,0,0.00,0.00,APP_STATE,11030.99,11035.70,19.90
7.9468,0,0.00,0.00,APP_STATE,11030.69,11035.70,20.52
7.9498,0,0.00,0.00,APP_STATE,11030.69,11035.70,20.52
7.9539,0,0.00,0.00,APP_STATE,11030.69,11035.70,20.52
7.9576,0,0.00,0.00,APP_STATE,11030.69,11035.70,20.52
7.9598,0,0.00,0.00,APP_STATE,11030.99,11035.70,19.90
7.9626,0,0.00,0.00,APP_STATE,11030.69,11035.70,20.52
7.9675,0,0.00,0.00,APP_STATE,11030.69,11035.70,20.52
7.9697,0,0.00,0.00,APP_STATE,11030.69,11035.70,20.52
7.9726,0,0.00,0.00,APP_STATE,11030.69,11035.70,20.52
7.9749,0,0.00,0.00,APP_STATE,11030.97,11035.70,19.94
7.9776,0,0.00,0.00,APP_STATE,11030.69,11035.70,20.52
7.9812,0,0.00,0.00,APP_STATE,11030.69,11035.70,20.52
7.9838,0,0.00,0.00,APP_STATE,11030.69,11035.70,20.52
7.9865,0,0.00,0.00,APP_STATE,11030.69,11035.70,20.52
7.9885,0,0.00,0.00,APP_STATE,11030.69,11035.70,20.52
7.9905,0,0.00,0.00,APP_STATE,11030.99,11035.70,19.90
7.9931,0,0.00,0.00,APP_STATE,11030.69,11035.70,20.52
7.9975,0,0.00,0.00,APP_STATE,11030.69,11035.70,20.52
7.9996,0,0.00,0.00,APP_STATE,11030.69,11035.70,20.52
8.0035,0,0.00,0.00,APP_STATE,11030.69,11035.70,20.52
8.0073,0,0.00,0.00,APP_STATE,11030.99,11035.70,19.90
8.0103,0,0.00,0.00,APP_STATE,11030.69,11035.70,20.52
8.0140,0,0.00,0.00,APP_STATE,11030.69,11035.70,20.52
8.0177,0,0.00,0.00,APP_STATE,11030.69,11035.70,20.52
8.0207,0,0.00,0.00,APP_STATE,11030.69,11035.70,20.52
8.0217,0,0.00,0.00,APP_STATE,11030.97,11035.70,19.94
8.0243,0,0.00,0.00,APP_STATE,11030.69,11035.70,20.52
8.0278,0,0.00,0.00,APP_STATE,11030.69,11035.70,20.52
8.0327,0,0.00,0.00,APP_STATE,11030.69,11035.70,20.52
8.0364,0,0.00,0.00,APP_STATE,11030.69,11035.70,20.52
8.0384,0,0.00,0.00,APP_STATE,11030.99,11035.70,19.90
8.0430,0,0.00,0.00,APP_STATE,11030.69,11035.70,20.52
8.0446,0,0.00,0.00,APP_STATE,11030.69,11035.70,20.52
8.0484,0,0.00,0.00,APP_STATE,11030.69,11035.70,20.52
8.0514,0,0.00,0.00,APP_STATE,11030.69,11035.70,20.52
8.0530,0,0.00,0.00,APP_STATE,11030.97,11035.70,19.94
8.0561,0,0.00,0.00,APP_STATE,11030.69,11035.70,20.52
8.0592,0,0.00,0.00,APP_STATE,11030.69,11035.70,20.52
8.0622,0,0.00,0.00,APP_STATE,11030.69,11035.70,20.52
8.0649,0,0.00,0.00,APP_STATE,11030.69,11035.70,20.52
8.0689,0,0.00,0.00,APP_STATE,11030.99,11035.70,19.90
8.0724,0,0.00,0.00,APP_STATE,11030.69,11035.70,20.52
8.0765,0,0.00,0.00,APP_STATE,11030.69,11035.70,20.52
8.0795,0,0.00,0.00,APP_STATE,11030.69,11035.70,20.52
8.0825,0,0.00,0.00,APP_STATE,11030.69,11035.70,20.52
8.0850,0,0.00,0.00,APP_STATE,11030.99,11035.70,19.90
8.0871,0,0.00,0.00,APP_STATE,11030.69,11035.70,20.52
8.0891,0,0.00,0.00,APP_STATE,11030.69,11035.70,20.52
8.0921,0,0.00,0.00,APP_STATE,11030.69,11035.70,20.52
8.0956,0,0.00,0.00,APP_STATE,11030.69,11035.70,20.52
8.0986,0,0.00,0.00,APP_STATE,11030.69,11035.70,20.52
8.1007,0,0.00,0.00,APP_STATE,11030.97,11035.70,19.94
8.1042,0,0.00,0.00,APP_STATE,11030.69,11035.70,20.52
8.1068,0,0.00,0.00,APP_STATE,11030.69,11035.70,20.52
8.1108,0,0.00,0.00,APP_STATE,11030.69,11035.70,20.52
8.1128,0,0.00,0.00,APP_STATE,11030.69,11035.70,20.52
8.1154,0,0.00,0.00,APP_STATE,11030.99,11035.70,19.90
8.1320,0,0.00,0.00,APP_STATE,11030.99,11035.70,19.90
8.1355,0,0.00,0.00,APP_STATE,11030.69,11035.70,20.52
8.1395,0,0.00,0.00,APP_STATE,11030.69,11035.70,20.52
8.1425,0,0.00,0.00,APP_STATE,11030.69,11035.70,20.52
8.1450,0,0.00,0.00,APP_STATE,11030.69,11035.70,20.52
8.1481,0,0.00,0.00,APP_STATE,11030.97,11035.70,19.94
8.1511,0,0.00,0.00,APP_STATE,11030.69,11035.70,20.52
8.1547,0,0.00,0.00,APP_STATE,11030.69,11035.70,20.52
8.1578,0,0.00,0.00,APP_STATE,11030.69,11035.70,20.52
8.1614,0,0.00,0.00,APP_STATE,11030.69,11035.70,20.52
8.1634,0,0.00,0.00,APP_STATE,11030.99,11035.70,19.90
8.1644,0,0.00,0.00,APP_STATE,11030.69,11035.70,20.52
8.2032,0,0.00,0.00,APP_STATE,11031.27,11035.70,19.31
8.2097,0,0.00,0.00,APP_STATE,11031.60,11035.70,16.37
8.2118,0,0.00,0.00,APP_STATE,11031.35,11035.70,16.85
8.2143,0,0.00,0.00,APP_STATE,11031.35,11035.70,16.85
8.2164,0,0.00,0.00,APP_STATE,11031.35,11035.70,16.85
8.2203,0,0.00,0.00,APP_STATE,11031.35,11035.70,16.85
8.2234,0,0.00,0.00,APP_STATE,11031.35,11035.70,16.85
8.2247,0,0.00,0.00,APP_STATE,11031.58,11035.70,16.40
8.2288,0,0.00,0.00,APP_STATE,11031.35,11035.70,16.85
8.2324,0,0.00,0.00,APP_STATE,11031.35,11035.70,16.85
8.2346,0,0.00,0.00,APP_STATE,11031.35,11035.70,16.85
8.2377,0,0.00,0.00,APP_STATE,11031.35,11035.70,16.85
8.2406,0,0.00,0.00,APP_STATE,11031.60,11035.70,16.37
8.2427,0,0.00,0.00,APP_STATE,11031.35,11035.70,16.85
8.2454,0,0.00,0.00,APP_STATE,11031.35,11035.70,16.85
8.2481,0,0.00,0.00,APP_STATE,11031.35,11035.70,16.85
8.2512,0,0.00,0.00,APP_STATE,11031.35,11035.70,16.85
8.2537,0,0.00,0.00,APP_STATE,11031.35,11035.70,16.85
8.2559,0,0.00,0.00,APP_STATE,11031.60,11035.70,16.37
8.2592,0,0.00,0.00,APP_STATE,11031.35,11035.70,16.85
8.2622,0,0.00,0.00,APP_STATE,11031.35,11035.70,16.85
8.2660,0,0.00,0.00,APP_STATE,11031.35,11035.70,16.85
8.2717,0,0.00,0.00,APP_STATE,11031.58,11035.70,16.40
8.2780,0,0.00,0.00,APP_STATE,11031.35,11035.70,16.85
8.2878,0,0.00,0.00,APP_STATE,11031.60,11035.70,16.37
8.2917,0,0.00,0.00,APP_STATE,11031.35,11035.70,16.85
8.2990,0,0.00,0.00,APP_STATE,11031.35,11035.70,16.85
8.3046,0,0.00,0.00,APP_STATE,11031.58,11035.70,16.40
8.3116,0,0.00,0.00,APP_STATE,11031.35,11035.70,16.85
8.3152,0,0.00,0.00,APP_STATE,11031.35,11035.70,16.85
8.3190,0,0.00,0.00,APP_STATE,11031.60,11035.70,16.37
8.3244,0,0.00,0.00,APP_STATE,11031.35,11035.70,16.85
8.3275,0,0.00,0.00,APP_STATE,11031.35,11035.70,16.85
8.3309,0,0.00,0.00,APP_STATE,11031.35,11035.70,16.85
8.3345,0,0.00,0.00,APP_STATE,11031.60,11035.70,16.37
8.3385,0,0.00,0.00,APP_STATE,11031.35,11035.70,16.85
8.3405,0,0.00,0.00,APP_STATE,11031.35,11035.70,16.85
8.3435,0,0.00,0.00,APP_STATE,11031.35,11035.70,16.85
8.3467,0,0.00,0.00,APP_STATE,11031.35,11035.70,16.85
8.3502,0,0.00,0.00,APP_STATE,11031.58,11035.70,16.40
8.3543,0,0.00,0.00,APP_STATE,11031.35,11035.70,16.85
8.3589,0,0.00,0.00,APP_STATE,11031.35,11035.70,16.85
8.3622,0,0.00,0.00,APP_STATE,11031.35,11035.70,16.85
8.3652,0,0.00,0.00,APP_STATE,11031.35,11035.70,16.85
8.3663,0,0.00,0.00,APP_STATE,11031.60,11035.70,16.37
8.3693,0,0.00,0.00,APP_STATE,11031.35,11035.70,16.85
8.3722,0,0.00,0.00,APP_STATE,11031.35,11035.70,16.85
8.3755,0,0.00,0.00,APP_STATE,11031.35,11035.70,16.85
8.3785,0,0.00,0.00,APP_STATE,11031.35,11035.70,16.85
8.3828,0,0.00,0.00,APP_STATE,11031.60,11035.70,16.37
8.3865,0,0.00,0.00,APP_STATE,11031.35,11035.70,16.85
8.3886,0,0.00,0.00,APP_STATE,11031.35,11035.70,16.85
8.3905,0,0.00,0.00,APP_STATE,11031.35,11035.70,16.85
8.3951,0,0.00,0.00,APP_STATE,11031.35,11035.70,16.85
8.3967,0,0.00,0.00,APP_STATE,11031.58,11035.70,16.40
8.4008,0,0.00,0.00,APP_STATE,11031.35,11035.70,16.85
8.4028,0,0.00,0.00,APP_STATE,11031.35,11035.70,16.85
8.4071,0,0.00,0.00,APP_STATE,11031.35,11035.70,16.85
8.4097,0,0.00,0.00,APP_STATE,11031.35,11035.70,16.85
8.4135,0,0.00,0.00,APP_STATE,11031.60,11035.70,16.37
8.4162,0,0.00,0.00,APP_STATE,11031.35,11035.70,16.85
8.4192,0,0.00,0.00,APP_STATE,11031.35,11035.70,16.85
8.4222,0,0.00,0.00,APP_STATE,11031.35,11035.70,16.85
8.4242,0,0.00,0.00,APP_STATE,11031.35,11035.70,16.85
8.4280,0,0.00,0.00,APP_STATE,11031.35,11035.70,16.85
8.4289,0,0.00,0.00,APP_STATE,11031.58,11035.70,16.40
8.4327,0,0.00,0.00,APP_STATE,11031.35,11035.70,16.85
8.4349,0,0.00,0.00,APP_STATE,11031.35,11035.70,16.85
8.4380,0,0.00,0.00,APP_STATE,11031.35,11035.70,16.85
8.4400,0,0.00,0.00,APP_STATE,11031.35,11035.70,16.85
8.4426,0,0.00,0.00,APP_STATE,11031.35,11035.70,16.85
8.4453,0,0.00,0.00,APP_STATE,11031.60,11035.70,16.37
8.4478,0,0.00,0.00,APP_STATE,11031.35,11035.70,16.85
8.4518,0,0.00,0.00,APP_STATE,11031.35,11035.70,16.85
8.4545,0,0.00,0.00,APP_STATE,11031.35,11035.70,16.85
8.4589,0,0.00,0.00,APP_STATE,11031.35,11035.70,16.85
8.4600,0,0.00,0.00,APP_STATE,11031.60,11035.70,16.37
8.4629,0,0.00,0.00,APP_STATE,11031.35,11035.70,16.85
8.4672,0,0.00,0.00,APP_STATE,11031.35,11035.70,16.85
8.4698,0,0.00,0.00,APP_STATE,11031.35,11035.70,16.85
8.4730,0,0.00,0.00,APP_STATE,11031.35,11035.70,16.85
8.4746,0,0.00,0.00,APP_STATE,11031.58,11035.70,16.40
8.4776,0,0.00,0.00,APP_STATE,11031.35,11035.70,16.85
8.4813,0,0.00,0.00,APP_STATE,11031.35,11035.70,16.85
8.4834,0,0.00,0.00,APP_STATE,11031.35,11035.70,16.85
8.4860,0,0.00,0.00,APP_STATE,11031.35,11035.70,16.85
8.4886,0,0.00,0.00,APP_STATE,11031.35,11035.70,16.85
8.4906,0,0.00,0.00,APP_STATE,11031.60,11035.70,16.37
8.4927,0,0.00,0.00,APP_STATE,11031.35,11035.70,16.85
8.4953,0,0.00,0.00,APP_STATE,11031.35,11035.70,16.85
8.4991,0,0.00,0.00,APP_STATE,11031.35,11035.70,16.85
8.5010,0,0.00,0.00,APP_STATE,11031.35,11035.70,16.85
8.5030,0,0.00,0.00,APP_STATE,11031.35,11035.70,16.85
8.5062,0,0.00,0.00,APP_STATE,11031.60,11035.70,16.37
8.5072,0,0.00,0.00,APP_STATE,11031.35,11035.70,16.85
8.5109,0,0.00,0.00,APP_STATE,11031.35,11035.70,16.85
8.5130,0,0.00,0.00,APP_STATE,11031.35,11035.70,16.85
8.5156,0,0.00,0.00,APP_STATE,11031.35,11035.70,16.85
8.5177,0,0.00,0.00,APP_STATE,11031.35,11035.70,16.85
8.5203,0,0.00,0.00,APP_STATE,11031.35,11035.70,16.85
8.5213,0,0.00,0.00,APP_STATE,11031.58,11035.70,16.40
8.5245,0,0.00,0.00,APP_STATE,11031.35,11035.70,16.85
8.5276,0,0.00,0.00,APP_STATE,11031.35,11035.70,16.85
8.5306,0,0.00,0.00,APP_STATE,11031.35,11035.70,16.85
8.5348,0,0.00,0.00,APP_STATE,11031.35,11035.70,16.85
8.5369,0,0.00,0.00,APP_STATE,11031.60,11035.70,16.37
8.5389,0,0.00,0.00,APP_STATE,11031.35,11035.70,16.85
8.5419,0,0.00,0.00,APP_STATE,11031.35,11035.70,16.85
8.5445,0,0.00,0.00,APP_STATE,11031.35,11035.70,16.85
8.5483,0,0.00,0.00,APP_STATE,11031.35,11035.70,16.85
8.5523,0,0.00,0.00,APP_STATE,11031.35,11035.70,16.85
8.5546,0,0.00,0.00,APP_STATE,11031.58,11035.70,16.40
8.5583,0,0.00,0.00,APP_STATE,11031.35,11035.70,16.85
8.5599,0,0.00,0.00,APP_STATE,11031.35,11035.70,16.85
8.5630,0,0.00,0.00,APP_STATE,11031.35,11035.70,16.85
8.5662,0,0.00,0.00,APP_STATE,11031.35,11035.70,16.85
8.5689,0,0.00,0.00,APP_STATE,11031.60,11035.70,16.37
8.5709,0,0.00,0.00,APP_STATE,11031.35,11035.70,16.85
8.5739,0,0.00,0.00,APP_STATE,11031.35,11035.70,16.85
8.5766,0,0.00,0.00,APP_STATE,11031.35,11035.70,16.85
8.5796,0,0.00,0.00,APP_STATE,11031.35,11035.70,16.85
8.5812,0,0.00,0.00,APP_STATE,11031.35,11035.70,16.85
8.5845,0,0.00,0.00,APP_STATE,11031.60,11035.70,16.37
8.5866,0,0.00,0.00,APP_STATE,11031.35,11035.70,16.85
8.5896,0,0.00,0.00,APP_STATE,11031.35,11035.70,16.85
8.5916,0,0.00,0.00,APP_STATE,11031.35,11035.70,16.85
8.5942,0,0.00,0.00,APP_STATE,11031.35,11035.70,16.85
8.5969,0,0.00,0.00,APP_STATE,11031.35,11035.70,16.85
8.5997,0,0.00,0.00,APP_STATE,11031.58,11035.70,16.40
8.6016,0,0.00,0.00,APP_STATE,11031.35,11035.70,16.85
8.6054,0,0.00,0.00,APP_STATE,11031.35,11035.70,16.85
8.6071,0,0.00,0.00,APP_STATE,11031.35,11035.70,16.85
8.6107,0,0.00,0.00,APP_STATE,11031.35,11035.70,16.85
8.6127,0,0.00,0.00,APP_STATE,11031.35,11035.70,16.85
8.6150,0,0.00,0.00,APP_STATE,11031.35,11035.70,16.85
8.6171,0,0.00,0.00,APP_STATE,11031.60,11035.70,16.37
8.6191,0,0.00,0.00,APP_STATE,11031.35,11035.70,16.85
8.6211,0,0.00,0.00,APP_STATE,11031.35,11035.70,16.85
8.6257,0,0.00,0.00,APP_STATE,11031.35,11035.70,16.85
8.6288,0,0.00,0.00,APP_STATE,11031.35,11035.70,16.85
8.6314,0,0.00,0.00,APP_STATE,11031.60,11035.70,16.37
8.6340,0,0.00,0.00,APP_STATE,11031.35,11035.70,16.85
8.6367,0,0.00,0.00,APP_STATE,11031.35,11035.70,16.85
8.6387,0,0.00,0.00,APP_STATE,11031.35,11035.70,16.85
8.6413,0,0.00,0.00,APP_STATE,11031.35,11035.70,16.85
8.6450,0,0.00,0.00,APP_STATE,11031.35,11035.70,16.85
8.6466,0,0.00,0.00,APP_STATE,11031.58,11035.70,16.40
8.6497,0,0.00,0.00,APP_STATE,11031.35,11035.70,16.85
8.6517,0,0.00,0.00,APP_STATE,11031.35,11035.70,16.85
8.6555,0,0.00,0.00,APP_STATE,11031.35,11035.70,16.85
8.6572,0,0.00,0.00,APP_STATE,11031.35,11035.70,16.85
8.6599,0,0.00,0.00,APP_STATE,11031.35,11035.70,16.85
8.6625,0,0.00,0.00,APP_STATE,11031.60,11035.70,16.37
8.6658,0,0.00,0.00,APP_STATE,11031.35,11035.70,16.85
8.6689,0,0.00,0.00,APP_STATE,11031.35,11035.70,16.85
8.6718,0,0.00,0.00,APP_STATE,11031.35,11035.70,16.85
8.6745,0,0.00,0.00,APP_STATE,11031.35,11035.70,16.85
8.6776,0,0.00,0.00,APP_STATE,11031.35,11035.70,16.85
8.6792,0,0.00,0.00,APP_STATE,11031.58,11035.70,16.40
8.6819,0,0.00,0.00,APP_STATE,11031.35,11035.70,16.85
8.6846,0,0.00,0.00,APP_STATE,11031.35,11035.70,16.85
8.6867,0,0.00,0.00,APP_STATE,11031.35,11035.70,16.85
8.6897,0,0.00,0.00,APP_STATE,11031.35,11035.70,16.85
8.6927,0,0.00,0.00,APP_STATE,11031.35,11035.70,16.85
8.6943,0,0.00,0.00,APP_STATE,11031.60,11035.70,16.37
8.6969,0,0.00,0.00,APP_STATE,11031.35,11035.70,16.85
8.6989,0,0.00,0.00,APP_STATE,11031.35,11035.70,16.85
8.7020,0,0.00,0.00,APP_STATE,11031.35,11035.70,16.85
8.7030,0,0.00,0.00,APP_STATE,11031.35,11035.70,16.85
8.7069,0,0.00,0.00,APP_STATE,11031.35,11035.70,16.85
8.7115,0,0.00,0.00,APP_STATE,11031.60,11035.70,16.37
8.7135,0,0.00,0.00,APP_STATE,11031.35,11035.70,16.85
8.7172,0,0.00,0.00,APP_STATE,11031.35,11035.70,16.85
8.7192,0,0.00,0.00,APP_STATE,11031.35,11035.70,16.85
8.7228,0,0.00,0.00,APP_STATE,11031.35,11035.70,16.85
8.7244,0,0.00,0.00,APP_STATE,11031.58,11035.70,16.40
8.7265,0,0.00,0.00,APP_STATE,11031.35,11035.70,16.85
8.7294,0,0.00,0.00,APP_STATE,11031.35,11035.70,16.85
8.7321,0,0.00,0.00,APP_STATE,11031.35,11035.70,16.85
8.7353,0,0.00,0.00,APP_STATE,11031.35,11035.70,16.85
8.7374,0,0.00,0.00,APP_STATE,11031.35,11035.70,16.85
8.7411,0,0.00,0.00,APP_STATE,11031.60,11035.70,16.37
8.7431,0,0.00,0.00,APP_STATE,11031.35,11035.70,16.85
8.7467,0,0.00,0.00,APP_STATE,11031.35,11035.70,16.85
8.7485,0,0.00,0.00,APP_STATE,11031.35,11035.70,16.85
8.7514,0,0.00,0.00,APP_STATE,11031.35,11035.70,16.85
8.7547,0,0.00,0.00,APP_STATE,11031.35,11035.70,16.85
8.7572,0,0.00,0.00,APP_STATE,11031.60,11035.70,16.37
8.7599,0,0.00,0.00,APP_STATE,11031.35,11035.70,16.85
8.7630,0,0.00,0.00,APP_STATE,11031.35,11035.70,16.85
8.7652,0,0.00,0.00,APP_STATE,11031.35,11035.70,16.85
8.7673,0,0.00,0.00,APP_STATE,11031.35,11035.70,16.85
8.7702,0,0.00,0.00,APP_STATE,11031.35,11035.70,16.85
8.7729,0,0.00,0.00,APP_STATE,11031.58,11035.70,16.40
8.7761,0,0.00,0.00,APP_STATE,11031.35,11035.70,16.85
8.7792,0,0.00,0.00,APP_STATE,11031.35,11035.70,16.85
8.7818,0,0.00,0.00,APP_STATE,11031.35,11035.70,16.85
8.7850,0,0.00,0.00,APP_STATE,11031.35,11035.70,16.85
8.7878,0,0.00,0.00,APP_STATE,11031.60,11035.70,16.37
8.7888,0,0.00,0.00,APP_STATE,11031.35,11035.70,16.85
8.7928,0,0.00,0.00,APP_STATE,11031.35,11035.70,16.85
8.7956,0,0.00,0.00,APP_STATE,11031.35,11035.70,16.85
8.7975,0,0.00,0.00,APP_STATE,11031.35,11035.70,16.85
8.8008,0,0.00,0.00,APP_STATE,11031.35,11035.70,16.85
8.8029,0,0.00,0.00,APP_STATE,11031.58,11035.70,16.40
8.8072,0,0.00,0.00,APP_STATE,11031.35,11035.70,16.85
8.8098,0,0.00,0.00,APP_STATE,11031.35,11035.70,16.85
8.8129,0,0.00,0.00,APP_STATE,11031.35,11035.70,16.85
8.8208,-198,170.08,51.02,Touchpad DOWN,11031.35,11035.70,16.85
8.8218,0,0.00,0.00,APP_STATE,11031.33,11189.73,0.00
8.8274,-84,12723.78,3852.85,Touchpad DOWN,11031.33,11189.73,0.00
8.8345,-82,11600.15,6177.04,Touchpad DOWN,11031.33,11189.73,0.00
8.8366,0,0.00,0.00,APP_STATE,11270.54,11381.73,7475.42
8.8442,-85,8754.01,6950.13,Touchpad DOWN,11270.54,11381.73,7475.42
8.8479,-87,23848.41,12019.61,Touchpad DOWN,11270.54,11381.73,7475.42
8.8561,-90,10937.86,11695.09,Touchpad DOWN,11270.54,11381.73,7475.42
8.8561,0,0.00,0.00,APP_STATE,11416.47,11621.07,9720.52
8.8705,0,0.00,0.00,APP_STATE,11505.92,11621.07,5578.73
8.8770,0,0.00,0.00,APP_STATE,11510.05,11621.07,4054.32
8.8801,-89,3710.15,9299.61,Touchpad DOWN,11510.05,11621.07,4054.32
8.8812,-62,55804.04,23250.94,Touchpad DOWN,11510.05,11621.07,4054.32
8.8822,0,0.00,0.00,APP_STATE,11604.68,11726.82,5917.62
8.8928,0,0.00,0.00,APP_STATE,11608.97,11726.82,4303.90
8.8953,0,0.00,0.00,APP_STATE,11612.83,11726.82,4162.96
8.8989,-221,12515.58,20030.33,Touchpad DOWN,11612.83,11726.82,4162.96
8.9018,0,0.00,0.00,APP_STATE,11758.47,11963.07,9720.52
8.9099,0,0.00,0.00,APP_STATE,11765.87,11963.07,7201.94
8.9175,0,0.00,0.00,APP_STATE,11852.06,11963.07,5378.58
8.9205,0,0.00,0.00,APP_STATE,11855.91,11963.07,3913.38
8.9276,0,0.00,0.00,APP_STATE,11900.55,11963.07,2970.16
8.9296,-355,11551.87,17486.79,Touchpad DOWN,11900.55,11963.07,2970.16
8.9306,-12,11963.79,15829.89,Touchpad DOWN,11900.55,11963.07,2970.16
8.9372,0,0.00,0.00,APP_STATE,11913.01,12251.07,12346.18
8.9402,0,0.00,0.00,APP_STATE,11925.23,12251.07,11899.87
8.9432,0,0.00,0.00,APP_STATE,12067.58,12251.07,8890.31
8.9645,0,0.00,0.00,APP_STATE,12147.57,12251.07,5014.67
8.9707,-417,10391.44,14198.35,Touchpad DOWN,12147.57,12251.07,5014.67
8.9722,0,0.00,0.00,APP_STATE,12159.68,12497.73,12346.18
8.9852,0,0.00,0.00,APP_STATE,12300.53,12497.73,9369.13
9.0054,0,0.00,0.00,APP_STATE,12386.72,12497.73,5378.58
9.0208,0,0.00,0.00,APP_STATE,12435.17,12497.73,3031.37
9.0345,0,0.00,0.00,APP_STATE,12455.96,12497.73,1375.31
9.0365,-566,8598.53,9051.31,Touchpad DOWN,12455.96,12497.73,1375.31
9.0430,0,0.00,0.00,APP_STATE,12609.01,12806.40,9563.54
9.0600,0,0.00,0.00,APP_STATE,12691.33,12806.40,5466.87
9.0751,0,0.00,0.00,APP_STATE,12741.58,12806.40,3140.54
9.0848,0,0.00,0.00,APP_STATE,12764.86,12806.40,1470.67
9.0873,0,0.00,0.00,APP_STATE,12765.39,12806.40,726.95
9.0903,0,0.00,0.00,APP_STATE,12766.04,12806.40,704.27
9.0918,0,0.00,0.00,APP_STATE,12766.68,12806.40,682.00
9.1565,0,0.00,0.00,APP_STATE,12792.34,12806.40,414.06
9.1606,0,0.00,0.00,APP_STATE,12792.76,12806.40,96.04
9.1626,-469,3720.40,1472.23,Touchpad DOWN,12792.76,12806.40,96.04
9.1694,0,0.00,0.00,APP_STATE,12945.68,13143.07,9563.54
9.1770,0,0.00,0.00,APP_STATE,12952.94,13143.07,6943.55
9.1826,0,0.00,0.00,APP_STATE,13031.89,13143.07,5281.93
9.1861,0,0.00,0.00,APP_STATE,13035.91,13143.07,3913.38
9.1891,0,0.00,0.00,APP_STATE,13039.77,13143.07,3772.44
9.2117,0,0.00,0.00,APP_STATE,13110.36,13143.07,2198.82
9.2202,0,0.00,0.00,APP_STATE,13111.11,13143.07,445.46
9.2222,-91,1525.93,1488.34,Touchpad DOWN,13111.11,13143.07,445.46
9.2268,0,0.00,0.00,APP_STATE,13154.83,13215.87,2899.88
9.2313,0,0.00,0.00,APP_STATE,13156.25,13215.87,1581.71
9.2344,0,0.00,0.00,APP_STATE,13157.51,13215.87,1510.44
9.2364,0,0.00,0.00,APP_STATE,13158.77,13215.87,1441.16
9.2385,-14,859.14,1299.58,Touchpad DOWN,13158.77,13215.87,1441.16
9.2441,0,0.00,0.00,APP_STATE,13184.55,13227.07,1617.49
9.2506,0,0.00,0.00,APP_STATE,13185.42,13227.07,750.03
9.2728,0,0.00,0.00,APP_STATE,13202.86,13227.07,565.44
9.2944,0,0.00,0.00,APP_STATE,13206.55,13227.07,242.48
9.2981,0,0.00,0.00,APP_STATE,13206.86,13227.07,190.21
9.3010,0,0.00,0.00,APP_STATE,13206.86,13227.07,190.21
9.3031,0,0.00,0.00,APP_STATE,13209.34,13227.07,178.28
9.3060,0,0.00,0.00,APP_STATE,13209.48,13227.07,148.63
9.3108,0,0.00,0.00,APP_STATE,13209.48,13227.07,148.63
9.3128,0,0.00,0.00,APP_STATE,13209.48,13227.07,148.63
9.3148,-16,209.83,461.80,Touchpad DOWN,13209.48,13227.07,148.63
9.3211,0,0.00,0.00,APP_STATE,13215.12,13239.87,361.48
9.3256,0,0.00,0.00,APP_STATE,13215.60,13239.87,265.28
9.3266,0,0.00,0.00,APP_STATE,13215.60,13239.87,265.28
9.3296,0,0.00,0.00,APP_STATE,13215.60,13239.87,265.28
9.3329,0,0.00,0.00,APP_STATE,13215.60,13239.87,265.28
9.3415,0,0.00,0.00,APP_STATE,13219.25,13239.87,244.82
9.3450,0,0.00,0.00,APP_STATE,13219.53,13239.87,192.43
9.3473,0,0.00,0.00,APP_STATE,13219.53,13239.87,192.43
9.3504,0,0.00,0.00,APP_STATE,13222.04,13239.87,180.30
9.3544,0,0.00,0.00,APP_STATE,13222.15,13239.87,150.58
9.3565,0,0.00,0.00,APP_STATE,13222.15,13239.87,150.58
9.3601,0,0.00,0.00,APP_STATE,13222.15,13239.87,150.58
9.3623,0,0.00,0.00,APP_STATE,13222.15,13239.87,150.58
9.3648,0,0.00,0.00,APP_STATE,13222.15,13239.87,150.58
9.3668,0,0.00,0.00,APP_STATE,13224.26,13239.87,141.43
9.3699,0,0.00,0.00,APP_STATE,13224.12,13239.87,122.65
9.3729,0,0.00,0.00,APP_STATE,13224.12,13239.87,122.65
9.3754,0,0.00,0.00,APP_STATE,13224.12,13239.87,122.65
9.3774,0,0.00,0.00,APP_STATE,13224.12,13239.87,122.65
9.3799,0,0.00,0.00,APP_STATE,13224.12,13239.87,122.65
9.3821,0,0.00,0.00,APP_STATE,13225.85,13239.87,115.79
9.3859,0,0.00,0.00,APP_STATE,13226.10,13239.87,97.61
9.3889,0,0.00,0.00,APP_STATE,13226.10,13239.87,97.61
9.3919,0,0.00,0.00,APP_STATE,13226.10,13239.87,97.61
9.3954,0,0.00,0.00,APP_STATE,13226.10,13239.87,97.61
9.3979,0,0.00,0.00,APP_STATE,13227.39,13239.87,92.94
9.4009,0,0.00,0.00,APP_STATE,13227.42,13239.87,82.50
9.4029,0,0.00,0.00,APP_STATE,13227.42,13239.87,82.50
9.4059,0,0.00,0.00,APP_STATE,13227.42,13239.87,82.50
9.4090,0,0.00,0.00,APP_STATE,13227.42,13239.87,82.50
9.4118,0,0.00,0.00,APP_STATE,13227.42,13239.87,82.50
9.4153,0,0.00,0.00,APP_STATE,13228.59,13239.87,78.55
9.4163,0,0.00,0.00,APP_STATE,13228.74,13239.87,68.65
9.4208,0,0.00,0.00,APP_STATE,13228.74,13239.87,68.65
9.4233,0,0.00,0.00,APP_STATE,13228.74,13239.87,68.65
9.4319,0,0.00,0.00,APP_STATE,13229.65,13239.87,65.78
9.4358,0,0.00,0.00,APP_STATE,13229.40,13239.87,62.19
9.4379,0,0.00,0.00,APP_STATE,13229.40,13239.87,62.19
9.4404,0,0.00,0.00,APP_STATE,13229.40,13239.87,62.19
9.4445,0,0.00,0.00,APP_STATE,13230.29,13239.87,59.51
9.4503,0,0.00,0.00,APP_STATE,13230.06,13239.87,56.04
9.4533,0,0.00,0.00,APP_STATE,13230.06,13239.87,56.04
9.4601,0,0.00,0.00,APP_STATE,13230.86,13239.87,53.72
9.4654,0,0.00,0.00,APP_STATE,13230.72,13239.87,50.20
9.4684,0,0.00,0.00,APP_STATE,13230.72,13239.87,50.20
9.4720,0,0.00,0.00,APP_STATE,13230.72,13239.87,50.20
9.4740,0,0.00,0.00,APP_STATE,13230.72,13239.87,50.20
9.4807,0,0.00,0.00,APP_STATE,13231.39,13239.87,48.32
9.4878,0,0.00,0.00,APP_STATE,13231.38,13239.87,44.66
9.4918,0,0.00,0.00,APP_STATE,13232.02,13239.87,42.95
9.4943,0,0.00,0.00,APP_STATE,13232.04,13239.87,39.42
9.4994,0,0.00,0.00,APP_STATE,13232.04,13239.87,39.42
9.5014,0,0.00,0.00,APP_STATE,13232.04,13239.87,39.42
9.5044,0,0.00,0.00,APP_STATE,13232.04,13239.87,39.42
9.5081,0,0.00,0.00,APP_STATE,13232.61,13239.87,37.97
9.5111,0,0.00,0.00,APP_STATE,13232.70,13239.87,34.48
9.5146,0,0.00,0.00,APP_STATE,13232.70,13239.87,34.48
9.5166,0,0.00,0.00,APP_STATE,13232.70,13239.87,34.48
9.5263,0,0.00,0.00,APP_STATE,13233.17,13239.87,33.35
9.5288,0,0.00,0.00,APP_STATE,13233.36,13239.87,29.85
9.5319,0,0.00,0.00,APP_STATE,13233.36,13239.87,29.85
9.5339,0,0.00,0.00,APP_STATE,13233.36,13239.87,29.85
9.5364,0,0.00,0.00,APP_STATE,13233.36,13239.87,29.85
9.5404,0,0.00,0.00,APP_STATE,13233.79,13239.87,28.85
9.5429,0,0.00,0.00,APP_STATE,13234.03,13239.87,25.51
9.5469,0,0.00,0.00,APP_STATE,13234.03,13239.87,25.51
9.5490,0,0.00,0.00,APP_STATE,13234.03,13239.87,25.51
9.5520,0,0.00,0.00,APP_STATE,13234.03,13239.87,25.51
9.5545,0,0.00,0.00,APP_STATE,13234.37,13239.87,24.75
9.5581,0,0.00,0.00,APP_STATE,13234.69,13239.87,21.48
9.5606,0,0.00,0.00,APP_STATE,13234.69,13239.87,21.48
9.5626,0,0.00,0.00,APP_STATE,13234.69,13239.87,21.48
9.5657,0,0.00,0.00,APP_STATE,13234.69,13239.87,21.48
9.5677,0,0.00,0.00,APP_STATE,13234.69,13239.87,21.48
9.5691,0,0.00,0.00,APP_STATE,13235.00,13239.87,20.82
9.5721,0,0.00,0.00,APP_STATE,13234.69,13239.87,21.48
9.5741,0,0.00,0.00,APP_STATE,13234.69,13239.87,21.48
9.5764,0,0.00,0.00,APP_STATE,13234.69,13239.87,21.48
9.5799,0,0.00,0.00,APP_STATE,13234.69,13239.87,21.48
9.5820,0,0.00,0.00,APP_STATE,13234.69,13239.87,21.48
9.5855,0,0.00,0.00,APP_STATE,13235.00,13239.87,20.82
9.5880,0,0.00,0.00,APP_STATE,13234.69,13239.87,21.48
9.5910,0,0.00,0.00,APP_STATE,13234.69,13239.87,21.48
9.5940,0,0.00,0.00,APP_STATE,13234.69,13239.87,21.48
9.5965,0,0.00,0.00,APP_STATE,13234.69,13239.87,21.48
9.5986,0,0.00,0.00,APP_STATE,13234.69,13239.87,21.48
9.5996,0,0.00,0.00,APP_STATE,13234.98,13239.87,20.87
9.6029,0,0.00,0.00,APP_STATE,13234.69,13239.87,21.48
9.6056,0,0.00,0.00,APP_STATE,13234.69,13239.87,21.48
9.6093,0,0.00,0.00,APP_STATE,13234.69,13239.87,21.48
9.6113,0,0.00,0.00,APP_STATE,13234.69,13239.87,21.48
9.6143,0,0.00,0.00,APP_STATE,13234.69,13239.87,21.48
9.6165,0,0.00,0.00,APP_STATE,13235.00,13239.87,20.82
9.6190,0,0.00,0.00,APP_STATE,13234.69,13239.87,21.48
9.6211,0,0.00,0.00,APP_STATE,13234.69,13239.87,21.48
9.6241,0,0.00,0.00,APP_STATE,13234.69,13239.87,21.48
9.6266,0,0.00,0.00,APP_STATE,13234.69,13239.87,21.48
9.6286,0,0.00,0.00,APP_STATE,13234.69,13239.87,21.48
9.6306,0,0.00,0.00,APP_STATE,13234.69,13239.87,21.48
9.6327,0,0.00,0.00,APP_STATE,13235.00,13239.87,20.82
9.6353,0,0.00,0.00,APP_STATE,13234.69,13239.87,21.48
9.6373,0,0.00,0.00,APP_STATE,13234.69,13239.87,21.48
9.6403,0,0.00,0.00,APP_STATE,13234.69,13239.87,21.48
9.6423,0,0.00,0.00,APP_STATE,13234.69,13239.87,21.48
9.6455,0,0.00,0.00,APP_STATE,13234.69,13239.87,21.48
9.6475,0,0.00,0.00,APP_STATE,13234.98,13239.87,20.87
9.6505,0,0.00,0.00,APP_STATE,13234.69,13239.87,21.48
9.6525,0,0.00,0.00,APP_STATE,13234.69,13239.87,21.48
9.6554,0,0.00,0.00,APP_STATE,13234.69,13239.87,21.48
9.6574,0,0.00,0.00,APP_STATE,13234.69,13239.87,21.48
9.6600,0,0.00,0.00,APP_STATE,13234.69,13239.87,21.48
9.6619,0,0.00,0.00,APP_STATE,13235.00,13239.87,20.82
9.6644,0,0.00,0.00,APP_STATE,13234.69,13239.87,21.48
9.6675,0,0.00,0.00,APP_STATE,13234.69,13239.87,21.48
9.6695,0,0.00,0.00,APP_STATE,13234.69,13239.87,21.48
9.6727,0,0.00,0.00,APP_STATE,13234.69,13239.87,21.48
9.6753,0,0.00,0.00,APP_STATE,13234.69,13239.87,21.48
9.6787,0,0.00,0.00,APP_STATE,13234.98,13239.87,20.87
9.6807,0,0.00,0.00,APP_STATE,13234.69,13239.87,21.48
9.6838,0,0.00,0.00,APP_STATE,13234.69,13239.87,21.48
9.6864,0,0.00,0.00,APP_STATE,13234.69,13239.87,21.48
9.7008,0,0.00,0.00,APP_STATE,13235.00,13239.87,20.82
9.7044,0,0.00,0.00,APP_STATE,13234.69,13239.87,21.48
9.7070,0,0.00,0.00,APP_STATE,13234.69,13239.87,21.48
9.7104,0,0.00,0.00,APP_STATE,13235.00,13239.87,20.82
9.7124,0,0.00,0.00,APP_STATE,13234.69,13239.87,21.48
9.7156,0,0.00,0.00,APP_STATE,13234.69,13239.87,21.48
9.7171,0,0.00,0.00,APP_STATE,13234.69,13239.87,21.48
9.7211,0,0.00,0.00,APP_STATE,13234.69,13239.87,21.48
9.7221,0,0.00,0.00,APP_STATE,13234.69,13239.87,21.48
9.7260,0,0.00,0.00,APP_STATE,13234.98,13239.87,20.87
9.7290,0,0.00,0.00,APP_STATE,13234.69,13239.87,21.48
9.7316,0,0.00,0.00,APP_STATE,13234.69,13239.87,21.48
9.7345,0,0.00,0.00,APP_STATE,13234.69,13239.87,21.48
9.7375,0,0.00,0.00,APP_STATE,13234.69,13239.87,21.48
9.7405,0,0.00,0.00,APP_STATE,13235.00,13239.87,20.82
9.7425,0,0.00,0.00,APP_STATE,13234.69,13239.87,21.48
9.7450,0,0.00,0.00,APP_STATE,13234.69,13239.87,21.48
9.7475,0,0.00,0.00,APP_STATE,13234.69,13239.87,21.48
9.7500,0,0.00,0.00,APP_STATE,13234.69,13239.87,21.48
9.7530,0,0.00,0.00,APP_STATE,13234.69,13239.87,21.48
9.7561,0,0.00,0.00,APP_STATE,13235.00,13239.87,20.82
9.7595,0,0.00,0.00,APP_STATE,13234.69,13239.87,21.48
9.7615,0,0.00,0.00,APP_STATE,13234.69,13239.87,21.48
9.7646,0,0.00,0.00,APP_STATE,13234.69,13239.87,21.48
9.7666,0,0.00,0.00,APP_STATE,13234.69,13239.87,21.48
9.7699,0,0.00,0.00,APP_STATE,13234.69,13239.87,21.48
9.7719,0,0.00,0.00,APP_STATE,13234.98,13239.87,20.87
9.7744,0,0.00,0.00,APP_STATE,13234.69,13239.87,21.48
9.7774,0,0.00,0.00,APP_STATE,13234.69,13239.87,21.48
9.7794,0,0.00,0.00,APP_STATE,13234.69,13239.87,21.48
9.7820,0,0.00,0.00,APP_STATE,13234.69,13239.87,21.48
9.7845,0,0.00,0.00,APP_STATE,13234.69,13239.87,21.48
9.7875,0,0.00,0.00,APP_STATE,13235.00,13239.87,20.82
9.7905,0,0.00,0.00,APP_STATE,13234.69,13239.87,21.48
9.7925,0,0.00,0.00,APP_STATE,13234.69,13239.87,21.48
9.7956,0,0.00,0.00,APP_STATE,13234.69,13239.87,21.48
9.7981,0,0.00,0.00,APP_STATE,13234.69,13239.87,21.48
9.8001,0,0.00,0.00,APP_STATE,13234.69,13239.87,21.48
9.8031,0,0.00,0.00,APP_STATE,13234.98,13239.87,20.87
9.8041,0,0.00,0.00,APP_STATE,13234.69,13239.87,21.48
9.8079,0,0.00,0.00,APP_STATE,13234.69,13239.87,21.48
9.8105,0,0.00,0.00,APP_STATE,13234.69,13239.87,21.48
9.8146,0,0.00,0.00,APP_STATE,13234.69,13239.87,21.48
9.8166,0,0.00,0.00,APP_STATE,13234.69,13239.87,21.48
9.8186,0,0.00,0.00,APP_STATE,13235.00,13239.87,20.82
9.8224,0,0.00,0.00,APP_STATE,13234.69,13239.87,21.48
9.8244,0,0.00,0.00,APP_STATE,13234.69,13239.87,21.48
9.8274,0,0.00,0.00,APP_STATE,13234.69,13239.87,21.48
9.8309,0,0.00,0.00,APP_STATE,13234.69,13239.87,21.48
9.8354,0,0.00,0.00,APP_STATE,13235.00,13239.87,20.82
9.8364,0,0.00,0.00,APP_STATE,13234.69,13239.87,21.48
9.8435,0,0.00,0.00,APP_STATE,13234.69,13239.87,21.48
9.8660,0,0.00,0.00,APP_STATE,13235.29,13239.87,20.20
9.8740,0,0.00,0.00,APP_STATE,13235.35,13239.87,17.73
9.8768,0,0.00,0.00,APP_STATE,13235.35,13239.87,17.73
9.8798,0,0.00,0.00,APP_STATE,13235.35,13239.87,17.73
9.8824,0,0.00,0.00,APP_STATE,13235.61,13239.87,17.22
9.8854,0,0.00,0.00,APP_STATE,13235.35,13239.87,17.73
9.8874,0,0.00,0.00,APP_STATE,13235.35,13239.87,17.73
9.8904,0,0.00,0.00,APP_STATE,13235.35,13239.87,17.73
9.8934,0,0.00,0.00,APP_STATE,13235.35,13239.87,17.73
9.8992,0,0.00,0.00,APP_STATE,13235.59,13239.87,17.26
9.9023,0,0.00,0.00,APP_STATE,13235.35,13239.87,17.73
9.9043,0,0.00,0.00,APP_STATE,13235.35,13239.87,17.73
9.9071,0,0.00,0.00,APP_STATE,13235.35,13239.87,17.73
9.9096,0,0.00,0.00,APP_STATE,13235.35,13239.87,17.73
9.9127,0,0.00,0.00,APP_STATE,13235.61,13239.87,17.22
9.9160,0,0.00,0.00,APP_STATE,13235.35,13239.87,17.73
9.9191,0,0.00,0.00,APP_STATE,13235.35,13239.87,17.73
9.9214,0,0.00,0.00,APP_STATE,13235.35,13239.87,17.73
9.9255,0,0.00,0.00,APP_STATE,13235.35,13239.87,17.73
9.9275,0,0.00,0.00,APP_STATE,13235.35,13239.87,17.73
9.9295,0,0.00,0.00,APP_STATE,13235.59,13239.87,17.26
9.9320,0,0.00,0.00,APP_STATE,13235.35,13239.87,17.73
9.9355,0,0.00,0.00,APP_STATE,13235.35,13239.87,17.73
9.9385,0,0.00,0.00,APP_STATE,13235.35,13239.87,17.73
9.9403,0,0.00,0.00,APP_STATE,13235.35,13239.87,17.73
9.9429,0,0.00,0.00,APP_STATE,13235.35,13239.87,17.73
9.9454,0,0.00,0.00,APP_STATE,13235.61,13239.87,17.22
9.9476,0,0.00,0.00,APP_STATE,13235.35,13239.87,17.73
9.9506,0,0.00,0.00,APP_STATE,13235.35,13239.87,17.73
9.9526,0,0.00,0.00,APP_STATE,13235.35,13239.87,17.73
9.9567,0,0.00,0.00,APP_STATE,13235.35,13239.87,17.73
9.9587,0,0.00,0.00,APP_STATE,13235.35,13239.87,17.73
9.9608,0,0.00,0.00,APP_STATE,13235.61,13239.87,17.22
9.9628,0,0.00,0.00,APP_STATE,13235.35,13239.87,17.73
9.9656,0,0.00,0.00,APP_STATE,13235.35,13239.87,17.73
9.9691,0,0.00,0.00,APP_STATE,13235.35,13239.87,17.73
9.9701,0,0.00,0.00,APP_STATE,13235.35,13239.87,17.73
9.9731,0,0.00,0.00,APP_STATE,13235.35,13239.87,17.73
9.9752,0,0.00,0.00,APP_STATE,13235.59,13239.87,17.26
9.9792,0,0.00,0.00,APP_STATE,13235.35,13239.87,17.73
9.9816,0,0.00,0.00,APP_STATE,13235.35,13239.87,17.73
9.9852,0,0.00,0.00,APP_STATE,13235.35,13239.87,17.73
9.9882,0,0.00,0.00,APP_STATE,13235.35,13239.87,17.73
9.9902,0,0.00,0.00,APP_STATE,13235.61,13239.87,17.22
9.9932,0,0.00,0.00,APP_STATE,13235.35,13239.87,17.73
9.9949,0,0.00,0.00,APP_STATE,13235.35,13239.87,17.73
9.9981,0,0.00,0.00,APP_STATE,13235.35,13239.87,17.73
10.0001,0,0.00,0.00,APP_STATE,13235.35,13239.87,17.73
10.0031,0,0.00,0.00,APP_STATE,13235.35,13239.87,17.73
10.0046,0,0.00,0.00,APP_STATE,13235.35,13239.87,17.73
10.0066,0,0.00,0.00,APP_STATE,13235.61,13239.87,17.22
10.0096,0,0.00,0.00,APP_STATE,13235.35,13239.87,17.73
10.0121,0,0.00,0.00,APP_STATE,13235.35,13239.87,17.73
10.0152,0,0.00,0.00,APP_STATE,13235.35,13239.87,17.73
10.0182,0,0.00,0.00,APP_STATE,13235.35,13239.87,17.73
10.0213,0,0.00,0.00,APP_STATE,13235.59,13239.87,17.26
10.0223,0,0.00,0.00,APP_STATE,13235.35,13239.87,17.73
10.0254,0,0.00,0.00,APP_STATE,13235.35,13239.87,17.73
10.0283,0,0.00,0.00,APP_STATE,13235.35,13239.87,17.73
10.0304,0,0.00,0.00,APP_STATE,13235.35,13239.87,17.73
10.0324,0,0.00,0.00,APP_STATE,13235.35,13239.87,17.73
10.0346,0,0.00,0.00,APP_STATE,13235.35,13239.87,17.73
10.0377,0,0.00,0.00,APP_STATE,13235.35,13239.87,17.73
10.0396,0,0.00,0.00,APP_STATE,13235.61,13239.87,17.22
10.0417,0,0.00,0.00,APP_STATE,13235.35,13239.87,17.73
10.0454,0,0.00,0.00,APP_STATE,13235.35,13239.87,17.73
10.0481,0,0.00,0.00,APP_STATE,13235.35,13239.87,17.73
10.0500,0,0.00,0.00,APP_STATE,13235.35,13239.87,17.73
10.0530,0,0.00,0.00,APP_STATE,13235.59,13239.87,17.26
10.0555,0,0.00,0.00,APP_STATE,13235.35,13239.87,17.73
10.0575,0,0.00,0.00,APP_STATE,13235.35,13239.87,17.73
10.0626,0,0.00,0.00,APP_STATE,13235.35,13239.87,17.73
10.0674,0,0.00,0.00,APP_STATE,13235.35,13239.87,17.73
10.0694,0,0.00,0.00,APP_STATE,13235.61,13239.87,17.22
10.0724,0,0.00,0.00,APP_STATE,13235.35,13239.87,17.73
10.0751,0,0.00,0.00,APP_STATE,13235.35,13239.87,17.73
10.0780,0,0.00,0.00,APP_STATE,13235.35,13239.87,17.73
10.0808,0,0.00,0.00,APP_STATE,13235.35,13239.87,17.73
10.0838,0,0.00,0.00,APP_STATE,13235.61,13239.87,17.22
10.0853,0,0.00,0.00,APP_STATE,13235.35,13239.87,17.73
10.0887,0,0.00,0.00,APP_STATE,13235.35,13239.87,17.73
10.0911,0,0.00,0.00,APP_STATE,13235.35,13239.87,17.73
10.0952,0,0.00,0.00,APP_STATE,13235.35,13239.87,17.73
10.1028,241,305.85,91.75,Touchpad UP,13235.35,13239.87,17.73
10.1043,0,0.00,0.00,APP_STATE,13235.33,13042.53,0.00
10.1110,111,13531.59,4123.70,Touchpad UP,13235.33,13042.53,0.00
10.1110,0,0.00,0.00,APP_STATE,13155.11,13042.53,5348.51
10.1165,121,22003.50,9487.64,Touchpad UP,13155.11,13042.53,5348.51
10.1244,126,15823.77,11388.48,Touchpad UP,13155.11,13042.53,5348.51
10.1264,0,0.00,0.00,APP_STATE,13002.32,12804.93,9563.54
10.1330,0,0.00,0.00,APP_STATE,12915.94,12804.93,5378.58
10.1356,133,11912.07,11545.56,Touchpad UP,12915.94,12804.93,5378.58
10.1379,138,60418.99,26207.59,Touchpad UP,12915.94,12804.93,5378.58
10.1389,0,0.00,0.00,APP_STATE,12905.07,12605.77,10930.95
10.1452,136,18516.10,23900.14,Touchpad UP,12905.07,12605.77,10930.95
10.1452,0,0.00,0.00,APP_STATE,12892.99,12554.93,12346.18
10.1541,0,0.00,0.00,APP_STATE,12746.86,12542.27,9720.52
10.1609,0,0.00,0.00,APP_STATE,12739.46,12542.27,7201.94
10.1630,-459,25849.40,24484.92,Touchpad DOWN,12739.46,12542.27,7201.94
10.1665,0,0.00,0.00,APP_STATE,12739.33,13089.73,0.00
10.1675,0,0.00,0.00,APP_STATE,12892.35,13089.73,9563.54
10.1725,0,0.00,0.00,APP_STATE,12899.61,13089.73,6943.55
10.1840,0,0.00,0.00,APP_STATE,12978.56,13089.73,5281.93
10.1875,0,0.00,0.00,APP_STATE,12982.58,13089.73,3913.38
10.1905,0,0.00,0.00,APP_STATE,12986.44,13089.73,3772.44
10.2144,0,0.00,0.00,APP_STATE,13057.03,13089.73,2198.82
10.2260,0,0.00,0.00,APP_STATE,13063.41,13089.73,405.04
10.2290,1081,16375.36,14926.89,Touchpad UP,13063.41,13089.73,405.04
10.2290,0,0.00,0.00,APP_STATE,13063.33,12712.93,0.00
10.2362,96,13337.30,14450.02,Touchpad UP,13063.33,12712.93,0.00
10.2372,0,0.00,0.00,APP_STATE,13050.99,12712.93,12346.18
10.2406,95,21404.11,16536.24,Touchpad UP,13050.99,12712.93,12346.18
10.2416,0,0.00,0.00,APP_STATE,12897.65,12700.27,9563.54
10.2457,0,0.00,0.00,APP_STATE,12890.39,12700.27,6943.55
10.2482,0,0.00,0.00,APP_STATE,12883.96,12700.27,6708.65
10.2523,0,0.00,0.00,APP_STATE,12877.53,12700.27,6473.76
10.2569,0,0.00,0.00,APP_STATE,12800.01,12700.27,4832.72
10.2589,0,0.00,0.00,APP_STATE,12796.49,12700.27,3514.06
10.2766,0,0.00,0.00,APP_STATE,12756.55,12700.27,2674.25
10.2892,0,0.00,0.00,APP_STATE,12738.72,12700.27,1121.85
10.2922,0,0.00,0.00,APP_STATE,12738.05,12700.27,617.60
10.2954,0,0.00,0.00,APP_STATE,12737.40,12700.27,596.93
10.2969,0,0.00,0.00,APP_STATE,12736.76,12700.27,576.65
10.3078,0,0.00,0.00,APP_STATE,12729.15,12700.27,500.92
10.3143,0,0.00,0.00,APP_STATE,12728.97,12700.27,362.99
10.3158,0,0.00,0.00,APP_STATE,12728.32,12700.27,347.59
10.3193,0,0.00,0.00,APP_STATE,12723.13,12700.27,304.25
10.3299,0,0.00,0.00,APP_STATE,12723.10,12700.27,237.14
10.3324,0,0.00,0.00,APP_STATE,12723.10,12700.27,237.14
10.3365,0,0.00,0.00,APP_STATE,12719.82,12700.27,219.71
10.3425,0,0.00,0.00,APP_STATE,12719.82,12700.27,179.32
10.3470,0,0.00,0.00,APP_STATE,12719.82,12700.27,179.32
10.3564,0,0.00,0.00,APP_STATE,12717.47,12700.27,168.35
10.3692,0,0.00,0.00,APP_STATE,12715.24,12700.27,130.87
10.3708,1824,14014.36,4824.22,Touchpad UP,12715.24,12700.27,130.87
10.3738,0,0.00,0.00,APP_STATE,12702.99,12364.93,12346.18
10.3763,0,0.00,0.00,APP_STATE,12690.77,12364.93,11899.87
10.3849,0,0.00,0.00,APP_STATE,12548.42,12364.93,8890.31
10.3885,0,0.00,0.00,APP_STATE,12542.19,12364.93,6473.76
10.4008,0,0.00,0.00,APP_STATE,12468.32,12364.93,4912.04
10.4113,0,0.00,0.00,APP_STATE,12464.37,12364.93,3631.50
10.4142,518,11917.73,6952.27,Touchpad UP,12464.37,12364.93,3631.50
10.4155,0,0.00,0.00,APP_STATE,12311.65,12114.27,9563.54
10.4181,0,0.00,0.00,APP_STATE,12304.39,12114.27,6943.55
10.4281,0,0.00,0.00,APP_STATE,12225.44,12114.27,5281.93
10.4352,0,0.00,0.00,APP_STATE,12221.42,12114.27,3913.38
10.4412,0,0.00,0.00,APP_STATE,12217.56,12114.27,3772.44
10.4442,322,10742.91,8089.46,Touchpad UP,12217.56,12114.27,3772.44
10.4509,0,0.00,0.00,APP_STATE,12064.32,11866.93,9563.54
10.4575,0,0.00,0.00,APP_STATE,12057.06,11866.93,6943.55
10.4610,0,0.00,0.00,APP_STATE,11974.19,11866.93,5196.63
10.4645,0,0.00,0.00,APP_STATE,11970.23,11866.93,3772.44
10.4666,0,0.00,0.00,APP_STATE,11966.37,11866.93,3631.50
10.5081,0,0.00,0.00,APP_STATE,11885.41,11866.93,1728.85
10.5242,0,0.00,0.00,APP_STATE,11883.09,11866.93,149.32
10.5272,0,0.00,0.00,APP_STATE,11883.20,11866.93,129.81
10.5293,0,0.00,0.00,APP_STATE,11883.20,11866.93,129.81
10.5333,0,0.00,0.00,APP_STATE,11883.20,11866.93,129.81
10.5354,0,0.00,0.00,APP_STATE,11883.20,11866.93,129.81
10.5519,0,0.00,0.00,APP_STATE,11881.38,11866.93,122.38
10.5586,0,0.00,0.00,APP_STATE,11879.85,11866.93,98.91
10.5616,0,0.00,0.00,APP_STATE,11879.91,11866.93,88.39
10.5722,0,0.00,0.00,APP_STATE,11878.66,11866.93,84.05
10.5792,836,6192.74,2093.41,Touchpad UP,11878.66,11866.93,84.05
10.5822,0,0.00,0.00,APP_STATE,11866.32,11528.27,12346.18
10.5866,0,0.00,0.00,APP_STATE,11718.52,11528.27,9217.83
10.5891,0,0.00,0.00,APP_STATE,11711.96,11528.27,6708.65
10.5911,0,0.00,0.00,APP_STATE,11705.53,11528.27,6473.76
10.6066,0,0.00,0.00,APP_STATE,11631.65,11528.27,4912.04
10.6178,0,0.00,0.00,APP_STATE,11586.33,11528.27,2813.02
10.6214,157,3725.09,2582.92,Touchpad UP,11586.33,11528.27,2813.02
10.6238,0,0.00,0.00,APP_STATE,11578.98,11386.83,7017.55
10.6294,0,0.00,0.00,APP_STATE,11571.91,11386.83,6759.17
10.6320,0,0.00,0.00,APP_STATE,11491.14,11386.83,5053.80
10.6355,0,0.00,0.00,APP_STATE,11487.65,11386.83,3682.02
10.6385,0,0.00,0.00,APP_STATE,11483.79,11386.83,3541.08
10.6415,0,0.00,0.00,APP_STATE,11480.58,11386.83,3423.63
10.6664,0,0.00,0.00,APP_STATE,11417.70,11386.83,2031.34
10.6777,0,0.00,0.00,APP_STATE,11417.59,11386.83,413.88
10.6798,0,0.00,0.00,APP_STATE,11411.89,11386.83,363.07
10.6824,0,0.00,0.00,APP_STATE,11411.72,11386.83,277.96
10.6941,0,0.00,0.00,APP_STATE,11407.90,11386.83,256.08
10.7010,0,0.00,0.00,APP_STATE,11407.80,11386.83,203.15
10.7041,0,0.00,0.00,APP_STATE,11407.80,11386.83,203.15
10.7141,0,0.00,0.00,APP_STATE,11404.97,11386.83,189.16
10.7201,140,1418.35,756.72,Touchpad UP,11404.97,11386.83,189.16
10.7222,0,0.00,0.00,APP_STATE,11400.09,11274.83,4574.63
10.7258,0,0.00,0.00,APP_STATE,11347.92,11274.83,3472.28
10.7278,0,0.00,0.00,APP_STATE,11345.68,11274.83,2316.08
10.7294,0,0.00,0.00,APP_STATE,11343.82,11274.83,2180.92
10.7419,0,0.00,0.00,APP_STATE,11317.56,11274.83,1652.26
10.7486,0,0.00,0.00,APP_STATE,11316.58,11274.83,753.54
10.7516,0,0.00,0.00,APP_STATE,11315.94,11274.83,730.40
10.7554,22,623.32,716.70,Touchpad UP,11315.94,11274.83,730.40
10.7564,0,0.00,0.00,APP_STATE,11296.60,11257.23,1212.41
10.7691,0,0.00,0.00,APP_STATE,11296.02,11257.23,650.44
10.7769,0,0.00,0.00,APP_STATE,11287.56,11257.23,562.47
10.7825,0,0.00,0.00,APP_STATE,11286.95,11257.23,387.58
10.7907,0,0.00,0.00,APP_STATE,11281.25,11257.23,338.42
10.7927,12,321.19,598.04,Touchpad UP,11281.25,11257.23,338.42
10.7988,0,0.00,0.00,APP_STATE,11280.85,11247.63,480.14
10.8018,0,0.00,0.00,APP_STATE,11280.20,11247.63,462.18
10.8044,0,0.00,0.00,APP_STATE,11273.94,11247.63,404.29
10.8234,0,0.00,0.00,APP_STATE,11269.55,11247.63,278.10
10.8309,0,0.00,0.00,APP_STATE,11269.12,11247.63,212.42
10.8339,0,0.00,0.00,APP_STATE,11266.17,11247.63,197.51
10.8374,0,0.00,0.00,APP_STATE,11265.84,11247.63,158.03
10.8384,0,0.00,0.00,APP_STATE,11265.84,11247.63,158.03
10.8496,0,0.00,0.00,APP_STATE,11265.84,11247.63,158.03
10.8526,0,0.00,0.00,APP_STATE,11263.77,11247.63,148.86
10.8546,0,0.00,0.00,APP_STATE,11263.87,11247.63,129.36
10.8577,0,0.00,0.00,APP_STATE,11263.87,11247.63,129.36
10.8602,0,0.00,0.00,APP_STATE,11263.87,11247.63,129.36
10.8622,0,0.00,0.00,APP_STATE,11263.87,11247.63,129.36
10.8668,0,0.00,0.00,APP_STATE,11262.05,11247.63,121.97
10.8743,0,0.00,0.00,APP_STATE,11261.90,11247.63,103.60
10.8777,0,0.00,0.00,APP_STATE,11261.90,11247.63,103.60
10.8883,0,0.00,0.00,APP_STATE,11260.43,11247.63,98.18
10.8969,0,0.00,0.00,APP_STATE,11259.41,11247.63,83.98
10.8999,0,0.00,0.00,APP_STATE,11259.26,11247.63,73.70
10.9019,0,0.00,0.00,APP_STATE,11259.26,11247.63,73.70
10.9105,0,0.00,0.00,APP_STATE,11259.26,11247.63,73.70
10.9297,0,0.00,0.00,APP_STATE,11257.25,11247.63,67.15
10.9383,0,0.00,0.00,APP_STATE,11257.28,11247.63,54.55
10.9413,0,0.00,0.00,APP_STATE,11257.28,11247.63,54.55
10.9508,0,0.00,0.00,APP_STATE,11256.50,11247.63,52.31
10.9588,0,0.00,0.00,APP_STATE,11255.92,11247.63,46.86
10.9620,0,0.00,0.00,APP_STATE,11255.96,11247.63,43.32
10.9643,0,0.00,0.00,APP_STATE,11255.96,11247.63,43.32
10.9724,0,0.00,0.00,APP_STATE,11255.96,11247.63,43.32
10.9764,0,0.00,0.00,APP_STATE,11255.37,11247.63,41.79
10.9810,0,0.00,0.00,APP_STATE,11255.30,11247.63,38.16
10.9845,0,0.00,0.00,APP_STATE,11255.30,11247.63,38.16
10.9859,0,0.00,0.00,APP_STATE,11255.30,11247.63,38.16
10.9889,0,0.00,0.00,APP_STATE,11255.30,11247.63,38.16
10.9923,0,0.00,0.00,APP_STATE,11254.74,11247.63,36.77
10.9953,0,0.00,0.00,APP_STATE,11254.63,11247.63,33.30
10.9979,0,0.00,0.00,APP_STATE,11254.63,11247.63,33.30
10.9989,0,0.00,0.00,APP_STATE,11254.63,11247.63,33.30
11.0019,0,0.00,0.00,APP_STATE,11254.63,11247.63,33.30
11.0044,0,0.00,0.00,APP_STATE,11254.63,11247.63,33.30
11.0069,0,0.00,0.00,APP_STATE,11254.15,11247.63,32.14
11.0110,0,0.00,0.00,APP_STATE,11253.97,11247.63,28.74
11.0130,0,0.00,0.00,APP_STATE,11253.97,11247.63,28.74
11.0155,0,0.00,0.00,APP_STATE,11253.97,11247.63,28.74
11.0185,0,0.00,0.00,APP_STATE,11253.97,11247.63,28.74
11.0205,0,0.00,0.00,APP_STATE,11253.97,11247.63,28.74
11.0225,0,0.00,0.00,APP_STATE,11253.58,11247.63,27.85
11.0260,0,0.00,0.00,APP_STATE,11253.31,11247.63,24.48
11.0283,0,0.00,0.00,APP_STATE,11253.31,11247.63,24.48
11.0308,0,0.00,0.00,APP_STATE,11253.31,11247.63,24.48
11.0329,0,0.00,0.00,APP_STATE,11253.31,11247.63,24.48
11.0354,0,0.00,0.00,APP_STATE,11253.31,11247.63,24.48
11.0379,0,0.00,0.00,APP_STATE,11252.95,11247.63,23.71
11.0414,0,0.00,0.00,APP_STATE,11252.65,11247.63,20.51
11.0444,0,0.00,0.00,APP_STATE,11252.65,11247.63,20.51
11.0479,0,0.00,0.00,APP_STATE,11252.65,11247.63,20.51
11.0489,0,0.00,0.00,APP_STATE,11252.65,11247.63,20.51
11.0519,0,0.00,0.00,APP_STATE,11252.65,11247.63,20.51
11.0554,0,0.00,0.00,APP_STATE,11252.37,11247.63,19.94
11.0580,0,0.00,0.00,APP_STATE,11252.65,11247.63,20.51
11.0604,0,0.00,0.00,APP_STATE,11252.65,11247.63,20.51
11.0625,0,0.00,0.00,APP_STATE,11252.65,11247.63,20.51
11.0657,0,0.00,0.00,APP_STATE,11252.65,11247.63,20.51
11.0677,0,0.00,0.00,APP_STATE,11252.65,11247.63,20.51
11.0708,0,0.00,0.00,APP_STATE,11252.35,11247.63,19.90
11.0744,0,0.00,0.00,APP_STATE,11252.65,11247.63,20.51
11.0764,0,0.00,0.00,APP_STATE,11252.65,11247.63,20.51
11.0804,0,0.00,0.00,APP_STATE,11252.65,11247.63,20.51
11.0829,0,0.00,0.00,APP_STATE,11252.65,11247.63,20.51
11.0840,0,0.00,0.00,APP_STATE,11252.35,11247.63,19.90
11.0862,0,0.00,0.00,APP_STATE,11252.65,11247.63,20.51
11.0897,0,0.00,0.00,APP_STATE,11252.65,11247.63,20.51
11.0917,0,0.00,0.00,APP_STATE,11252.65,11247.63,20.51
11.0943,0,0.00,0.00,APP_STATE,11252.65,11247.63,20.51
11.0978,0,0.00,0.00,APP_STATE,11252.65,11247.63,20.51
11.1000,0,0.00,0.00,APP_STATE,11252.37,11247.63,19.94
11.1023,0,0.00,0.00,APP_STATE,11252.65,11247.63,20.51
11.1058,0,0.00,0.00,APP_STATE,11252.65,11247.63,20.51
11.1165,0,0.00,0.00,APP_STATE,11252.35,11247.63,19.90
11.1191,0,0.00,0.00,APP_STATE,11252.65,11247.63,20.51
11.1211,0,0.00,0.00,APP_STATE,11252.65,11247.63,20.51
11.1241,0,0.00,0.00,APP_STATE,11252.65,11247.63,20.51
11.1266,0,0.00,0.00,APP_STATE,11252.65,11247.63,20.51
11.1296,0,0.00,0.00,APP_STATE,11252.65,11247.63,20.51
11.1310,0,0.00,0.00,APP_STATE,11252.35,11247.63,19.90
11.1347,0,0.00,0.00,APP_STATE,11252.65,11247.63,20.51
11.1368,0,0.00,0.00,APP_STATE,11252.65,11247.63,20.51
11.1397,0,0.00,0.00,APP_STATE,11252.65,11247.63,20.51
11.1427,0,0.00,0.00,APP_STATE,11252.65,11247.63,20.51
11.1453,0,0.00,0.00,APP_STATE,11252.65,11247.63,20.51
11.1468,0,0.00,0.00,APP_STATE,11252.37,11247.63,19.94
11.1488,0,0.00,0.00,APP_STATE,11252.65,11247.63,20.51
11.1518,0,0.00,0.00,APP_STATE,11252.65,11247.63,20.51
11.1554,0,0.00,0.00,APP_STATE,11252.65,11247.63,20.51
11.1582,0,0.00,0.00,APP_STATE,11252.65,11247.63,20.51
11.1766,0,0.00,0.00,APP_STATE,11252.35,11247.63,19.90
11.1796,0,0.00,0.00,APP_STATE,11252.37,11247.63,19.94
11.1837,0,0.00,0.00,APP_STATE,11252.65,11247.63,20.51
11.1853,0,0.00,0.00,APP_STATE,11252.65,11247.63,20.51
11.1883,0,0.00,0.00,APP_STATE,11252.65,11247.63,20.51
11.1923,0,0.00,0.00,APP_STATE,11252.65,11247.63,20.51
11.1933,0,0.00,0.00,APP_STATE,11252.35,11247.63,19.90
11.1965,0,0.00,0.00,APP_STATE,11252.65,11247.63,20.51
11.1995,0,0.00,0.00,APP_STATE,11252.65,11247.63,20.51
11.2022,0,0.00,0.00,APP_STATE,11252.65,11247.63,20.51
11.2042,0,0.00,0.00,APP_STATE,11252.65,11247.63,20.51
11.2077,0,0.00,0.00,APP_STATE,11252.65,11247.63,20.51
11.2098,0,0.00,0.00,APP_STATE,11252.35,11247.63,19.90
11.2118,0,0.00,0.00,APP_STATE,11252.65,11247.63,20.51
11.2154,0,0.00,0.00,APP_STATE,11252.65,11247.63,20.51
11.2164,0,0.00,0.00,APP_STATE,11252.65,11247.63,20.51
11.2200,0,0.00,0.00,APP_STATE,11252.65,11247.63,20.51
11.2232,0,0.00,0.00,APP_STATE,11252.65,11247.63,20.51
11.2252,0,0.00,0.00,APP_STATE,11252.37,11247.63,19.94
11.2287,0,0.00,0.00,APP_STATE,11252.65,11247.63,20.51
11.2313,0,0.00,0.00,APP_STATE,11252.65,11247.63,20.51
11.2348,0,0.00,0.00,APP_STATE,11252.65,11247.63,20.51
11.2368,0,0.00,0.00,APP_STATE,11252.65,11247.63,20.51
11.2398,0,0.00,0.00,APP_STATE,11252.65,11247.63,20.51
11.2418,0,0.00,0.00,APP_STATE,11252.35,11247.63,19.90
11.2438,0,0.00,0.00,APP_STATE,11252.65,11247.63,20.51
11.2453,0,0.00,0.00,APP_STATE,11252.65,11247.63,20.51
11.2479,0,0.00,0.00,APP_STATE,11252.65,11247.63,20.51
11.2509,0,0.00,0.00,APP_STATE,11252.65,11247.63,20.51
11.2544,0,0.00,0.00,APP_STATE,11252.65,11247.63,20.51
11.2559,0,0.00,0.00,APP_STATE,11252.35,11247.63,19.90
11.2600,0,0.00,0.00,APP_STATE,11252.65,11247.63,20.51
11.2619,0,0.00,0.00,APP_STATE,11252.65,11247.63,20.51
11.2654,0,0.00,0.00,APP_STATE,11252.65,11247.63,20.51
11.2674,0,0.00,0.00,APP_STATE,11252.65,11247.63,20.51
11.2712,0,0.00,0.00,APP_STATE,11252.65,11247.63,20.51
11.2722,0,0.00,0.00,APP_STATE,11252.37,11247.63,19.94
11.2756,0,0.00,0.00,APP_STATE,11252.65,11247.63,20.51
11.2786,0,0.00,0.00,APP_STATE,11252.65,11247.63,20.51
11.2806,0,0.00,0.00,APP_STATE,11252.65,11247.63,20.51
11.2842,0,0.00,0.00,APP_STATE,11252.65,11247.63,20.51
11.2867,0,0.00,0.00,APP_STATE,11252.65,11247.63,20.51
11.2887,0,0.00,0.00,APP_STATE,11252.35,11247.63,19.90
11.2922,0,0.00,0.00,APP_STATE,11252.65,11247.63,20.51
11.3023,0,0.00,0.00,APP_STATE,11252.65,11247.63,20.51
11.3060,0,0.00,0.00,APP_STATE,11252.37,11247.63,19.94
11.3086,0,0.00,0.00,APP_STATE,11252.65,11247.63,20.51
11.3118,0,0.00,0.00,APP_STATE,11252.65,11247.63,20.51
11.3283,0,0.00,0.00,APP_STATE,11252.35,11247.63,19.90
11.3328,0,0.00,0.00,APP_STATE,11252.65,11247.63,20.51
11.3363,0,0.00,0.00,APP_STATE,11252.35,11247.63,19.90
11.3408,0,0.00,0.00,APP_STATE,11252.65,11247.63,20.51
11.3566,0,0.00,0.00,APP_STATE,11252.37,11247.63,19.94
11.3622,0,0.00,0.00,APP_STATE,11252.65,11247.63,20.51
11.3678,0,0.00,0.00,APP_STATE,11252.35,11247.63,19.90
11.3703,0,0.00,0.00,APP_STATE,11252.65,11247.63,20.51
11.3738,0,0.00,0.00,APP_STATE,11252.65,11247.63,20.51
11.3763,0,0.00,0.00,APP_STATE,11252.65,11247.63,20.51
11.3793,0,0.00,0.00,APP_STATE,11252.65,11247.63,20.51
11.3818,0,0.00,0.00,APP_STATE,11252.35,11247.63,19.90
11.3843,0,0.00,0.00,APP_STATE,11252.65,11247.63,20.51
11.3879,0,0.00,0.00,APP_STATE,11252.65,11247.63,20.51
11.3909,0,0.00,0.00,APP_STATE,11252.65,11247.63,20.51
11.3954,0,0.00,0.00,APP_STATE,11252.65,11247.63,20.51
11.3979,0,0.00,0.00,APP_STATE,11252.37,11247.63,19.94
11.4009,0,0.00,0.00,APP_STATE,11252.65,11247.63,20.51
11.4044,0,0.00,0.00,APP_STATE,11252.65,11247.63,20.51
11.4080,0,0.00,0.00,APP_STATE,11252.65,11247.63,20.51
11.4112,0,0.00,0.00,APP_STATE,11252.65,11247.63,20.51
11.4123,0,0.00,0.00,APP_STATE,11252.35,11247.63,19.90
11.4153,0,0.00,0.00,APP_STATE,11252.65,11247.63,20.51
11.4195,0,0.00,0.00,APP_STATE,11252.65,11247.63,20.51
11.4234,0,0.00,0.00,APP_STATE,11252.65,11247.63,20.51
11.4256,0,0.00,0.00,APP_STATE,11252.65,11247.63,20.51
11.4282,0,0.00,0.00,APP_STATE,11252.37,11247.63,19.94
11.4302,0,0.00,0.00,APP_STATE,11252.65,11247.63,20.51
11.4327,0,0.00,0.00,APP_STATE,11252.65,11247.63,20.51
11.4373,0,0.00,0.00,APP_STATE,11252.65,11247.63,20.51
11.4403,0,0.00,0.00,APP_STATE,11252.65,11247.63,20.51
11.4433,0,0.00,0.00,APP_STATE,11252.65,11247.63,20.51
11.4443,0,0.00,0.00,APP_STATE,11252.35,11247.63,19.90
11.4484,0,0.00,0.00,APP_STATE,11252.65,11247.63,20.51
11.4504,0,0.00,0.00,APP_STATE,11252.65,11247.63,20.51
11.4545,0,0.00,0.00,APP_STATE,11252.65,11247.63,20.51
11.4565,0,0.00,0.00,APP_STATE,11252.65,11247.63,20.51
11.4590,0,0.00,0.00,APP_STATE,11252.35,11247.63,19.90
11.4620,0,0.00,0.00,APP_STATE,11252.65,11247.63,20.51
11.4645,0,0.00,0.00,APP_STATE,11252.65,11247.63,20.51
11.4685,0,0.00,0.00,APP_STATE,11252.65,11247.63,20.51
11.4705,0,0.00,0.00,APP_STATE,11252.65,11247.63,20.51
11.4740,0,0.00,0.00,APP_STATE,11252.65,11247.63,20.51
11.4770,0,0.00,0.00,APP_STATE,11252.37,11247.63,19.94
11.4791,0,0.00,0.00,APP_STATE,11252.65,11247.63,20.51
11.4841,0,0.00,0.00,APP_STATE,11252.65,11247.63,20.51
11.4861,0,0.00,0.00,APP_STATE,11252.65,11247.63,20.51
11.4901,0,0.00,0.00,APP_STATE,11252.35,11247.63,19.90
11.4921,0,0.00,0.00,APP_STATE,11252.65,11247.63,20.51
11.4952,0,0.00,0.00,APP_STATE,11252.65,11247.63,20.51
11.4992,0,0.00,0.00,APP_STATE,11252.65,11247.63,20.51
11.5012,0,0.00,0.00,APP_STATE,11252.65,11247.63,20.51
11.5042,0,0.00,0.00,APP_STATE,11252.65,11247.63,20.51
11.5069,0,0.00,0.00,APP_STATE,11252.35,11247.63,19.90
11.5094,0,0.00,0.00,APP_STATE,11252.65,11247.63,20.51
11.5119,0,0.00,0.00,APP_STATE,11252.65,11247.63,20.51
11.5144,0,0.00,0.00,APP_STATE,11252.65,11247.63,20.51
11.5184,0,0.00,0.00,APP_STATE,11252.65,11247.63,20.51
11.5283,0,0.00,0.00,APP_STATE,11252.37,11247.63,19.94
11.5325,0,0.00,0.00,APP_STATE,11252.65,11247.63,20.51
11.5375,0,0.00,0.00,APP_STATE,11252.65,11247.63,20.51
11.5395,0,0.00,0.00,APP_STATE,11252.35,11247.63,19.90
11.5420,0,0.00,0.00,APP_STATE,11252.65,11247.63,20.51
11.5445,0,0.00,0.00,APP_STATE,11252.65,11247.63,20.51
11.5481,0,0.00,0.00,APP_STATE,11252.65,11247.63,20.51
11.5511,0,0.00,0.00,APP_STATE,11252.65,11247.63,20.51
11.5531,0,0.00,0.00,APP_STATE,11252.37,11247.63,19.94
11.5541,0,0.00,0.00,APP_STATE,11252.65,11247.63,20.51
11.5588,0,0.00,0.00,APP_STATE,11252.65,11247.63,20.51
11.5618,0,0.00,0.00,APP_STATE,11252.65,11247.63,20.51
11.5649,0,0.00,0.00,APP_STATE,11252.65,11247.63,20.51
11.5679,0,0.00,0.00,APP_STATE,11252.65,11247.63,20.51
11.5696,0,0.00,0.00,APP_STATE,11252.35,11247.63,19.90
11.5738,0,0.00,0.00,APP_STATE,11252.65,11247.63,20.51
11.5764,0,0.00,0.00,APP_STATE,11252.65,11247.63,20.51
11.5794,0,0.00,0.00,APP_STATE,11252.65,11247.63,20.51
11.5819,0,0.00,0.00,APP_STATE,11252.65,11247.63,20.51
11.5845,0,0.00,0.00,APP_STATE,11252.35,11247.63,19.90
11.5875,0,0.00,0.00,APP_STATE,11252.65,11247.63,20.51
11.5890,0,0.00,0.00,APP_STATE,11252.65,11247.63,20.51
11.5920,0,0.00,0.00,APP_STATE,11252.65,11247.63,20.51
11.5953,0,0.00,0.00,APP_STATE,11252.65,11247.63,20.51
11.5988,0,0.00,0.00,APP_STATE,11252.65,11247.63,20.51
11.5998,0,0.00,0.00,APP_STATE,11252.37,11247.63,19.94
11.6018,0,0.00,0.00,APP_STATE,11252.65,11247.63,20.51
11.6044,0,0.00,0.00,APP_STATE,11252.65,11247.63,20.51
11.6069,0,0.00,0.00,APP_STATE,11252.65,11247.63,20.51
11.6105,0,0.00,0.00,APP_STATE,11252.65,11247.63,20.51
11.6135,0,0.00,0.00,APP_STATE,11252.65,11247.63,20.51
11.6168,0,0.00,0.00,APP_STATE,11252.35,11247.63,19.90
11.6188,0,0.00,0.00,APP_STATE,11252.65,11247.63,20.51
11.6224,0,0.00,0.00,APP_STATE,11252.65,11247.63,20.51
11.6249,0,0.00,0.00,APP_STATE,11252.65,11247.63,20.51
11.6279,0,0.00,0.00,APP_STATE,11252.65,11247.63,20.51
11.6299,0,0.00,0.00,APP_STATE,11252.65,11247.63,20.51
11.6315,0,0.00,0.00,APP_STATE,11252.35,11247.63,19.90
11.6346,0,0.00,0.00,APP_STATE,11252.65,11247.63,20.51
11.6368,0,0.00,0.00,APP_STATE,11252.65,11247.63,20.51
11.6388,0,0.00,0.00,APP_STATE,11252.65,11247.63,20.51
11.6418,0,0.00,0.00,APP_STATE,11252.65,11247.63,20.51
11.6453,0,0.00,0.00,APP_STATE,11252.65,11247.63,20.51
11.6469,0,0.00,0.00,APP_STATE,11252.37,11247.63,19.94
11.6499,0,0.00,0.00,APP_STATE,11252.65,11247.63,20.51
11.6529,0,0.00,0.00,APP_STATE,11252.65,11247.63,20.51
11.6554,0,0.00,0.00,APP_STATE,11252.65,11247.63,20.51
11.6598,0,0.00,0.00,APP_STATE,11252.65,11247.63,20.51
11.6618,0,0.00,0.00,APP_STATE,11252.65,11247.63,20.51
11.6628,0,0.00,0.00,APP_STATE,11252.35,11247.63,19.90
11.6668,0,0.00,0.00,APP_STATE,11252.65,11247.63,20.51
11.6690,0,0.00,0.00,APP_STATE,11252.65,11247.63,20.51
11.6720,0,0.00,0.00,APP_STATE,11252.65,11247.63,20.51
11.6741,0,0.00,0.00,APP_STATE,11252.65,11247.63,20.51
11.6771,0,0.00,0.00,APP_STATE,11252.65,11247.63,20.51
11.6791,0,0.00,0.00,APP_STATE,11252.37,11247.63,19.94
11.6816,0,0.00,0.00,APP_STATE,11252.65,11247.63,20.51
11.6852,0,0.00,0.00,APP_STATE,11252.65,11247.63,20.51
11.6882,0,0.00,0.00,APP_STATE,11252.65,11247.63,20.51
11.6912,0,0.00,0.00,APP_STATE,11252.65,11247.63,20.51
11.7004,0,0.00,0.00,APP_STATE,11252.35,11247.63,19.90
11.7044,0,0.00,0.00,APP_STATE,11252.65,11247.63,20.51
11.7075,0,0.00,0.00,APP_STATE,11252.65,11247.63,20.51
11.7095,0,0.00,0.00,APP_STATE,11252.35,11247.63,19.90
11.7115,0,0.00,0.00,APP_STATE,11252.65,11247.63,20.51
11.7155,0,0.00,0.00,APP_STATE,11252.65,11247.63,20.51
11.7185,0,0.00,0.00,APP_STATE,11252.65,11247.63,20.51
11.7215,0,0.00,0.00,APP_STATE,11252.65,11247.63,20.51
11.7241,0,0.00,0.00,APP_STATE,11252.65,11247.63,20.51
11.7261,0,0.00,0.00,APP_STATE,11252.37,11247.63,19.94
11.7312,0,0.00,0.00,APP_STATE,11252.65,11247.63,20.51
11.7322,0,0.00,0.00,APP_STATE,11252.65,11247.63,20.51
11.7375,0,0.00,0.00,APP_STATE,11252.65,11247.63,20.51
11.7405,0,0.00,0.00,APP_STATE,11252.35,11247.63,19.90
11.7425,0,0.00,0.00,APP_STATE,11252.65,11247.63,20.51
11.7451,0,0.00,0.00,APP_STATE,11252.65,11247.63,20.51
11.7471,0,0.00,0.00,APP_STATE,11252.65,11247.63,20.51
11.7501,0,0.00,0.00,APP_STATE,11252.65,11247.63,20.51
11.7521,0,0.00,0.00,APP_STATE,11252.65,11247.63,20.51
11.7559,0,0.00,0.00,APP_STATE,11252.35,11247.63,19.90
11.7590,0,0.00,0.00,APP_STATE,11252.65,11247.63,20.51
11.7621,0,0.00,0.00,APP_STATE,11252.65,11247.63,20.51
11.7641,0,0.00,0.00,APP_STATE,11252.65,11247.63,20.51
11.7684,0,0.00,0.00,APP_STATE,11252.65,11247.63,20.51
11.7714,0,0.00,0.00,APP_STATE,11252.65,11247.63,20.51
11.7734,0,0.00,0.00,APP_STATE,11252.37,11247.63,19.94
11.7772,0,0.00,0.00,APP_STATE,11252.65,11247.63,20.51
11.7795,0,0.00,0.00,APP_STATE,11252.65,11247.63,20.51
11.7815,0,0.00,0.00,APP_STATE,11252.65,11247.63,20.51
11.7842,0,0.00,0.00,APP_STATE,11252.65,11247.63,20.51
11.7877,0,0.00,0.00,APP_STATE,11252.35,11247.63,19.90
11.7908,0,0.00,0.00,APP_STATE,11252.65,11247.63,20.51
11.7927,0,0.00,0.00,APP_STATE,11252.65,11247.63,20.51
11.7963,0,0.00,0.00,APP_STATE,11252.65,11247.63,20.51
11.7998,0,0.00,0.00,APP_STATE,11252.65,11247.63,20.51
11.8018,0,0.00,0.00,APP_STATE,11252.65,11247.63,20.51
11.8043,0,0.00,0.00,APP_STATE,11252.37,11247.63,19.94
11.8079,0,0.00,0.00,APP_STATE,11252.65,11247.63,20.51
11.8104,0,0.00,0.00,APP_STATE,11252.65,11247.63,20.51
11.8120,0,0.00,0.00,APP_STATE,11252.65,11247.63,20.51
11.8155,0,0.00,0.00,APP_STATE,11252.65,11247.63,20.51
11.8195,0,0.00,0.00,APP_STATE,11252.35,11247.63,19.90
11.8225,0,0.00,0.00,APP_STATE,11252.65,11247.63,20.51
11.8268,0,0.00,0.00,APP_STATE,11252.65,11247.63,20.51
11.8298,0,0.00,0.00,APP_STATE,11252.65,11247.63,20.51
11.8344,0,0.00,0.00,APP_STATE,11252.35,11247.63,19.90
11.8369,0,0.00,0.00,APP_STATE,11252.65,11247.63,20.51
11.8412,0,0.00,0.00,APP_STATE,11252.65,11247.63,20.51
11.8447,0,0.00,0.00,APP_STATE,11252.65,11247.63,20.51
11.8483,0,0.00,0.00,APP_STATE,11252.65,11247.63,20.51
11.8503,0,0.00,0.00,APP_STATE,11252.65,11247.63,20.51
11.8512,0,0.00,0.00,APP_STATE,11252.37,11247.63,19.94
11.8549,0,0.00,0.00,APP_STATE,11252.65,11247.63,20.51
11.8572,0,0.00,0.00,APP_STATE,11252.65,11247.63,20.51
11.8649,216,201.45,60.44,Touchpad UP,11252.65,11247.63,20.51
11.8669,0,0.00,0.00,APP_STATE,11252.67,11079.87,0.00
11.8717,75,11046.56,3356.27,Touchpad UP,11252.67,11079.87,0.00
11.8763,0,0.00,0.00,APP_STATE,11111.71,10929.87,8810.25
11.8808,75,8247.63,4823.68,Touchpad UP,11111.71,10929.87,8810.25
11.8859,69,13655.14,7473.12,Touchpad UP,11111.71,10929.87,8810.25
11.8919,0,0.00,0.00,APP_STATE,10958.99,10761.60,9563.54
11.8944,0,0.00,0.00,APP_STATE,10951.72,10761.60,6943.55
11.8979,63,5226.81,6799.22,Touchpad UP,10951.72,10761.60,6943.55
11.9010,57,18488.54,10306.02,Touchpad UP,10951.72,10761.60,6943.55
11.9030,0,0.00,0.00,APP_STATE,10806.20,10601.60,9720.52
11.9064,52,9715.09,10128.74,Touchpad UP,10806.20,10601.60,9720.52
11.9105,0,0.00,0.00,APP_STATE,10795.13,10497.60,10866.33
11.9150,47,5420.49,8716.26,Touchpad UP,10795.13,10497.60,10866.33
11.9193,42,9876.70,9064.39,Touchpad UP,10795.13,10497.60,10866.33
11.9271,0,0.00,0.00,APP_STATE,10642.32,10444.93,9563.54
11.9493,0,0.00,0.00,APP_STATE,10509.75,10444.93,4266.16
11.9625,0,0.00,0.00,APP_STATE,10486.47,10444.93,1470.67
11.9731,0,0.00,0.00,APP_STATE,10485.94,10444.93,726.95
11.9767,19,331.17,6444.43,Touchpad UP,10485.94,10444.93,726.95
11.9786,0,0.00,0.00,APP_STATE,10476.61,10444.93,625.70
11.9865,0,0.00,0.00,APP_STATE,10475.75,10429.73,918.06
11.9895,0,0.00,0.00,APP_STATE,10475.11,10429.73,892.12
11.9925,0,0.00,0.00,APP_STATE,10463.28,10429.73,753.40
12.1232,0,0.00,0.00,APP_STATE,10442.68,10429.73,309.87
12.1522,0,0.00,0.00,APP_STATE,10440.23,10429.73,78.69
12.1578,0,0.00,0.00,APP_STATE,10439.94,10429.73,59.69
12.1603,0,0.00,0.00,APP_STATE,10439.94,10429.73,59.69
12.1624,0,0.00,0.00,APP_STATE,10439.09,10429.73,57.16
12.1679,0,0.00,0.00,APP_STATE,10439.28,10429.73,53.67
12.1719,434,2222.42,837.33,Touchpad UP,10439.28,10429.73,53.67
12.1744,0,0.00,0.00,APP_STATE,10426.99,10088.93,12346.18
12.1932,0,0.00,0.00,APP_STATE,10200.02,10088.93,7311.36
12.2098,0,0.00,0.00,APP_STATE,10151.50,10088.93,3031.37
12.2310,0,0.00,0.00,APP_STATE,10130.70,10088.93,1375.31
12.2357,37,580.37,474.40,Touchpad UP,10130.70,10088.93,1375.31
12.2375,0,0.00,0.00,APP_STATE,10128.47,10059.33,2191.96
12.2405,0,0.00,0.00,APP_STATE,10102.11,10059.33,1659.86
12.2425,0,0.00,0.00,APP_STATE,10101.24,10059.33,759.38
12.2506,0,0.00,0.00,APP_STATE,10100.60,10059.33,736.13
12.2541,0,0.00,0.00,APP_STATE,10099.95,10059.33,713.29
12.2567,0,0.00,0.00,APP_STATE,10090.25,10059.33,609.45
12.2797,0,0.00,0.00,APP_STATE,10084.50,10059.33,366.65
12.2943,0,0.00,0.00,APP_STATE,10080.52,10059.33,259.08
12.2989,11,174.09,236.52,Touchpad UP,10080.52,10059.33,259.08
12.2999,0,0.00,0.00,APP_STATE,10080.46,10059.33,206.02
12.3044,0,0.00,0.00,APP_STATE,10075.34,10050.53,355.23
12.3096,0,0.00,0.00,APP_STATE,10075.06,10050.53,270.58
12.3126,0,0.00,0.00,APP_STATE,10075.06,10050.53,270.58
12.3167,0,0.00,0.00,APP_STATE,10075.06,10050.53,270.58
12.3192,0,0.00,0.00,APP_STATE,10071.34,10050.53,249.53
12.3435,0,0.00,0.00,APP_STATE,10068.40,10050.53,183.52
12.3521,0,0.00,0.00,APP_STATE,10066.48,10050.53,145.64
12.3566,0,0.00,0.00,APP_STATE,10066.54,10050.53,126.20
12.3681,0,0.00,0.00,APP_STATE,10064.76,10050.53,119.06
12.3762,0,0.00,0.00,APP_STATE,10064.57,10050.53,100.78
12.3782,0,0.00,0.00,APP_STATE,10064.57,10050.53,100.78
12.3903,0,0.00,0.00,APP_STATE,10063.14,10050.53,95.57
12.3983,0,0.00,0.00,APP_STATE,10062.11,10050.53,81.55
12.4081,0,0.00,0.00,APP_STATE,10061.93,10050.53,71.32
12.4131,0,0.00,0.00,APP_STATE,10060.91,10050.53,68.09
12.4169,0,0.00,0.00,APP_STATE,10060.61,10050.53,58.46
12.4199,0,0.00,0.00,APP_STATE,10060.61,10050.53,58.46
12.4306,0,0.00,0.00,APP_STATE,10059.82,10050.53,56.16
12.4385,0,0.00,0.00,APP_STATE,10059.95,10050.53,52.50
12.4456,0,0.00,0.00,APP_STATE,10059.19,10050.53,50.37
12.4502,0,0.00,0.00,APP_STATE,10059.29,10050.53,46.84
12.4522,0,0.00,0.00,APP_STATE,10059.29,10050.53,46.84
12.4673,0,0.00,0.00,APP_STATE,10058.61,10050.53,45.01
12.4785,0,0.00,0.00,APP_STATE,10058.07,10050.53,40.03
12.4810,0,0.00,0.00,APP_STATE,10057.96,10050.53,36.42
12.4926,0,0.00,0.00,APP_STATE,10057.44,10050.53,35.12
12.5004,0,0.00,0.00,APP_STATE,10057.30,10050.53,31.67
12.5034,0,0.00,0.00,APP_STATE,10057.30,10050.53,31.67
12.5061,0,0.00,0.00,APP_STATE,10056.84,10050.53,30.59
12.5183,0,0.00,0.00,APP_STATE,10056.64,10050.53,27.21
12.5239,0,0.00,0.00,APP_STATE,10056.27,10050.53,26.38
12.5265,0,0.00,0.00,APP_STATE,10055.98,10050.53,23.06
12.5296,0,0.00,0.00,APP_STATE,10055.98,10050.53,23.06
12.5316,0,0.00,0.00,APP_STATE,10055.98,10050.53,23.06
12.5345,0,0.00,0.00,APP_STATE,10055.98,10050.53,23.06
12.5386,0,0.00,0.00,APP_STATE,10055.64,10050.53,22.34
12.5549,0,0.00,0.00,APP_STATE,10055.05,10050.53,18.67
12.5576,0,0.00,0.00,APP_STATE,10055.31,10050.53,19.19
12.5685,0,0.00,0.00,APP_STATE,10055.04,10050.53,18.63
12.5720,0,0.00,0.00,APP_STATE,10055.31,10050.53,19.19
12.5762,0,0.00,0.00,APP_STATE,10055.31,10050.53,19.19
12.5782,0,0.00,0.00,APP_STATE,10055.31,10050.53,19.19
12.5807,0,0.00,0.00,APP_STATE,10055.31,10050.53,19.19
12.5848,0,0.00,0.00,APP_STATE,10055.04,10050.53,18.63
12.5878,0,0.00,0.00,APP_STATE,10055.31,10050.53,19.19
12.5909,0,0.00,0.00,APP_STATE,10055.31,10050.53,19.19
12.5928,0,0.00,0.00,APP_STATE,10055.31,10050.53,19.19
12.5954,0,0.00,0.00,APP_STATE,10055.31,10050.53,19.19
12.5985,0,0.00,0.00,APP_STATE,10055.31,10050.53,19.19
12.5996,0,0.00,0.00,APP_STATE,10055.05,10050.53,18.67
12.6016,0,0.00,0.00,APP_STATE,10055.31,10050.53,19.19
12.6041,0,0.00,0.00,APP_STATE,10055.31,10050.53,19.19
12.6078,0,0.00,0.00,APP_STATE,10055.31,10050.53,19.19
12.6105,0,0.00,0.00,APP_STATE,10055.31,10050.53,19.19
12.6135,0,0.00,0.00,APP_STATE,10055.31,10050.53,19.19
12.6169,0,0.00,0.00,APP_STATE,10055.04,10050.53,18.63
12.6199,0,0.00,0.00,APP_STATE,10055.31,10050.53,19.19
12.6219,0,0.00,0.00,APP_STATE,10055.31,10050.53,19.19
12.6245,0,0.00,0.00,APP_STATE,10055.31,10050.53,19.19
12.6275,0,0.00,0.00,APP_STATE,10055.31,10050.53,19.19
12.6302,0,0.00,0.00,APP_STATE,10055.31,10050.53,19.19
12.6308,0,0.00,0.00,APP_STATE,10055.04,10050.53,18.63
12.6343,0,0.00,0.00,APP_STATE,10055.31,10050.53,19.19
12.6363,0,0.00,0.00,APP_STATE,10055.31,10050.53,19.19
12.6393,0,0.00,0.00,APP_STATE,10055.31,10050.53,19.19
12.6414,0,0.00,0.00,APP_STATE,10055.31,10050.53,19.19
12.6448,0,0.00,0.00,APP_STATE,10055.31,10050.53,19.19
12.6468,0,0.00,0.00,APP_STATE,10055.05,10050.53,18.67
12.6492,0,0.00,0.00,APP_STATE,10055.31,10050.53,19.19
12.6518,0,0.00,0.00,APP_STATE,10055.31,10050.53,19.19
12.6544,0,0.00,0.00,APP_STATE,10055.31,10050.53,19.19
12.6587,0,0.00,0.00,APP_STATE,10055.31,10050.53,19.19
12.6623,0,0.00,0.00,APP_STATE,10055.04,10050.53,18.63
12.6648,0,0.00,0.00,APP_STATE,10055.31,10050.53,19.19
12.6690,0,0.00,0.00,APP_STATE,10055.31,10050.53,19.19
12.6710,0,0.00,0.00,APP_STATE,10055.31,10050.53,19.19
12.6745,0,0.00,0.00,APP_STATE,10055.31,10050.53,19.19
12.6776,0,0.00,0.00,APP_STATE,10055.31,10050.53,19.19
12.6786,0,0.00,0.00,APP_STATE,10055.05,10050.53,18.67
12.6827,0,0.00,0.00,APP_STATE,10055.31,10050.53,19.19
12.6844,0,0.00,0.00,APP_STATE,10055.31,10050.53,19.19
12.6870,0,0.00,0.00,APP_STATE,10055.31,10050.53,19.19
12.6900,0,0.00,0.00,APP_STATE,10055.31,10050.53,19.19
12.6930,0,0.00,0.00,APP_STATE,10055.31,10050.53,19.19
12.6946,0,0.00,0.00,APP_STATE,10055.04,10050.53,18.63
12.6978,0,0.00,0.00,APP_STATE,10055.31,10050.53,19.19
12.7004,0,0.00,0.00,APP_STATE,10055.31,10050.53,19.19
12.7034,0,0.00,0.00,APP_STATE,10055.31,10050.53,19.19
12.7064,0,0.00,0.00,APP_STATE,10055.31,10050.53,19.19
12.7074,0,0.00,0.00,APP_STATE,10055.31,10050.53,19.19
12.7103,0,0.00,0.00,APP_STATE,10055.04,10050.53,18.63
12.7133,0,0.00,0.00,APP_STATE,10055.31,10050.53,19.19
12.7152,0,0.00,0.00,APP_STATE,10055.31,10050.53,19.19
12.7188,0,0.00,0.00,APP_STATE,10055.31,10050.53,19.19
12.7207,0,0.00,0.00,APP_STATE,10055.31,10050.53,19.19
12.7395,0,0.00,0.00,APP_STATE,10055.05,10050.53,18.67
12.7426,0,0.00,0.00,APP_STATE,10055.04,10050.53,18.63
12.7464,0,0.00,0.00,APP_STATE,10055.31,10050.53,19.19
12.7490,0,0.00,0.00,APP_STATE,10055.31,10050.53,19.19
12.7510,0,0.00,0.00,APP_STATE,10055.31,10050.53,19.19
12.7545,0,0.00,0.00,APP_STATE,10055.31,10050.53,19.19
12.7565,0,0.00,0.00,APP_STATE,10055.04,10050.53,18.63
12.7597,0,0.00,0.00,APP_STATE,10055.31,10050.53,19.19
12.7623,0,0.00,0.00,APP_STATE,10055.31,10050.53,19.19
12.7649,0,0.00,0.00,APP_STATE,10055.31,10050.53,19.19
12.7689,0,0.00,0.00,APP_STATE,10055.31,10050.53,19.19
12.7709,0,0.00,0.00,APP_STATE,10055.31,10050.53,19.19
12.7730,0,0.00,0.00,APP_STATE,10055.05,10050.53,18.67
12.7762,0,0.00,0.00,APP_STATE,10055.31,10050.53,19.19
12.7790,0,0.00,0.00,APP_STATE,10055.31,10050.53,19.19
12.7825,0,0.00,0.00,APP_STATE,10055.31,10050.53,19.19
12.7861,0,0.00,0.00,APP_STATE,10055.31,10050.53,19.19
12.7881,0,0.00,0.00,APP_STATE,10055.04,10050.53,18.63
12.7912,0,0.00,0.00,APP_STATE,10055.31,10050.53,19.19
12.7933,0,0.00,0.00,APP_STATE,10055.31,10050.53,19.19
12.7969,0,0.00,0.00,APP_STATE,10055.31,10050.53,19.19
12.7996,0,0.00,0.00,APP_STATE,10055.31,10050.53,19.19
12.8026,0,0.00,0.00,APP_STATE,10055.31,10050.53,19.19
12.8026,0,0.00,0.00,APP_STATE,10055.05,10050.53,18.67
12.8058,0,0.00,0.00,APP_STATE,10055.31,10050.53,19.19
12.8440,0,0.00,0.00,APP_STATE,10054.76,10050.53,18.05
12.8521,0,0.00,0.00,APP_STATE,10054.44,10050.53,15.22
12.8546,0,0.00,0.00,APP_STATE,10054.65,10050.53,15.63
12.8573,0,0.00,0.00,APP_STATE,10054.65,10050.53,15.63
12.8597,0,0.00,0.00,APP_STATE,10054.65,10050.53,15.63
12.8627,0,0.00,0.00,APP_STATE,10054.65,10050.53,15.63
12.8697,-132,231.24,69.37,Touchpad DOWN,10054.65,10050.53,15.63
12.8717,0,0.00,0.00,APP_STATE,10054.67,10160.27,0.00
12.8772,-48,6402.70,1969.37,Touchpad DOWN,10054.67,10160.27,0.00
12.8841,0,0.00,0.00,APP_STATE,10192.29,10256.27,4300.93
12.8871,-49,4960.44,2866.69,Touchpad DOWN,10192.29,10256.27,4300.93
12.8881,0,0.00,0.00,APP_STATE,10193.75,10256.27,1753.37
12.8911,-45,11256.18,5383.54,Touchpad DOWN,10193.75,10256.27,1753.37
12.8956,0,0.00,0.00,APP_STATE,10200.86,10388.77,6862.77
12.9043,0,0.00,0.00,APP_STATE,10278.94,10388.77,5218.33
12.9159,0,0.00,0.00,APP_STATE,10326.75,10388.77,3005.19
12.9244,0,0.00,0.00,APP_STATE,10328.30,10388.77,1631.38
12.9274,-40,1099.91,4098.45,Touchpad DOWN,10328.30,10388.77,1631.38
12.9329,-16,2908.04,3741.33,Touchpad DOWN,10328.30,10388.77,1631.38
12.9379,0,0.00,0.00,APP_STATE,10347.62,10388.77,1307.73
12.9441,0,0.00,0.00,APP_STATE,10357.43,10388.77,631.03
12.9476,-41,2802.22,3459.60,Touchpad DOWN,10357.43,10388.77,631.03
12.9516,0,0.00,0.00,APP_STATE,10363.59,10534.77,6252.04
12.9547,0,0.00,0.00,APP_STATE,10369.37,10534.77,6040.64
12.9574,0,0.00,0.00,APP_STATE,10375.16,10534.77,5829.23
12.9613,0,0.00,0.00,APP_STATE,10444.96,10534.77,4351.65
12.9688,0,0.00,0.00,APP_STATE,10447.84,10534.77,3174.89
12.9708,0,0.00,0.00,APP_STATE,10451.06,10534.77,3057.45
13.0024,0,0.00,0.00,APP_STATE,10507.33,10534.77,1806.35
13.0145,0,0.00,0.00,APP_STATE,10512.11,10534.77,298.55
13.0226,0,0.00,0.00,APP_STATE,10515.24,10534.77,215.93
13.0261,-112,1426.60,2849.70,Touchpad DOWN,10515.24,10534.77,215.93
13.0271,0,0.00,0.00,APP_STATE,10515.51,10534.77,174.64
13.0342,0,0.00,0.00,APP_STATE,10519.18,10624.37,3842.00
13.0367,0,0.00,0.00,APP_STATE,10523.03,10624.37,3701.06
13.0410,0,0.00,0.00,APP_STATE,10567.46,10624.37,2757.73
13.0501,0,0.00,0.00,APP_STATE,10568.70,10624.37,1365.94
13.0556,0,0.00,0.00,APP_STATE,10585.29,10624.37,1108.25
13.0588,0,0.00,0.00,APP_STATE,10585.97,10624.37,637.85
13.0619,0,0.00,0.00,APP_STATE,10586.62,10624.37,616.79
13.0629,0,0.00,0.00,APP_STATE,10587.26,10624.37,596.13
13.0896,0,0.00,0.00,APP_STATE,10601.94,10624.37,456.44
13.0962,0,0.00,0.00,APP_STATE,10602.22,10624.37,224.43
13.1002,0,0.00,0.00,APP_STATE,10605.14,10624.37,209.34
13.1048,0,0.00,0.00,APP_STATE,10605.50,10624.37,168.35
13.1068,0,0.00,0.00,APP_STATE,10605.50,10624.37,168.35
13.1101,0,0.00,0.00,APP_STATE,10605.50,10624.37,168.35
13.1145,0,0.00,0.00,APP_STATE,10605.50,10624.37,168.35
13.1178,0,0.00,0.00,APP_STATE,10607.86,10624.37,157.64
13.1218,0,0.00,0.00,APP_STATE,10608.13,10624.37,129.46
13.1274,0,0.00,0.00,APP_STATE,10608.13,10624.37,129.46
13.1314,0,0.00,0.00,APP_STATE,10609.95,10624.37,122.06
13.1335,0,0.00,0.00,APP_STATE,10610.10,10624.37,103.69
13.1381,0,0.00,0.00,APP_STATE,10610.10,10624.37,103.69
13.1401,0,0.00,0.00,APP_STATE,10610.10,10624.37,103.69
13.1441,0,0.00,0.00,APP_STATE,10610.10,10624.37,103.69
13.1456,0,0.00,0.00,APP_STATE,10610.10,10624.37,103.69
13.1495,0,0.00,0.00,APP_STATE,10611.48,10624.37,98.61
13.1535,0,0.00,0.00,APP_STATE,10611.42,10624.37,88.10
13.1555,0,0.00,0.00,APP_STATE,10611.42,10624.37,88.10
13.1590,0,0.00,0.00,APP_STATE,10611.42,10624.37,88.10
13.1630,0,0.00,0.00,APP_STATE,10612.67,10624.37,83.78
13.1674,0,0.00,0.00,APP_STATE,10612.74,10624.37,73.78
13.1694,0,0.00,0.00,APP_STATE,10612.74,10624.37,73.78
13.1724,0,0.00,0.00,APP_STATE,10612.74,10624.37,73.78
13.1765,0,0.00,0.00,APP_STATE,10612.74,10624.37,73.78
13.1875,0,0.00,0.00,APP_STATE,10613.73,10624.37,70.61
13.1905,0,0.00,0.00,APP_STATE,10614.06,10624.37,60.70
13.1935,0,0.00,0.00,APP_STATE,10614.93,10624.37,58.10
13.1976,0,0.00,0.00,APP_STATE,10614.72,10624.37,54.62
13.2016,0,0.00,0.00,APP_STATE,10614.72,10624.37,54.62
13.2041,0,0.00,0.00,APP_STATE,10614.72,10624.37,54.62
13.2087,0,0.00,0.00,APP_STATE,10614.72,10624.37,54.62
13.2109,0,0.00,0.00,APP_STATE,10615.50,10624.37,52.37
13.2184,0,0.00,0.00,APP_STATE,10615.38,10624.37,48.85
13.2216,0,0.00,0.00,APP_STATE,10615.38,10624.37,48.85
13.2261,0,0.00,0.00,APP_STATE,10616.04,10624.37,47.04
13.2306,0,0.00,0.00,APP_STATE,10616.04,10624.37,43.38
13.2322,0,0.00,0.00,APP_STATE,10616.04,10624.37,43.38
13.2346,0,0.00,0.00,APP_STATE,10616.04,10624.37,43.38
13.2377,0,0.00,0.00,APP_STATE,10616.04,10624.37,43.38
13.2407,0,0.00,0.00,APP_STATE,10616.67,10624.37,41.73
13.2497,0,0.00,0.00,APP_STATE,10616.70,10624.37,38.21
13.2528,0,0.00,0.00,APP_STATE,10616.70,10624.37,38.21
13.2577,0,0.00,0.00,APP_STATE,10617.26,10624.37,36.83
13.2623,0,0.00,0.00,APP_STATE,10617.37,10624.37,33.35
13.2648,0,0.00,0.00,APP_STATE,10617.37,10624.37,33.35
13.2688,0,0.00,0.00,APP_STATE,10617.37,10624.37,33.35
13.2758,0,0.00,0.00,APP_STATE,10617.82,10624.37,32.27
13.2799,0,0.00,0.00,APP_STATE,10618.03,10624.37,28.79
13.2824,0,0.00,0.00,APP_STATE,10618.03,10624.37,28.79
13.2855,0,0.00,0.00,APP_STATE,10618.03,10624.37,28.79
13.2875,0,0.00,0.00,APP_STATE,10618.45,10624.37,27.83
13.2915,0,0.00,0.00,APP_STATE,10618.69,10624.37,24.52
13.2983,0,0.00,0.00,APP_STATE,10618.69,10624.37,24.52
13.3013,0,0.00,0.00,APP_STATE,10618.69,10624.37,24.52
13.3073,0,0.00,0.00,APP_STATE,10619.02,10624.37,23.80
13.3099,0,0.00,0.00,APP_STATE,10619.35,10624.37,20.56
13.3135,0,0.00,0.00,APP_STATE,10619.35,10624.37,20.56
13.3160,0,0.00,0.00,APP_STATE,10619.35,10624.37,20.56
13.3191,0,0.00,0.00,APP_STATE,10619.65,10624.37,19.94
13.3307,0,0.00,0.00,APP_STATE,10619.35,10624.37,20.56
13.3354,0,0.00,0.00,APP_STATE,10619.65,10624.37,19.94
13.3381,0,0.00,0.00,APP_STATE,10619.35,10624.37,20.56
13.3452,0,0.00,0.00,APP_STATE,10619.35,10624.37,20.56
13.3487,0,0.00,0.00,APP_STATE,10619.35,10624.37,20.56
13.3508,0,0.00,0.00,APP_STATE,10619.63,10624.37,19.98
13.3530,0,0.00,0.00,APP_STATE,10619.35,10624.37,20.56
13.3555,0,0.00,0.00,APP_STATE,10619.35,10624.37,20.56
13.3580,0,0.00,0.00,APP_STATE,10619.35,10624.37,20.56
13.3601,0,0.00,0.00,APP_STATE,10619.35,10624.37,20.56
13.3631,0,0.00,0.00,APP_STATE,10619.35,10624.37,20.56
13.3656,0,0.00,0.00,APP_STATE,10619.65,10624.37,19.94
13.3684,0,0.00,0.00,APP_STATE,10619.35,10624.37,20.56
13.3714,0,0.00,0.00,APP_STATE,10619.35,10624.37,20.56
13.3739,0,0.00,0.00,APP_STATE,10619.35,10624.37,20.56
13.3765,0,0.00,0.00,APP_STATE,10619.35,10624.37,20.56
13.3785,0,0.00,0.00,APP_STATE,10619.35,10624.37,20.56
13.3810,0,0.00,0.00,APP_STATE,10619.65,10624.37,19.94
13.3837,0,0.00,0.00,APP_STATE,10619.35,10624.37,20.56
13.3862,0,0.00,0.00,APP_STATE,10619.35,10624.37,20.56
13.3882,0,0.00,0.00,APP_STATE,10619.35,10624.37,20.56
13.3912,0,0.00,0.00,APP_STATE,10619.35,10624.37,20.56
13.3942,0,0.00,0.00,APP_STATE,10619.35,10624.37,20.56
13.3969,0,0.00,0.00,APP_STATE,10619.63,10624.37,19.98
13.3989,0,0.00,0.00,APP_STATE,10619.35,10624.37,20.56
13.4010,0,0.00,0.00,APP_STATE,10619.35,10624.37,20.56
13.4030,0,0.00,0.00,APP_STATE,10619.35,10624.37,20.56
13.4055,0,0.00,0.00,APP_STATE,10619.35,10624.37,20.56
13.4092,0,0.00,0.00,APP_STATE,10619.35,10624.37,20.56
13.4122,0,0.00,0.00,APP_STATE,10619.65,10624.37,19.94
13.4132,0,0.00,0.00,APP_STATE,10619.35,10624.37,20.56
13.4155,0,0.00,0.00,APP_STATE,10619.35,10624.37,20.56
13.4185,0,0.00,0.00,APP_STATE,10619.35,10624.37,20.56
13.4205,0,0.00,0.00,APP_STATE,10619.35,10624.37,20.56
13.4240,0,0.00,0.00,APP_STATE,10619.35,10624.37,20.56
13.4256,0,0.00,0.00,APP_STATE,10619.35,10624.37,20.56
13.4276,0,0.00,0.00,APP_STATE,10619.63,10624.37,19.98
13.4293,0,0.00,0.00,APP_STATE,10619.35,10624.37,20.56
13.4319,0,0.00,0.00,APP_STATE,10619.35,10624.37,20.56
13.4355,0,0.00,0.00,APP_STATE,10619.35,10624.37,20.56
13.4375,0,0.00,0.00,APP_STATE,10619.35,10624.37,20.56
13.4395,0,0.00,0.00,APP_STATE,10619.35,10624.37,20.56
13.4415,0,0.00,0.00,APP_STATE,10619.35,10624.37,20.56
13.4449,0,0.00,0.00,APP_STATE,10619.65,10624.37,19.94
13.4476,0,0.00,0.00,APP_STATE,10619.35,10624.37,20.56
13.4506,0,0.00,0.00,APP_STATE,10619.35,10624.37,20.56
13.4541,0,0.00,0.00,APP_STATE,10619.35,10624.37,20.56
13.4574,0,0.00,0.00,APP_STATE,10619.35,10624.37,20.56
13.4599,0,0.00,0.00,APP_STATE,10619.65,10624.37,19.94
13.4636,0,0.00,0.00,APP_STATE,10619.35,10624.37,20.56
13.4658,0,0.00,0.00,APP_STATE,10619.35,10624.37,20.56
13.4698,0,0.00,0.00,APP_STATE,10619.35,10624.37,20.56
13.4719,0,0.00,0.00,APP_STATE,10619.35,10624.37,20.56
13.4796,101,222.68,66.80,Touchpad UP,10619.35,10624.37,20.56
13.4822,0,0.00,0.00,APP_STATE,10619.33,10538.53,0.00
13.4875,32,4072.02,1268.37,Touchpad UP,10619.33,10538.53,0.00
13.4912,0,0.00,0.00,APP_STATE,10522.16,10474.53,3134.68
13.4942,31,4606.19,2269.71,Touchpad UP,10522.16,10474.53,3134.68
13.5013,25,3552.69,2654.61,Touchpad UP,10522.16,10474.53,3134.68
13.5067,0,0.00,0.00,APP_STATE,10468.61,10399.73,3337.05
13.5094,9,1111.99,2191.82,Touchpad UP,10468.61,10399.73,3337.05
13.5124,0,0.00,0.00,APP_STATE,10466.14,10392.53,2526.36
13.5199,0,0.00,0.00,APP_STATE,10463.66,10392.53,2336.79
13.5329,0,0.00,0.00,APP_STATE,10437.05,10392.53,1752.33
13.5382,0,0.00,0.00,APP_STATE,10425.67,10392.53,729.02
13.5428,0,0.00,0.00,APP_STATE,10425.53,10392.53,473.80
13.5453,0,0.00,0.00,APP_STATE,10424.88,10392.53,455.98
13.5489,0,0.00,0.00,APP_STATE,10424.23,10392.53,438.52
13.5724,0,0.00,0.00,APP_STATE,10413.25,10392.53,346.78
13.5892,0,0.00,0.00,APP_STATE,10410.40,10392.53,183.52
13.5932,0,0.00,0.00,APP_STATE,10410.51,10392.53,154.53
13.5957,0,0.00,0.00,APP_STATE,10410.51,10392.53,154.53
13.6059,0,0.00,0.00,APP_STATE,10408.48,10392.53,145.64
13.6131,0,0.00,0.00,APP_STATE,10408.54,10392.53,126.20
13.6153,70,660.91,680.90,Touchpad UP,10408.54,10392.53,126.20
13.6173,0,0.00,0.00,APP_STATE,10380.02,10336.53,1790.29
13.6203,0,0.00,0.00,APP_STATE,10379.21,10336.53,787.82
13.6238,0,0.00,0.00,APP_STATE,10378.57,10336.53,764.08
13.6274,0,0.00,0.00,APP_STATE,10377.93,10336.53,740.75
13.6391,0,0.00,0.00,APP_STATE,10367.89,10336.53,631.76
13.6431,0,0.00,0.00,APP_STATE,10367.58,10336.53,421.44
13.6455,0,0.00,0.00,APP_STATE,10366.93,10336.53,404.73
13.6588,0,0.00,0.00,APP_STATE,10361.34,10336.53,355.23
13.6665,15,292.70,406.04,Touchpad UP,10361.34,10336.53,355.23
13.6675,0,0.00,0.00,APP_STATE,10357.34,10336.53,249.53
13.6725,0,0.00,0.00,APP_STATE,10356.88,10324.53,455.98
13.6751,0,0.00,0.00,APP_STATE,10356.23,10324.53,438.52
13.6838,0,0.00,0.00,APP_STATE,10350.24,10324.53,384.13
13.6864,0,0.00,0.00,APP_STATE,10349.72,10324.53,284.07
13.6894,0,0.00,0.00,APP_STATE,10349.72,10324.53,284.07
13.6921,0,0.00,0.00,APP_STATE,10349.72,10324.53,284.07
13.6941,0,0.00,0.00,APP_STATE,10345.82,10324.53,261.50
13.7134,0,0.00,0.00,APP_STATE,10342.90,10324.53,193.83
13.7223,0,0.00,0.00,APP_STATE,10342.51,10324.53,154.53
13.7243,0,0.00,0.00,APP_STATE,10342.51,10324.53,154.53
13.7364,0,0.00,0.00,APP_STATE,10340.48,10324.53,145.64
13.7444,0,0.00,0.00,APP_STATE,10338.76,10324.53,119.06
13.7475,0,0.00,0.00,APP_STATE,10338.57,10324.53,100.78
13.7495,0,0.00,0.00,APP_STATE,10338.57,10324.53,100.78
13.7590,0,0.00,0.00,APP_STATE,10337.14,10324.53,95.57
13.7661,0,0.00,0.00,APP_STATE,10337.25,10324.53,85.42
13.7703,0,0.00,0.00,APP_STATE,10337.25,10324.53,85.42
13.7739,0,0.00,0.00,APP_STATE,10336.11,10324.53,81.55
13.7882,0,0.00,0.00,APP_STATE,10334.91,10324.53,68.09
13.7954,0,0.00,0.00,APP_STATE,10334.61,10324.53,58.46
13.8007,0,0.00,0.00,APP_STATE,10334.61,10324.53,58.46
13.8114,0,0.00,0.00,APP_STATE,10333.82,10324.53,56.16
13.8210,0,0.00,0.00,APP_STATE,10333.19,10324.53,50.37
13.8256,0,0.00,0.00,APP_STATE,10333.29,10324.53,46.84
13.8286,0,0.00,0.00,APP_STATE,10333.29,10324.53,46.84
13.8452,0,0.00,0.00,APP_STATE,10332.61,10324.53,45.01
13.8527,0,0.00,0.00,APP_STATE,10332.07,10324.53,40.03
13.8553,0,0.00,0.00,APP_STATE,10331.96,10324.53,36.42
13.8757,0,0.00,0.00,APP_STATE,10331.44,10324.53,35.12
13.8844,0,0.00,0.00,APP_STATE,10330.84,10324.53,30.59
13.8885,0,0.00,0.00,APP_STATE,10330.64,10324.53,27.21
13.8915,0,0.00,0.00,APP_STATE,10330.64,10324.53,27.21
13.9104,0,0.00,0.00,APP_STATE,10330.27,10324.53,26.38
13.9184,0,0.00,0.00,APP_STATE,10329.64,10324.53,22.34
13.9295,0,0.00,0.00,APP_STATE,10329.05,10324.53,18.67
13.9331,0,0.00,0.00,APP_STATE,10329.31,10324.53,19.19
13.9367,0,0.00,0.00,APP_STATE,10329.31,10324.53,19.19
13.9410,0,0.00,0.00,APP_STATE,10329.31,10324.53,19.19
13.9451,0,0.00,0.00,APP_STATE,10329.04,10324.53,18.63
13.9487,0,0.00,0.00,APP_STATE,10329.31,10324.53,19.19
13.9507,0,0.00,0.00,APP_STATE,10329.31,10324.53,19.19
13.9542,0,0.00,0.00,APP_STATE,10329.31,10324.53,19.19
13.9565,0,0.00,0.00,APP_STATE,10329.31,10324.53,19.19
13.9591,0,0.00,0.00,APP_STATE,10329.04,10324.53,18.63
13.9622,0,0.00,0.00,APP_STATE,10329.31,10324.53,19.19
13.9647,0,0.00,0.00,APP_STATE,10329.31,10324.53,19.19
13.9667,0,0.00,0.00,APP_STATE,10329.31,10324.53,19.19
13.9697,0,0.00,0.00,APP_STATE,10329.31,10324.53,19.19
13.9724,0,0.00,0.00,APP_STATE,10329.31,10324.53,19.19
13.9750,0,0.00,0.00,APP_STATE,10329.05,10324.53,18.67
13.9791,0,0.00,0.00,APP_STATE,10329.31,10324.53,19.19
13.9807,0,0.00,0.00,APP_STATE,10329.31,10324.53,19.19
13.9844,0,0.00,0.00,APP_STATE,10329.31,10324.53,19.19
13.9875,0,0.00,0.00,APP_STATE,10329.31,10324.53,19.19
13.9910,0,0.00,0.00,APP_STATE,10329.04,10324.53,18.63
13.9930,0,0.00,0.00,APP_STATE,10329.31,10324.53,19.19
13.9956,0,0.00,0.00,APP_STATE,10329.31,10324.53,19.19
13.9981,0,0.00,0.00,APP_STATE,10329.31,10324.53,19.19
14.0011,0,0.00,0.00,APP_STATE,10329.31,10324.53,19.19
14.0043,0,0.00,0.00,APP_STATE,10329.31,10324.53,19.19
14.0058,0,0.00,0.00,APP_STATE,10329.04,10324.53,18.63
14.0093,0,0.00,0.00,APP_STATE,10329.31,10324.53,19.19
14.0123,0,0.00,0.00,APP_STATE,10329.31,10324.53,19.19
14.0148,0,0.00,0.00,APP_STATE,10329.31,10324.53,19.19
14.0178,0,0.00,0.00,APP_STATE,10329.31,10324.53,19.19
14.0207,0,0.00,0.00,APP_STATE,10329.31,10324.53,19.19
14.0227,0,0.00,0.00,APP_STATE,10329.05,10324.53,18.67
14.0252,0,0.00,0.00,APP_STATE,10329.31,10324.53,19.19
14.0272,0,0.00,0.00,APP_STATE,10329.31,10324.53,19.19
14.0292,0,0.00,0.00,APP_STATE,10329.31,10324.53,19.19
14.0330,0,0.00,0.00,APP_STATE,10329.31,10324.53,19.19
14.0353,0,0.00,0.00,APP_STATE,10329.31,10324.53,19.19
14.0373,0,0.00,0.00,APP_STATE,10329.04,10324.53,18.63
14.0403,0,0.00,0.00,APP_STATE,10329.31,10324.53,19.19
14.0433,0,0.00,0.00,APP_STATE,10329.31,10324.53,19.19
14.0465,0,0.00,0.00,APP_STATE,10329.31,10324.53,19.19
14.0486,0,0.00,0.00,APP_STATE,10329.31,10324.53,19.19
14.0514,0,0.00,0.00,APP_STATE,10329.31,10324.53,19.19
14.0538,0,0.00,0.00,APP_STATE,10329.05,10324.53,18.67
14.0558,0,0.00,0.00,APP_STATE,10329.31,10324.53,19.19
14.0589,0,0.00,0.00,APP_STATE,10329.31,10324.53,19.19
14.0610,0,0.00,0.00,APP_STATE,10329.31,10324.53,19.19
14.0645,0,0.00,0.00,APP_STATE,10329.31,10324.53,19.19
14.0711,0,0.00,0.00,APP_STATE,10329.04,10324.53,18.63
14.0742,0,0.00,0.00,APP_STATE,10329.31,10324.53,19.19
14.0767,0,0.00,0.00,APP_STATE,10329.31,10324.53,19.19
14.0797,0,0.00,0.00,APP_STATE,10329.31,10324.53,19.19
14.0823,0,0.00,0.00,APP_STATE,10329.31,10324.53,19.19
14.0843,0,0.00,0.00,APP_STATE,10329.04,10324.53,18.63
14.0865,0,0.00,0.00,APP_STATE,10329.31,10324.53,19.19
14.0894,0,0.00,0.00,APP_STATE,10329.31,10324.53,19.19
14.0914,0,0.00,0.00,APP_STATE,10329.31,10324.53,19.19
14.0950,0,0.00,0.00,APP_STATE,10329.31,10324.53,19.19
14.0980,0,0.00,0.00,APP_STATE,10329.31,10324.53,19.19
14.1010,0,0.00,0.00,APP_STATE,10329.05,10324.53,18.67
14.1040,0,0.00,0.00,APP_STATE,10329.31,10324.53,19.19
14.1070,0,0.00,0.00,APP_STATE,10329.31,10324.53,19.19
14.1096,0,0.00,0.00,APP_STATE,10329.31,10324.53,19.19
14.1126,0,0.00,0.00,APP_STATE,10329.31,10324.53,19.19
14.1148,0,0.00,0.00,APP_STATE,10329.31,10324.53,19.19
14.1168,0,0.00,0.00,APP_STATE,10329.04,10324.53,18.63
14.1195,0,0.00,0.00,APP_STATE,10329.31,10324.53,19.19
14.1215,0,0.00,0.00,APP_STATE,10329.31,10324.53,19.19
14.1246,0,0.00,0.00,APP_STATE,10329.31,10324.53,19.19
14.1266,0,0.00,0.00,APP_STATE,10329.31,10324.53,19.19
14.1296,0,0.00,0.00,APP_STATE,10329.31,10324.53,19.19
14.1311,0,0.00,0.00,APP_STATE,10329.04,10324.53,18.63
14.1342,0,0.00,0.00,APP_STATE,10329.31,10324.53,19.19
14.1374,0,0.00,0.00,APP_STATE,10329.31,10324.53,19.19
14.1404,0,0.00,0.00,APP_STATE,10329.31,10324.53,19.19
14.1434,0,0.00,0.00,APP_STATE,10329.31,10324.53,19.19
14.1457,0,0.00,0.00,APP_STATE,10329.31,10324.53,19.19
14.1467,0,0.00,0.00,APP_STATE,10329.05,10324.53,18.67
14.1497,0,0.00,0.00,APP_STATE,10329.31,10324.53,19.19
14.1527,0,0.00,0.00,APP_STATE,10329.31,10324.53,19.19
14.1557,0,0.00,0.00,APP_STATE,10329.31,10324.53,19.19
14.1587,0,0.00,0.00,APP_STATE,10329.31,10324.53,19.19
14.1614,0,0.00,0.00,APP_STATE,10329.31,10324.53,19.19
14.1631,0,0.00,0.00,APP_STATE,10329.04,10324.53,18.63
14.1657,0,0.00,0.00,APP_STATE,10329.31,10324.53,19.19
14.1687,0,0.00,0.00,APP_STATE,10329.31,10324.53,19.19
14.1710,0,0.00,0.00,APP_STATE,10329.31,10324.53,19.19
14.1740,0,0.00,0.00,APP_STATE,10329.31,10324.53,19.19
14.1762,0,0.00,0.00,APP_STATE,10329.31,10324.53,19.19
14.1787,0,0.00,0.00,APP_STATE,10329.05,10324.53,18.67
14.1851,0,0.00,0.00,APP_STATE,10329.31,10324.53,19.19
14.2149,0,0.00,0.00,APP_STATE,10328.76,10324.53,18.05
14.2189,0,0.00,0.00,APP_STATE,10328.65,10324.53,15.63
14.2219,0,0.00,0.00,APP_STATE,10328.65,10324.53,15.63
14.2246,0,0.00,0.00,APP_STATE,10328.44,10324.53,15.22
14.2266,0,0.00,0.00,APP_STATE,10328.65,10324.53,15.63
14.2296,0,0.00,0.00,APP_STATE,10328.65,10324.53,15.63
14.2332,0,0.00,0.00,APP_STATE,10328.65,10324.53,15.63
14.2363,0,0.00,0.00,APP_STATE,10328.65,10324.53,15.63
14.2389,0,0.00,0.00,APP_STATE,10328.65,10324.53,15.63
14.2409,0,0.00,0.00,APP_STATE,10328.42,10324.53,15.19
14.2429,0,0.00,0.00,APP_STATE,10328.65,10324.53,15.63
14.2454,0,0.00,0.00,APP_STATE,10328.65,10324.53,15.63
14.2494,0,0.00,0.00,APP_STATE,10328.65,10324.53,15.63
14.2524,0,0.00,0.00,APP_STATE,10328.65,10324.53,15.63
14.2756,0,0.00,0.00,APP_STATE,10328.21,10324.53,14.77
14.2782,0,0.00,0.00,APP_STATE,10327.99,10324.53,12.35
14.2844,0,0.00,0.00,APP_STATE,10327.99,10324.53,12.35
14.2878,0,0.00,0.00,APP_STATE,10327.99,10324.53,12.35
14.2893,0,0.00,0.00,APP_STATE,10327.81,10324.53,12.03
14.2965,0,0.00,0.00,APP_STATE,10327.99,10324.53,12.35
14.3004,0,0.00,0.00,APP_STATE,10327.99,10324.53,12.35
14.3022,0,0.00,0.00,APP_STATE,10327.99,10324.53,12.35
14.3067,0,0.00,0.00,APP_STATE,10327.82,10324.53,12.05
14.3089,0,0.00,0.00,APP_STATE,10327.99,10324.53,12.35
14.3129,0,0.00,0.00,APP_STATE,10327.99,10324.53,12.35
14.3154,0,0.00,0.00,APP_STATE,10327.99,10324.53,12.35
14.3194,0,0.00,0.00,APP_STATE,10327.81,10324.53,12.03
14.3224,0,0.00,0.00,APP_STATE,10327.99,10324.53,12.35
14.3254,0,0.00,0.00,APP_STATE,10327.99,10324.53,12.35
14.3284,0,0.00,0.00,APP_STATE,10327.99,10324.53,12.35
14.3309,0,0.00,0.00,APP_STATE,10327.99,10324.53,12.35
14.3348,0,0.00,0.00,APP_STATE,10327.81,10324.53,12.03
14.3378,0,0.00,0.00,APP_STATE,10327.99,10324.53,12.35
14.3408,0,0.00,0.00,APP_STATE,10327.99,10324.53,12.35
14.3428,0,0.00,0.00,APP_STATE,10327.99,10324.53,12.35
14.3469,0,0.00,0.00,APP_STATE,10327.99,10324.53,12.35
14.3559,314,455.47,136.64,Touchpad UP,10327.99,10324.53,12.35
14.3568,0,0.00,0.00,APP_STATE,10328.00,10076.80,0.00
14.3623,132,20572.54,6267.41,Touchpad UP,10328.00,10076.80,0.00
14.3648,0,0.00,0.00,APP_STATE,10182.20,9977.60,9720.52
14.3689,0,0.00,0.00,APP_STATE,10092.74,9977.60,5578.73
14.3709,143,16796.48,9426.13,Touchpad UP,10092.74,9977.60,5578.73
14.3766,145,25406.22,14220.16,Touchpad UP,10092.74,9977.60,5578.73
14.3822,75,13324.27,13951.39,Touchpad UP,10092.74,9977.60,5578.73
14.3882,-221,36456.43,20702.90,Touchpad DOWN,10092.74,9977.60,5578.73
14.3895,0,0.00,0.00,APP_STATE,10092.67,10443.07,0.00
14.3970,149,17011.50,19595.48,Touchpad UP,10092.67,10443.07,0.00
14.4026,0,0.00,0.00,APP_STATE,9928.82,9848.51,5285.55
14.4109,0,0.00,0.00,APP_STATE,9916.96,9596.40,11707.13
14.4154,0,0.00,0.00,APP_STATE,9776.81,9596.40,8741.00
14.4184,0,0.00,0.00,APP_STATE,9770.32,9596.40,6351.48
14.4224,0,0.00,0.00,APP_STATE,9763.88,9596.40,6116.58
14.4411,0,0.00,0.00,APP_STATE,9694.26,9596.40,4649.33
14.4441,0,0.00,0.00,APP_STATE,9651.38,9596.40,2663.72
14.4477,0,0.00,0.00,APP_STATE,9650.07,9596.40,1263.65
14.4509,0,0.00,0.00,APP_STATE,9648.80,9596.40,1201.48
14.5293,0,0.00,0.00,APP_STATE,9608.40,9596.40,604.02
14.5732,0,0.00,0.00,APP_STATE,9605.43,9596.40,68.79
14.5775,2615,14485.54,4465.03,Touchpad UP,9605.43,9596.40,68.79
14.5825,0,0.00,0.00,APP_STATE,9592.99,9254.93,12346.18
14.5850,0,0.00,0.00,APP_STATE,9445.18,9254.93,9217.83
14.5893,0,0.00,0.00,APP_STATE,9438.62,9254.93,6708.65
14.5913,0,0.00,0.00,APP_STATE,9432.19,9254.93,6473.76
14.5943,0,0.00,0.00,APP_STATE,9425.76,9254.93,6238.86
14.6032,0,0.00,0.00,APP_STATE,9354.82,9254.93,4745.60
14.6074,0,0.00,0.00,APP_STATE,9351.15,9254.93,3514.06
14.6099,0,0.00,0.00,APP_STATE,9347.94,9254.93,3396.61
14.6396,0,0.00,0.00,APP_STATE,9284.47,9254.93,1985.48
14.6565,0,0.00,0.00,APP_STATE,9279.47,9254.93,346.77
14.6596,993,12099.48,4857.41,Touchpad UP,9279.47,9254.93,346.77
14.6644,0,0.00,0.00,APP_STATE,9126.32,8928.93,9563.54
14.6685,0,0.00,0.00,APP_STATE,9119.06,8928.93,6943.55
14.6715,0,0.00,0.00,APP_STATE,9112.62,8928.93,6708.65
14.6755,0,0.00,0.00,APP_STATE,9106.19,8928.93,6473.76
14.7159,0,0.00,0.00,APP_STATE,8961.74,8928.93,3069.40
14.7325,0,0.00,0.00,APP_STATE,8955.70,8928.93,420.31
14.7356,0,0.00,0.00,APP_STATE,8955.68,8928.93,317.86
14.7380,0,0.00,0.00,APP_STATE,8955.68,8928.93,317.86
14.7410,0,0.00,0.00,APP_STATE,8951.34,8928.93,291.34
14.7430,0,0.00,0.00,APP_STATE,8951.11,8928.93,224.90
14.7454,0,0.00,0.00,APP_STATE,8951.11,8928.93,224.90
14.7485,0,0.00,0.00,APP_STATE,8951.11,8928.93,224.90
14.7505,0,0.00,0.00,APP_STATE,8951.11,8928.93,224.90
14.7569,0,0.00,0.00,APP_STATE,8947.99,8928.93,208.73
14.7599,0,0.00,0.00,APP_STATE,8947.83,8928.93,168.76
14.7615,870,8541.95,3037.39,Touchpad UP,8947.83,8928.93,168.76
14.7635,0,0.00,0.00,APP_STATE,8935.65,8597.60,12346.18
14.7813,0,0.00,0.00,APP_STATE,8794.80,8597.60,9369.13
14.7951,0,0.00,0.00,APP_STATE,8708.61,8597.60,5378.58
14.8025,0,0.00,0.00,APP_STATE,8662.45,8597.60,3081.12
14.8055,0,0.00,0.00,APP_STATE,8660.87,8597.60,1799.96
14.8075,266,5771.81,3857.72,Touchpad UP,8660.87,8597.60,1799.96
14.8178,44,4278.71,3984.02,Touchpad UP,8660.87,8597.60,1799.96
14.8212,0,0.00,0.00,APP_STATE,8507.65,8310.27,9563.54
14.8290,0,0.00,0.00,APP_STATE,8500.39,8310.27,6943.55
14.8314,67,4917.55,4264.08,Touchpad UP,8500.39,8310.27,6943.55
14.8381,0,0.00,0.00,APP_STATE,8347.65,8150.27,9563.54
14.8433,0,0.00,0.00,APP_STATE,8340.39,8150.27,6943.55
14.8458,55,3842.03,4137.46,Touchpad UP,8340.39,8150.27,6943.55
14.8464,0,0.00,0.00,APP_STATE,8333.96,8150.27,6708.65
14.8540,0,0.00,0.00,APP_STATE,8236.66,8100.08,6489.25
14.8578,0,0.00,0.00,APP_STATE,8231.85,8100.08,4812.59
14.8588,0,0.00,0.00,APP_STATE,8227.35,8100.08,4648.17
14.8670,0,0.00,0.00,APP_STATE,8171.76,8100.08,3473.17
14.8690,0,0.00,0.00,APP_STATE,8169.77,8100.08,2231.25
14.8734,0,0.00,0.00,APP_STATE,8167.90,8100.08,2099.32
14.9270,0,0.00,0.00,APP_STATE,8117.08,8100.08,1083.43
14.9449,0,0.00,0.00,APP_STATE,8113.44,8100.08,125.57
14.9477,0,0.00,0.00,APP_STATE,8113.24,8100.08,90.51
14.9496,0,0.00,0.00,APP_STATE,8113.24,8100.08,90.51
14.9527,0,0.00,0.00,APP_STATE,8113.24,8100.08,90.51
14.9713,0,0.00,0.00,APP_STATE,8111.96,8100.08,86.02
14.9801,0,0.00,0.00,APP_STATE,8110.91,8100.08,72.69
14.9841,0,0.00,0.00,APP_STATE,8110.60,8100.08,62.71
14.9861,0,0.00,0.00,APP_STATE,8110.60,8100.08,62.71
14.9953,0,0.00,0.00,APP_STATE,8109.71,8100.08,60.00
14.9988,0,0.00,0.00,APP_STATE,8109.94,8100.08,56.53
15.0100,0,0.00,0.00,APP_STATE,8109.13,8100.08,54.18
15.0176,126,733.09,228.74,Touchpad UP,8109.13,8100.08,54.18
15.0196,0,0.00,0.00,APP_STATE,8105.46,7999.28,3877.71
15.0231,0,0.00,0.00,APP_STATE,8061.20,7999.28,2942.07
15.0273,0,0.00,0.00,APP_STATE,8059.70,7999.28,1628.43
15.0339,0,0.00,0.00,APP_STATE,8058.44,7999.28,1555.87
15.0414,0,0.00,0.00,APP_STATE,8038.88,7999.28,1236.73
15.0449,0,0.00,0.00,APP_STATE,8038.02,7999.28,648.95
15.0475,0,0.00,0.00,APP_STATE,8037.37,7999.28,627.69
15.0515,0,0.00,0.00,APP_STATE,8036.73,7999.28,606.83
15.0555,0,0.00,0.00,APP_STATE,8028.77,7999.28,526.16
15.0751,0,0.00,0.00,APP_STATE,8023.27,7999.28,337.47
15.0857,0,0.00,0.00,APP_STATE,8019.55,7999.28,236.47
15.0887,0,0.00,0.00,APP_STATE,8019.15,7999.28,184.52
15.0927,5,66.58,87.52,Touchpad UP,8019.15,7999.28,184.52
15.0953,0,0.00,0.00,APP_STATE,8019.08,7995.28,255.91
15.0995,0,0.00,0.00,APP_STATE,8019.08,7995.28,255.91
15.1089,0,0.00,0.00,APP_STATE,8015.77,7995.28,237.70
15.1181,0,0.00,0.00,APP_STATE,8013.08,7995.28,182.32
15.1221,0,0.00,0.00,APP_STATE,8013.18,7995.28,153.35
15.1236,0,0.00,0.00,APP_STATE,8013.18,7995.28,153.35
15.1330,0,0.00,0.00,APP_STATE,8011.03,7995.28,143.96
15.1385,0,0.00,0.00,APP_STATE,8011.21,7995.28,125.14
15.1453,0,0.00,0.00,APP_STATE,8011.21,7995.28,125.14
15.1498,0,0.00,0.00,APP_STATE,8009.56,7995.28,118.54
15.1519,0,0.00,0.00,APP_STATE,8009.23,7995.28,99.83
15.1651,0,0.00,0.00,APP_STATE,8007.82,7995.28,94.69
15.1825,0,0.00,0.00,APP_STATE,8006.79,7995.28,80.73
15.1859,0,0.00,0.00,APP_STATE,8006.60,7995.28,70.53
15.1889,0,0.00,0.00,APP_STATE,8006.60,7995.28,70.53
15.1971,0,0.00,0.00,APP_STATE,8005.59,7995.28,67.34
15.1996,0,0.00,0.00,APP_STATE,8005.28,7995.28,57.74
15.2098,0,0.00,0.00,APP_STATE,8004.45,7995.28,55.32
15.2164,0,0.00,0.00,APP_STATE,8004.61,7995.28,51.81
15.2214,0,0.00,0.00,APP_STATE,8004.61,7995.28,51.81
15.2255,0,0.00,0.00,APP_STATE,8003.92,7995.28,49.85
15.2275,0,0.00,0.00,APP_STATE,8003.95,7995.28,46.18
15.2393,0,0.00,0.00,APP_STATE,8003.95,7995.28,46.18
15.2443,0,0.00,0.00,APP_STATE,8003.29,7995.28,44.39
15.2478,0,0.00,0.00,APP_STATE,8003.29,7995.28,40.86
15.2509,0,0.00,0.00,APP_STATE,8003.29,7995.28,40.86
15.2544,0,0.00,0.00,APP_STATE,8003.29,7995.28,40.86
15.2567,0,0.00,0.00,APP_STATE,8002.70,7995.28,39.34
15.2615,0,0.00,0.00,APP_STATE,8002.63,7995.28,35.84
15.2628,0,0.00,0.00,APP_STATE,8002.63,7995.28,35.84
15.2669,0,0.00,0.00,APP_STATE,8002.63,7995.28,35.84
15.2692,0,0.00,0.00,APP_STATE,8002.63,7995.28,35.84
15.2722,0,0.00,0.00,APP_STATE,8002.15,7995.28,34.65
15.2799,0,0.00,0.00,APP_STATE,8001.97,7995.28,31.12
15.3066,0,0.00,0.00,APP_STATE,8001.10,7995.28,29.06
15.3103,0,0.00,0.00,APP_STATE,8001.31,7995.28,26.70
15.3203,0,0.00,0.00,APP_STATE,8000.92,7995.28,25.84
15.3280,0,0.00,0.00,APP_STATE,8000.64,7995.28,22.58
15.3375,0,0.00,0.00,APP_STATE,8000.32,7995.28,21.89
15.3453,0,0.00,0.00,APP_STATE,7999.98,7995.28,18.76
15.3555,0,0.00,0.00,APP_STATE,7999.73,7995.28,18.24
15.3596,0,0.00,0.00,APP_STATE,7999.98,7995.28,18.76
15.3628,0,0.00,0.00,APP_STATE,7999.98,7995.28,18.76
15.3660,0,0.00,0.00,APP_STATE,7999.71,7995.28,18.21
15.3684,0,0.00,0.00,APP_STATE,7999.98,7995.28,18.76
15.3714,0,0.00,0.00,APP_STATE,7999.98,7995.28,18.76
15.3745,0,0.00,0.00,APP_STATE,7999.98,7995.28,18.76
15.3785,0,0.00,0.00,APP_STATE,7999.98,7995.28,18.76
15.3808,0,0.00,0.00,APP_STATE,7999.71,7995.28,18.21
15.3843,0,0.00,0.00,APP_STATE,7999.98,7995.28,18.76
15.3873,0,0.00,0.00,APP_STATE,7999.98,7995.28,18.76
15.3908,0,0.00,0.00,APP_STATE,7999.98,7995.28,18.76
15.3940,0,0.00,0.00,APP_STATE,7999.98,7995.28,18.76
15.3971,0,0.00,0.00,APP_STATE,7999.73,7995.28,18.24
15.3996,0,0.00,0.00,APP_STATE,7999.98,7995.28,18.76
15.4026,0,0.00,0.00,APP_STATE,7999.98,7995.28,18.76
15.4041,0,0.00,0.00,APP_STATE,7999.98,7995.28,18.76
15.4087,0,0.00,0.00,APP_STATE,7999.98,7995.28,18.76
15.4113,0,0.00,0.00,APP_STATE,7999.98,7995.28,18.76
15.4133,0,0.00,0.00,APP_STATE,7999.71,7995.28,18.21
15.4168,0,0.00,0.00,APP_STATE,7999.98,7995.28,18.76
15.4188,0,0.00,0.00,APP_STATE,7999.98,7995.28,18.76
15.4304,0,0.00,0.00,APP_STATE,7999.73,7995.28,18.24
15.4324,0,0.00,0.00,APP_STATE,7999.98,7995.28,18.76
15.4365,0,0.00,0.00,APP_STATE,7999.98,7995.28,18.76
15.4395,0,0.00,0.00,APP_STATE,7999.98,7995.28,18.76
15.4425,0,0.00,0.00,APP_STATE,7999.98,7995.28,18.76
15.4444,0,0.00,0.00,APP_STATE,7999.71,7995.28,18.21
15.4476,0,0.00,0.00,APP_STATE,7999.98,7995.28,18.76
15.4506,0,0.00,0.00,APP_STATE,7999.98,7995.28,18.76
15.4526,0,0.00,0.00,APP_STATE,7999.98,7995.28,18.76
15.4557,0,0.00,0.00,APP_STATE,7999.98,7995.28,18.76
15.4593,0,0.00,0.00,APP_STATE,7999.71,7995.28,18.21
15.4626,0,0.00,0.00,APP_STATE,7999.98,7995.28,18.76
15.4657,0,0.00,0.00,APP_STATE,7999.98,7995.28,18.76
15.4692,0,0.00,0.00,APP_STATE,7999.98,7995.28,18.76
15.4735,0,0.00,0.00,APP_STATE,7999.98,7995.28,18.76
15.4751,0,0.00,0.00,APP_STATE,7999.73,7995.28,18.24
15.4781,0,0.00,0.00,APP_STATE,7999.98,7995.28,18.76
15.4816,0,0.00,0.00,APP_STATE,7999.98,7995.28,18.76
15.4841,0,0.00,0.00,APP_STATE,7999.98,7995.28,18.76
15.4871,0,0.00,0.00,APP_STATE,7999.98,7995.28,18.76
15.4902,0,0.00,0.00,APP_STATE,7999.71,7995.28,18.21
15.4932,0,0.00,0.00,APP_STATE,7999.98,7995.28,18.76
15.4965,0,0.00,0.00,APP_STATE,7999.98,7995.28,18.76
15.4999,0,0.00,0.00,APP_STATE,7999.98,7995.28,18.76
15.5021,0,0.00,0.00,APP_STATE,7999.98,7995.28,18.76
15.5062,0,0.00,0.00,APP_STATE,7999.71,7995.28,18.21
15.5089,0,0.00,0.00,APP_STATE,7999.98,7995.28,18.76
15.5120,0,0.00,0.00,APP_STATE,7999.98,7995.28,18.76
15.5145,0,0.00,0.00,APP_STATE,7999.98,7995.28,18.76
15.5165,0,0.00,0.00,APP_STATE,7999.98,7995.28,18.76
15.5200,0,0.00,0.00,APP_STATE,7999.98,7995.28,18.76
15.5235,0,0.00,0.00,APP_STATE,7999.73,7995.28,18.24
15.5250,0,0.00,0.00,APP_STATE,7999.98,7995.28,18.76
15.5292,0,0.00,0.00,APP_STATE,7999.98,7995.28,18.76
15.5322,0,0.00,0.00,APP_STATE,7999.98,7995.28,18.76
15.5353,0,0.00,0.00,APP_STATE,7999.98,7995.28,18.76
15.5373,0,0.00,0.00,APP_STATE,7999.71,7995.28,18.21
15.5398,0,0.00,0.00,APP_STATE,7999.98,7995.28,18.76
15.5428,0,0.00,0.00,APP_STATE,7999.98,7995.28,18.76
15.5458,0,0.00,0.00,APP_STATE,7999.98,7995.28,18.76
15.5483,0,0.00,0.00,APP_STATE,7999.98,7995.28,18.76
15.5513,0,0.00,0.00,APP_STATE,7999.98,7995.28,18.76
15.5542,0,0.00,0.00,APP_STATE,7999.73,7995.28,18.24
15.5577,0,0.00,0.00,APP_STATE,7999.98,7995.28,18.76
15.5610,0,0.00,0.00,APP_STATE,7999.98,7995.28,18.76
15.5641,0,0.00,0.00,APP_STATE,7999.98,7995.28,18.76
15.5666,0,0.00,0.00,APP_STATE,7999.98,7995.28,18.76
15.5686,0,0.00,0.00,APP_STATE,7999.71,7995.28,18.21
15.5716,0,0.00,0.00,APP_STATE,7999.98,7995.28,18.76
15.5746,0,0.00,0.00,APP_STATE,7999.98,7995.28,18.76
15.5772,0,0.00,0.00,APP_STATE,7999.98,7995.28,18.76
15.5792,0,0.00,0.00,APP_STATE,7999.98,7995.28,18.76
15.5837,0,0.00,0.00,APP_STATE,7999.98,7995.28,18.76
15.5852,0,0.00,0.00,APP_STATE,7999.71,7995.28,18.21
15.5882,0,0.00,0.00,APP_STATE,7999.98,7995.28,18.76
15.5912,0,0.00,0.00,APP_STATE,7999.98,7995.28,18.76
15.5944,0,0.00,0.00,APP_STATE,7999.98,7995.28,18.76
15.5983,0,0.00,0.00,APP_STATE,7999.98,7995.28,18.76
15.6169,0,0.00,0.00,APP_STATE,7999.45,7995.28,17.68
15.6353,-348,641.35,192.41,Touchpad DOWN,7999.45,7995.28,17.68
15.6428,0,0.00,0.00,APP_STATE,7999.33,8277.73,0.00
15.6443,-294,32898.26,10004.16,Touchpad DOWN,7999.33,8277.73,0.00
15.6468,0,0.00,0.00,APP_STATE,8186.16,8277.73,6026.89
15.6568,0,0.00,0.00,APP_STATE,8189.23,8277.73,3232.18
15.6588,-351,24125.34,14240.51,Touchpad DOWN,8189.23,8277.73,3232.18
15.6677,-207,23301.69,16958.87,Touchpad DOWN,8189.23,8277.73,3232.18
15.6722,0,0.00,0.00,APP_STATE,8342.35,8539.73,9563.54
15.6810,0,0.00,0.00,APP_STATE,8424.67,8539.73,5466.87
15.6880,0,0.00,0.00,APP_STATE,8428.72,8539.73,4054.32
15.6955,0,0.00,0.00,APP_STATE,8477.17,8539.73,3031.37
15.6985,-156,5063.66,13390.31,Touchpad DOWN,8477.17,8539.73,3031.37
15.6995,0,0.00,0.00,APP_STATE,8487.03,8752.64,9700.12
15.7069,0,0.00,0.00,APP_STATE,8499.68,8837.73,12346.18
15.7144,0,0.00,0.00,APP_STATE,8647.48,8837.73,9217.83
15.7209,0,0.00,0.00,APP_STATE,8654.04,8837.73,6708.65
15.7244,0,0.00,0.00,APP_STATE,8730.45,8837.73,5096.99
15.7309,0,0.00,0.00,APP_STATE,8734.44,8837.73,3772.44
15.7339,0,0.00,0.00,APP_STATE,8738.30,8837.73,3631.50
15.7364,0,0.00,0.00,APP_STATE,8741.51,8837.73,3514.06
15.7829,0,0.00,0.00,APP_STATE,8819.87,8837.73,1671.07
15.7911,0,0.00,0.00,APP_STATE,8822.23,8837.73,139.64
15.7941,0,0.00,0.00,APP_STATE,8822.12,8837.73,120.89
15.7982,0,0.00,0.00,APP_STATE,8822.12,8837.73,120.89
15.8013,0,0.00,0.00,APP_STATE,8822.12,8837.73,120.89
15.8151,0,0.00,0.00,APP_STATE,8823.72,8837.73,114.60
15.8222,0,0.00,0.00,APP_STATE,8825.46,8837.73,91.16
15.8371,0,0.00,0.00,APP_STATE,8826.57,8837.73,77.21
15.8420,0,0.00,0.00,APP_STATE,8826.73,8837.73,67.34
15.8441,-3147,21621.79,6991.96,Touchpad DOWN,8826.73,8837.73,67.34
15.8455,0,0.00,0.00,APP_STATE,8839.01,9177.07,12346.18
15.8490,0,0.00,0.00,APP_STATE,8851.23,9177.07,11899.87
15.8531,0,0.00,0.00,APP_STATE,8986.87,9177.07,9036.24
15.8591,0,0.00,0.00,APP_STATE,8993.38,9177.07,6708.65
15.8634,0,0.00,0.00,APP_STATE,8999.81,9177.07,6473.76
15.8666,-425,18868.26,10554.85,Touchpad DOWN,8999.81,9177.07,6473.76
15.8666,0,0.00,0.00,APP_STATE,9077.32,9177.07,4832.72
15.8752,0,0.00,0.00,APP_STATE,9089.68,9427.73,12346.18
15.8782,0,0.00,0.00,APP_STATE,9101.90,9427.73,11899.87
15.8808,0,0.00,0.00,APP_STATE,9113.48,9427.73,11477.06
15.9088,0,0.00,0.00,APP_STATE,9324.32,9427.73,6806.23
15.9170,0,0.00,0.00,APP_STATE,9369.30,9427.73,2831.22
15.9276,0,0.00,0.00,APP_STATE,9387.52,9427.73,1212.16
15.9300,0,0.00,0.00,APP_STATE,9388.02,9427.73,682.00
15.9318,-1189,18232.70,12858.21,Touchpad DOWN,9388.02,9427.73,682.00
15.9364,0,0.00,0.00,APP_STATE,9400.35,9738.40,12346.18
15.9384,0,0.00,0.00,APP_STATE,9412.57,9738.40,11899.87
15.9428,0,0.00,0.00,APP_STATE,9424.14,9738.40,11477.06
15.9469,0,0.00,0.00,APP_STATE,9561.29,9738.40,8580.98
15.9634,0,0.00,0.00,APP_STATE,9638.66,9738.40,4832.72
15.9710,0,0.00,0.00,APP_STATE,9642.18,9738.40,3514.06
15.9785,0,0.00,0.00,APP_STATE,9682.11,9738.40,2674.25
15.9885,0,0.00,0.00,APP_STATE,9683.33,9738.40,1334.38
15.9922,0,0.00,0.00,APP_STATE,9700.49,9738.40,1072.39
16.0281,0,0.00,0.00,APP_STATE,9715.38,9738.40,474.74
16.0319,0,0.00,0.00,APP_STATE,9715.57,9738.40,237.14
16.0341,0,0.00,0.00,APP_STATE,9715.57,9738.40,237.14
16.0371,0,0.00,0.00,APP_STATE,9715.57,9738.40,237.14
16.0391,0,0.00,0.00,APP_STATE,9718.85,9738.40,219.71
16.0452,0,0.00,0.00,APP_STATE,9718.85,9738.40,179.32
16.0480,-1786,15370.12,5118.41,Touchpad DOWN,9718.85,9738.40,179.32
16.0559,0,0.00,0.00,APP_STATE,9864.47,10069.07,9720.52
16.0620,0,0.00,0.00,APP_STATE,9871.87,10069.07,7201.94
16.0645,0,0.00,0.00,APP_STATE,9878.94,10069.07,6943.55
16.0689,0,0.00,0.00,APP_STATE,9961.81,10069.07,5196.63
16.0754,0,0.00,0.00,APP_STATE,9965.77,10069.07,3772.44
16.0791,0,0.00,0.00,APP_STATE,9969.63,10069.07,3631.50
16.0826,0,0.00,0.00,APP_STATE,9972.85,10069.07,3514.06
16.0862,0,0.00,0.00,APP_STATE,10014.76,10069.07,2631.07
16.0892,0,0.00,0.00,APP_STATE,10015.91,10069.07,1238.73
16.0911,0,0.00,0.00,APP_STATE,10017.18,10069.07,1177.30
16.1101,0,0.00,0.00,APP_STATE,10031.79,10069.07,963.52
16.1173,0,0.00,0.00,APP_STATE,10040.22,10069.07,514.01
16.1203,0,0.00,0.00,APP_STATE,10040.36,10069.07,362.99
16.1218,-947,12828.48,5511.79,Touchpad DOWN,10040.36,10069.07,362.99
16.1239,0,0.00,0.00,APP_STATE,10053.01,10391.07,12346.18
16.1344,0,0.00,0.00,APP_STATE,10200.82,10391.07,9217.83
16.1369,0,0.00,0.00,APP_STATE,10207.38,10391.07,6708.65
16.1399,0,0.00,0.00,APP_STATE,10213.81,10391.07,6473.76
16.1464,0,0.00,0.00,APP_STATE,10287.68,10391.07,4912.04
16.1541,0,0.00,0.00,APP_STATE,10291.63,10391.07,3631.50
16.1578,0,0.00,0.00,APP_STATE,10294.85,10391.07,3514.06
16.1594,0,0.00,0.00,APP_STATE,10298.06,10391.07,3396.61
16.1629,-439,10677.11,7061.38,Touchpad DOWN,10298.06,10391.07,3396.61
16.1663,0,0.00,0.00,APP_STATE,10451.01,10648.40,9563.54
16.1789,0,0.00,0.00,APP_STATE,10533.33,10648.40,5466.87
16.1864,0,0.00,0.00,APP_STATE,10537.39,10648.40,4054.32
16.1894,0,0.00,0.00,APP_STATE,10541.25,10648.40,3913.38
16.1914,0,0.00,0.00,APP_STATE,10545.11,10648.40,3772.44
16.1924,0,0.00,0.00,APP_STATE,10548.96,10648.40,3631.50
16.1955,0,0.00,0.00,APP_STATE,10592.22,10648.40,2722.04
16.1996,0,0.00,0.00,APP_STATE,10593.33,10648.40,1334.38
16.2016,0,0.00,0.00,APP_STATE,10594.60,10648.40,1270.14
16.2543,0,0.00,0.00,APP_STATE,10629.94,10648.40,750.53
16.2618,0,0.00,0.00,APP_STATE,10632.38,10648.40,148.69
16.2648,0,0.00,0.00,APP_STATE,10632.79,10648.40,120.89
16.2678,0,0.00,0.00,APP_STATE,10632.79,10648.40,120.89
16.2703,0,0.00,0.00,APP_STATE,10632.79,10648.40,120.89
16.2744,0,0.00,0.00,APP_STATE,10634.39,10648.40,114.60
16.2764,0,0.00,0.00,APP_STATE,10634.76,10648.40,96.04
16.2784,0,0.00,0.00,APP_STATE,10634.76,10648.40,96.04
16.2810,0,0.00,0.00,APP_STATE,10634.76,10648.40,96.04
16.2840,0,0.00,0.00,APP_STATE,10634.76,10648.40,96.04
16.2870,0,0.00,0.00,APP_STATE,10636.13,10648.40,91.16
16.2896,-868,6851.92,2231.98,Touchpad DOWN,10636.13,10648.40,91.16
16.2906,0,0.00,0.00,APP_STATE,10636.08,10648.40,81.06
16.2987,0,0.00,0.00,APP_STATE,10648.35,10986.40,12346.18
16.3024,0,0.00,0.00,APP_STATE,10660.57,10986.40,11899.87
16.3044,0,0.00,0.00,APP_STATE,10796.21,10986.40,9036.24
16.3118,0,0.00,0.00,APP_STATE,10802.71,10986.40,6708.65
16.3143,0,0.00,0.00,APP_STATE,10809.14,10986.40,6473.76
16.3229,0,0.00,0.00,APP_STATE,10886.66,10986.40,4832.72
16.3295,0,0.00,0.00,APP_STATE,10890.18,10986.40,3514.06
16.3320,-177,4177.64,2815.68,Touchpad DOWN,10890.18,10986.40,3514.06
16.3405,0,0.00,0.00,APP_STATE,11023.70,11196.17,8356.46
16.3515,0,0.00,0.00,APP_STATE,11095.64,11196.17,4776.30
16.3566,0,0.00,0.00,APP_STATE,11098.89,11196.17,3553.06
16.3593,0,0.00,0.00,APP_STATE,11102.10,11196.17,3435.61
16.3929,0,0.00,0.00,APP_STATE,11166.29,11196.17,2009.10
16.4055,0,0.00,0.00,APP_STATE,11171.34,11196.17,356.08
16.4087,0,0.00,0.00,APP_STATE,11171.60,11196.17,271.39
16.4232,0,0.00,0.00,APP_STATE,11175.34,11196.17,250.24
16.4263,0,0.00,0.00,APP_STATE,11175.53,11196.17,197.58
16.4293,0,0.00,0.00,APP_STATE,11178.11,11196.17,184.99
16.4318,0,0.00,0.00,APP_STATE,11178.16,11196.17,155.13
16.4355,0,0.00,0.00,APP_STATE,11178.16,11196.17,155.13
16.4370,0,0.00,0.00,APP_STATE,11178.16,11196.17,155.13
16.4410,0,0.00,0.00,APP_STATE,11178.16,11196.17,155.13
16.4440,0,0.00,0.00,APP_STATE,11178.16,11196.17,155.13
16.4454,-156,1375.95,554.62,Touchpad DOWN,11178.16,11196.17,155.13
16.4511,0,0.00,0.00,APP_STATE,11240.43,11320.97,3902.21
16.4541,0,0.00,0.00,APP_STATE,11243.50,11320.97,2829.57
16.4601,0,0.00,0.00,APP_STATE,11276.31,11320.97,2061.37
16.4641,0,0.00,0.00,APP_STATE,11276.84,11320.97,843.03
16.4657,0,0.00,0.00,APP_STATE,11277.48,11320.97,818.34
16.4782,0,0.00,0.00,APP_STATE,11287.84,11320.97,700.49
16.4892,0,0.00,0.00,APP_STATE,11288.46,11320.97,460.58
16.4932,0,0.00,0.00,APP_STATE,11295.07,11320.97,400.25
16.4972,0,0.00,0.00,APP_STATE,11295.62,11320.97,287.63
16.4982,0,0.00,0.00,APP_STATE,11295.62,11320.97,287.63
16.5013,0,0.00,0.00,APP_STATE,11295.62,11320.97,287.63
16.5059,0,0.00,0.00,APP_STATE,11299.57,11320.97,264.66
16.5075,0,0.00,0.00,APP_STATE,11299.54,11320.97,211.36
16.5209,0,0.00,0.00,APP_STATE,11299.54,11320.97,211.36
16.5348,0,0.00,0.00,APP_STATE,11302.30,11320.97,197.51
16.5379,0,0.00,0.00,APP_STATE,11304.51,11320.97,156.69
16.5398,0,0.00,0.00,APP_STATE,11304.80,11320.97,128.54
16.5442,0,0.00,0.00,APP_STATE,11304.80,11320.97,128.54
16.5471,-15,147.37,97.50,Touchpad DOWN,11304.80,11320.97,128.54
16.5471,0,0.00,0.00,APP_STATE,11304.80,11320.97,128.54
16.5553,0,0.00,0.00,APP_STATE,11309.43,11332.97,317.46
16.5589,0,0.00,0.00,APP_STATE,11309.58,11332.97,247.95
16.5604,0,0.00,0.00,APP_STATE,11309.58,11332.97,247.95
16.5629,0,0.00,0.00,APP_STATE,11309.58,11332.97,247.95
16.5680,0,0.00,0.00,APP_STATE,11309.58,11332.97,247.95
16.5740,0,0.00,0.00,APP_STATE,11313.00,11332.97,229.37
16.5772,0,0.00,0.00,APP_STATE,11313.51,11332.97,177.82
16.5792,0,0.00,0.00,APP_STATE,11313.51,11332.97,177.82
16.5817,0,0.00,0.00,APP_STATE,11313.51,11332.97,177.82
16.5863,0,0.00,0.00,APP_STATE,11315.99,11332.97,166.24
16.5899,0,0.00,0.00,APP_STATE,11316.14,11332.97,137.75
16.5929,0,0.00,0.00,APP_STATE,11316.14,11332.97,137.75
16.5954,0,0.00,0.00,APP_STATE,11316.14,11332.97,137.75
16.5989,0,0.00,0.00,APP_STATE,11316.14,11332.97,137.75
16.6028,0,0.00,0.00,APP_STATE,11317.95,11332.97,130.19
16.6043,0,0.00,0.00,APP_STATE,11318.11,11332.97,111.11
16.6070,0,0.00,0.00,APP_STATE,11318.11,11332.97,111.11
16.6095,0,0.00,0.00,APP_STATE,11318.11,11332.97,111.11
16.6175,0,0.00,0.00,APP_STATE,11319.68,11332.97,105.14
16.6225,0,0.00,0.00,APP_STATE,11320.09,11332.97,87.35
16.6241,0,0.00,0.00,APP_STATE,11320.09,11332.97,87.35
16.6261,0,0.00,0.00,APP_STATE,11320.09,11332.97,87.35
16.6291,0,0.00,0.00,APP_STATE,11320.09,11332.97,87.35
16.6306,0,0.00,0.00,APP_STATE,11321.33,11332.97,83.08
16.6352,0,0.00,0.00,APP_STATE,11321.41,11332.97,73.09
16.6377,0,0.00,0.00,APP_STATE,11321.41,11332.97,73.09
16.6388,0,0.00,0.00,APP_STATE,11321.41,11332.97,73.09
16.6428,0,0.00,0.00,APP_STATE,11321.41,11332.97,73.09
16.6443,0,0.00,0.00,APP_STATE,11321.41,11332.97,73.09
16.6479,0,0.00,0.00,APP_STATE,11322.38,11332.97,69.96
16.6509,0,0.00,0.00,APP_STATE,11322.73,11332.97,60.07
16.6529,0,0.00,0.00,APP_STATE,11322.73,11332.97,60.07
16.6560,0,0.00,0.00,APP_STATE,11322.73,11332.97,60.07
16.6571,0,0.00,0.00,APP_STATE,11322.73,11332.97,60.07
16.6617,0,0.00,0.00,APP_STATE,11322.73,11332.97,60.07
16.6645,0,0.00,0.00,APP_STATE,11323.59,11332.97,57.51
16.6675,0,0.00,0.00,APP_STATE,11323.39,11332.97,54.02
16.6710,0,0.00,0.00,APP_STATE,11323.39,11332.97,54.02
16.6730,0,0.00,0.00,APP_STATE,11323.39,11332.97,54.02
16.6755,0,0.00,0.00,APP_STATE,11323.39,11332.97,54.02
16.6795,0,0.00,0.00,APP_STATE,11324.11,11332.97,51.95
16.6820,0,0.00,0.00,APP_STATE,11324.05,11332.97,48.28
16.6845,0,0.00,0.00,APP_STATE,11324.05,11332.97,48.28
16.6880,0,0.00,0.00,APP_STATE,11324.05,11332.97,48.28
16.6900,0,0.00,0.00,APP_STATE,11324.05,11332.97,48.28
16.6930,0,0.00,0.00,APP_STATE,11324.05,11332.97,48.28
16.6945,0,0.00,0.00,APP_STATE,11324.74,11332.97,46.38
16.6980,0,0.00,0.00,APP_STATE,11324.71,11332.97,42.84
16.6990,0,0.00,0.00,APP_STATE,11324.71,11332.97,42.84
16.7021,0,0.00,0.00,APP_STATE,11324.71,11332.97,42.84
16.7046,0,0.00,0.00,APP_STATE,11324.71,11332.97,42.84
16.7066,0,0.00,0.00,APP_STATE,11324.71,11332.97,42.84
16.7106,0,0.00,0.00,APP_STATE,11325.33,11332.97,41.23
16.7182,0,0.00,0.00,APP_STATE,11325.37,11332.97,37.71
16.7211,0,0.00,0.00,APP_STATE,11325.37,11332.97,37.71
16.7247,0,0.00,0.00,APP_STATE,11325.88,11332.97,36.43
16.7339,0,0.00,0.00,APP_STATE,11326.03,11332.97,32.88
16.7365,0,0.00,0.00,APP_STATE,11326.03,11332.97,32.88
16.7405,0,0.00,0.00,APP_STATE,11326.03,11332.97,32.88
16.7420,0,0.00,0.00,APP_STATE,11326.51,11332.97,31.74
16.7440,0,0.00,0.00,APP_STATE,11326.70,11332.97,28.34
16.7478,0,0.00,0.00,APP_STATE,11326.70,11332.97,28.34
16.7508,0,0.00,0.00,APP_STATE,11326.70,11332.97,28.34
16.7528,0,0.00,0.00,APP_STATE,11326.70,11332.97,28.34
16.7559,0,0.00,0.00,APP_STATE,11327.11,11332.97,27.41
16.7568,0,0.00,0.00,APP_STATE,11327.36,11332.97,24.11
16.7594,0,0.00,0.00,APP_STATE,11327.36,11332.97,24.11
16.7619,0,0.00,0.00,APP_STATE,11327.36,11332.97,24.11
16.7635,0,0.00,0.00,APP_STATE,11327.36,11332.97,24.11
16.7670,0,0.00,0.00,APP_STATE,11327.36,11332.97,24.11
16.7690,0,0.00,0.00,APP_STATE,11327.36,11332.97,24.11
16.7730,0,0.00,0.00,APP_STATE,11327.68,11332.97,23.40
16.7756,0,0.00,0.00,APP_STATE,11328.02,11332.97,20.17
16.7791,0,0.00,0.00,APP_STATE,11328.02,11332.97,20.17
16.7811,0,0.00,0.00,APP_STATE,11328.02,11332.97,20.17
16.7844,0,0.00,0.00,APP_STATE,11328.02,11332.97,20.17
16.7864,0,0.00,0.00,APP_STATE,11328.02,11332.97,20.17
16.7874,0,0.00,0.00,APP_STATE,11328.31,11332.97,19.57
16.7904,0,0.00,0.00,APP_STATE,11328.02,11332.97,20.17
16.7929,0,0.00,0.00,APP_STATE,11328.02,11332.97,20.17
16.7964,0,0.00,0.00,APP_STATE,11328.02,11332.97,20.17
16.7986,0,0.00,0.00,APP_STATE,11328.02,11332.97,20.17
16.8006,0,0.00,0.00,APP_STATE,11328.02,11332.97,20.17
16.8043,0,0.00,0.00,APP_STATE,11328.29,11332.97,19.61
16.8063,0,0.00,0.00,APP_STATE,11328.02,11332.97,20.17
16.8110,0,0.00,0.00,APP_STATE,11328.02,11332.97,20.17
16.8130,0,0.00,0.00,APP_STATE,11328.02,11332.97,20.17
16.8156,0,0.00,0.00,APP_STATE,11328.02,11332.97,20.17
16.8176,0,0.00,0.00,APP_STATE,11328.02,11332.97,20.17
16.8196,0,0.00,0.00,APP_STATE,11328.31,11332.97,19.57
16.8216,0,0.00,0.00,APP_STATE,11328.02,11332.97,20.17
16.8241,0,0.00,0.00,APP_STATE,11328.02,11332.97,20.17
16.8282,0,0.00,0.00,APP_STATE,11328.02,11332.97,20.17
16.8317,0,0.00,0.00,APP_STATE,11328.02,11332.97,20.17
16.8342,0,0.00,0.00,APP_STATE,11328.31,11332.97,19.57
16.8362,0,0.00,0.00,APP_STATE,11328.02,11332.97,20.17
16.8395,0,0.00,0.00,APP_STATE,11328.02,11332.97,20.17
16.8425,0,0.00,0.00,APP_STATE,11328.02,11332.97,20.17
16.8450,0,0.00,0.00,APP_STATE,11328.02,11332.97,20.17
16.8476,0,0.00,0.00,APP_STATE,11328.02,11332.97,20.17
16.8496,0,0.00,0.00,APP_STATE,11328.29,11332.97,19.61
16.8526,0,0.00,0.00,APP_STATE,11328.02,11332.97,20.17
16.8541,0,0.00,0.00,APP_STATE,11328.02,11332.97,20.17
16.8570,0,0.00,0.00,APP_STATE,11328.02,11332.97,20.17
16.8602,0,0.00,0.00,APP_STATE,11328.02,11332.97,20.17
16.8629,0,0.00,0.00,APP_STATE,11328.02,11332.97,20.17
16.8651,0,0.00,0.00,APP_STATE,11328.31,11332.97,19.57
16.8682,0,0.00,0.00,APP_STATE,11328.02,11332.97,20.17
16.8718,0,0.00,0.00,APP_STATE,11328.02,11332.97,20.17
16.8728,0,0.00,0.00,APP_STATE,11328.02,11332.97,20.17
16.8774,0,0.00,0.00,APP_STATE,11328.02,11332.97,20.17
16.8795,0,0.00,0.00,APP_STATE,11328.02,11332.97,20.17
16.8811,0,0.00,0.00,APP_STATE,11328.31,11332.97,19.57
16.8831,0,0.00,0.00,APP_STATE,11328.02,11332.97,20.17
16.8868,0,0.00,0.00,APP_STATE,11328.02,11332.97,20.17
16.8909,0,0.00,0.00,APP_STATE,11328.02,11332.97,20.17
16.8928,0,0.00,0.00,APP_STATE,11328.02,11332.97,20.17
16.9090,0,0.00,0.00,APP_STATE,11328.29,11332.97,19.61
16.9138,0,0.00,0.00,APP_STATE,11328.31,11332.97,19.57
16.9158,0,0.00,0.00,APP_STATE,11328.02,11332.97,20.17
16.9188,0,0.00,0.00,APP_STATE,11328.02,11332.97,20.17
16.9218,0,0.00,0.00,APP_STATE,11328.02,11332.97,20.17
16.9253,0,0.00,0.00,APP_STATE,11328.02,11332.97,20.17
16.9283,0,0.00,0.00,APP_STATE,11328.29,11332.97,19.61
16.9319,0,0.00,0.00,APP_STATE,11328.02,11332.97,20.17
16.9354,0,0.00,0.00,APP_STATE,11328.02,11332.97,20.17
16.9385,0,0.00,0.00,APP_STATE,11328.02,11332.97,20.17
16.9415,0,0.00,0.00,APP_STATE,11328.02,11332.97,20.17
16.9451,0,0.00,0.00,APP_STATE,11328.31,11332.97,19.57
16.9467,0,0.00,0.00,APP_STATE,11328.02,11332.97,20.17
16.9497,0,0.00,0.00,APP_STATE,11328.02,11332.97,20.17
16.9519,0,0.00,0.00,APP_STATE,11328.02,11332.97,20.17
16.9554,0,0.00,0.00,APP_STATE,11328.02,11332.97,20.17
16.9586,0,0.00,0.00,APP_STATE,11328.02,11332.97,20.17
16.9596,0,0.00,0.00,APP_STATE,11328.31,11332.97,19.57
16.9631,0,0.00,0.00,APP_STATE,11328.02,11332.97,20.17
16.9656,0,0.00,0.00,APP_STATE,11328.02,11332.97,20.17
16.9686,0,0.00,0.00,APP_STATE,11328.02,11332.97,20.17
16.9706,0,0.00,0.00,APP_STATE,11328.02,11332.97,20.17
16.9742,0,0.00,0.00,APP_STATE,11328.02,11332.97,20.17
16.9747,0,0.00,0.00,APP_STATE,11328.29,11332.97,19.61
16.9769,0,0.00,0.00,APP_STATE,11328.02,11332.97,20.17
16.9795,0,0.00,0.00,APP_STATE,11328.02,11332.97,20.17
16.9821,0,0.00,0.00,APP_STATE,11328.02,11332.97,20.17
16.9856,0,0.00,0.00,APP_STATE,11328.02,11332.97,20.17
16.9877,0,0.00,0.00,APP_STATE,11328.02,11332.97,20.17
16.9917,0,0.00,0.00,APP_STATE,11328.31,11332.97,19.57
16.9943,0,0.00,0.00,APP_STATE,11328.02,11332.97,20.17
16.9968,0,0.00,0.00,APP_STATE,11328.02,11332.97,20.17
16.9993,0,0.00,0.00,APP_STATE,11328.02,11332.97,20.17
17.0023,0,0.00,0.00,APP_STATE,11328.02,11332.97,20.17
17.0043,0,0.00,0.00,APP_STATE,11328.02,11332.97,20.17
17.0059,0,0.00,0.00,APP_STATE,11328.31,11332.97,19.57
17.0089,0,0.00,0.00,APP_STATE,11328.02,11332.97,20.17
17.0109,0,0.00,0.00,APP_STATE,11328.02,11332.97,20.17
17.0144,0,0.00,0.00,APP_STATE,11328.02,11332.97,20.17
17.0159,0,0.00,0.00,APP_STATE,11328.02,11332.97,20.17
17.0199,0,0.00,0.00,APP_STATE,11328.02,11332.97,20.17
17.0219,0,0.00,0.00,APP_STATE,11328.29,11332.97,19.61
17.0249,0,0.00,0.00,APP_STATE,11328.02,11332.97,20.17
17.0269,0,0.00,0.00,APP_STATE,11328.02,11332.97,20.17
17.0299,0,0.00,0.00,APP_STATE,11328.02,11332.97,20.17
17.0319,0,0.00,0.00,APP_STATE,11328.02,11332.97,20.17
17.0354,0,0.00,0.00,APP_STATE,11328.02,11332.97,20.17
17.0374,0,0.00,0.00,APP_STATE,11328.31,11332.97,19.57
17.0404,0,0.00,0.00,APP_STATE,11328.02,11332.97,20.17
17.0419,0,0.00,0.00,APP_STATE,11328.02,11332.97,20.17
17.0444,0,0.00,0.00,APP_STATE,11328.02,11332.97,20.17
17.0474,0,0.00,0.00,APP_STATE,11328.02,11332.97,20.17
17.0504,0,0.00,0.00,APP_STATE,11328.02,11332.97,20.17
17.0534,0,0.00,0.00,APP_STATE,11328.29,11332.97,19.61
17.0544,0,0.00,0.00,APP_STATE,11328.02,11332.97,20.17
17.0578,0,0.00,0.00,APP_STATE,11328.02,11332.97,20.17
17.0601,0,0.00,0.00,APP_STATE,11328.02,11332.97,20.17
17.0634,0,0.00,0.00,APP_STATE,11328.02,11332.97,20.17
17.0674,0,0.00,0.00,APP_STATE,11328.02,11332.97,20.17
17.0684,0,0.00,0.00,APP_STATE,11328.31,11332.97,19.57
17.0754,0,0.00,0.00,APP_STATE,11328.02,11332.97,20.17
17.0967,0,0.00,0.00,APP_STATE,11328.31,11332.97,19.57
17.1050,0,0.00,0.00,APP_STATE,11328.29,11332.97,19.61
17.1090,0,0.00,0.00,APP_STATE,11328.02,11332.97,20.17
17.1107,0,0.00,0.00,APP_STATE,11328.02,11332.97,20.17
17.1127,0,0.00,0.00,APP_STATE,11328.02,11332.97,20.17
17.1161,0,0.00,0.00,APP_STATE,11328.31,11332.97,19.57
17.1186,0,0.00,0.00,APP_STATE,11328.02,11332.97,20.17
17.1216,0,0.00,0.00,APP_STATE,11328.02,11332.97,20.17
17.1241,0,0.00,0.00,APP_STATE,11328.02,11332.97,20.17
17.1277,0,0.00,0.00,APP_STATE,11328.02,11332.97,20.17
17.1293,0,0.00,0.00,APP_STATE,11328.02,11332.97,20.17
17.1319,0,0.00,0.00,APP_STATE,11328.31,11332.97,19.57
17.1354,0,0.00,0.00,APP_STATE,11328.02,11332.97,20.17
17.1378,0,0.00,0.00,APP_STATE,11328.02,11332.97,20.17
17.1407,0,0.00,0.00,APP_STATE,11328.02,11332.97,20.17
17.1427,0,0.00,0.00,APP_STATE,11328.02,11332.97,20.17
17.1452,0,0.00,0.00,APP_STATE,11328.02,11332.97,20.17
17.1468,0,0.00,0.00,APP_STATE,11328.29,11332.97,19.61
17.1498,0,0.00,0.00,APP_STATE,11328.02,11332.97,20.17
17.1528,0,0.00,0.00,APP_STATE,11328.02,11332.97,20.17
17.1559,0,0.00,0.00,APP_STATE,11328.02,11332.97,20.17
17.1589,0,0.00,0.00,APP_STATE,11328.02,11332.97,20.17
17.1611,0,0.00,0.00,APP_STATE,11328.02,11332.97,20.17
17.1626,0,0.00,0.00,APP_STATE,11328.31,11332.97,19.57
17.1667,0,0.00,0.00,APP_STATE,11328.02,11332.97,20.17
17.1695,0,0.00,0.00,APP_STATE,11328.02,11332.97,20.17
17.1725,0,0.00,0.00,APP_STATE,11328.02,11332.97,20.17
17.1751,0,0.00,0.00,APP_STATE,11328.02,11332.97,20.17
17.1781,0,0.00,0.00,APP_STATE,11328.29,11332.97,19.61
17.1791,0,0.00,0.00,APP_STATE,11328.02,11332.97,20.17
17.1820,0,0.00,0.00,APP_STATE,11328.02,11332.97,20.17
17.1844,0,0.00,0.00,APP_STATE,11328.02,11332.97,20.17
17.1875,0,0.00,0.00,APP_STATE,11328.02,11332.97,20.17
17.1905,0,0.00,0.00,APP_STATE,11328.02,11332.97,20.17
17.1934,0,0.00,0.00,APP_STATE,11328.02,11332.97,20.17
17.1945,0,0.00,0.00,APP_STATE,11328.31,11332.97,19.57
17.1977,0,0.00,0.00,APP_STATE,11328.02,11332.97,20.17
17.1998,0,0.00,0.00,APP_STATE,11328.02,11332.97,20.17
17.2017,0,0.00,0.00,APP_STATE,11328.02,11332.97,20.17
17.2043,0,0.00,0.00,APP_STATE,11328.02,11332.97,20.17
17.2076,0,0.00,0.00,APP_STATE,11328.02,11332.97,20.17
17.2086,0,0.00,0.00,APP_STATE,11328.02,11332.97,20.17
17.2108,0,0.00,0.00,APP_STATE,11328.31,11332.97,19.57
17.2143,0,0.00,0.00,APP_STATE,11328.02,11332.97,20.17
17.2158,0,0.00,0.00,APP_STATE,11328.02,11332.97,20.17
17.2199,0,0.00,0.00,APP_STATE,11328.02,11332.97,20.17
17.2219,0,0.00,0.00,APP_STATE,11328.02,11332.97,20.17
17.2254,0,0.00,0.00,APP_STATE,11328.29,11332.97,19.61
17.2279,0,0.00,0.00,APP_STATE,11328.02,11332.97,20.17
17.2305,0,0.00,0.00,APP_STATE,11328.02,11332.97,20.17
17.2330,0,0.00,0.00,APP_STATE,11328.02,11332.97,20.17
17.2361,0,0.00,0.00,APP_STATE,11328.02,11332.97,20.17
17.2381,0,0.00,0.00,APP_STATE,11328.02,11332.97,20.17
17.2406,0,0.00,0.00,APP_STATE,11328.31,11332.97,19.57
17.2426,0,0.00,0.00,APP_STATE,11328.02,11332.97,20.17
17.2477,0,0.00,0.00,APP_STATE,11328.02,11332.97,20.17
17.2487,0,0.00,0.00,APP_STATE,11328.02,11332.97,20.17
17.2517,0,0.00,0.00,APP_STATE,11328.02,11332.97,20.17
17.2542,0,0.00,0.00,APP_STATE,11328.02,11332.97,20.17
17.2557,0,0.00,0.00,APP_STATE,11328.31,11332.97,19.57
17.2623,0,0.00,0.00,APP_STATE,11328.02,11332.97,20.17
17.2653,0,0.00,0.00,APP_STATE,11328.02,11332.97,20.17
17.2683,0,0.00,0.00,APP_STATE,11328.02,11332.97,20.17
17.2693,0,0.00,0.00,APP_STATE,11328.02,11332.97,20.17
17.2733,0,0.00,0.00,APP_STATE,11328.29,11332.97,19.61
17.2733,0,0.00,0.00,APP_STATE,11328.02,11332.97,20.17
17.2923,0,0.00,0.00,APP_STATE,11328.31,11332.97,19.57
17.2969,0,0.00,0.00,APP_STATE,11328.02,11332.97,20.17
17.3012,0,0.00,0.00,APP_STATE,11328.02,11332.97,20.17
17.3062,0,0.00,0.00,APP_STATE,11328.29,11332.97,19.61
17.3091,0,0.00,0.00,APP_STATE,11328.02,11332.97,20.17
17.3230,264,340.27,102.08,Touchpad UP,11328.02,11332.97,20.17
17.3252,0,0.00,0.00,APP_STATE,11328.00,11116.80,0.00
17.3388,0,0.00,0.00,APP_STATE,11183.82,11116.80,4505.74
17.3433,294,14499.00,4421.16,Touchpad UP,11183.82,11116.80,4505.74
17.3443,149,143042.18,46007.46,Touchpad UP,11183.82,11116.80,4505.74
17.3499,163,29414.08,41029.45,Touchpad UP,11183.82,11116.80,4505.74
17.3569,178,25141.81,36263.16,Touchpad UP,11183.82,11116.80,4505.74
17.3589,0,0.00,0.00,APP_STATE,11038.20,10833.60,9720.52
17.3642,0,0.00,0.00,APP_STATE,11030.80,10833.60,7201.94
17.3657,0,0.00,0.00,APP_STATE,10944.61,10833.60,5378.58
17.3682,186,16462.13,30322.85,Touchpad UP,10944.61,10833.60,5378.58
17.3702,-288,143157.09,64173.12,Touchpad DOWN,10944.61,10833.60,5378.58
17.3702,0,0.00,0.00,APP_STATE,10944.67,11295.07,0.00
17.3742,0,0.00,0.00,APP_STATE,10944.66,10942.60,6.44
17.3809,0,0.00,0.00,APP_STATE,10944.57,10942.60,6.29
17.3857,0,0.00,0.00,APP_STATE,10944.66,10942.60,6.44
17.3887,0,0.00,0.00,APP_STATE,10944.66,10942.60,6.44
17.3998,0,0.00,0.00,APP_STATE,10944.57,10942.60,6.30
17.4028,0,0.00,0.00,APP_STATE,10944.66,10942.60,6.44
17.4542,0,0.00,0.00,APP_STATE,10944.38,10942.60,6.00
17.4732,0,0.00,0.00,APP_STATE,10944.57,10942.60,6.29
17.4767,2206,20724.54,29747.17,Touchpad UP,10944.57,10942.60,6.29
17.4779,0,0.00,0.00,APP_STATE,10944.57,10942.60,6.30
17.4864,0,0.00,0.00,APP_STATE,10932.32,10594.27,12346.18
17.4904,0,0.00,0.00,APP_STATE,10784.52,10594.27,9217.83
17.4929,0,0.00,0.00,APP_STATE,10777.96,10594.27,6708.65
17.4954,396,21147.75,27167.34,Touchpad UP,10777.96,10594.27,6708.65
17.4999,0,0.00,0.00,APP_STATE,10765.65,10427.60,12346.18
17.5029,0,0.00,0.00,APP_STATE,10753.43,10427.60,11899.87
17.5055,0,0.00,0.00,APP_STATE,10741.86,10427.60,11477.06
17.5255,0,0.00,0.00,APP_STATE,10531.01,10427.60,6806.23
17.5517,0,0.00,0.00,APP_STATE,10486.03,10427.60,2831.22
17.5542,1167,19861.92,17687.05,Touchpad UP,10486.03,10427.60,2831.22
17.5628,0,0.00,0.00,APP_STATE,10340.20,10135.60,9720.52
17.5669,0,0.00,0.00,APP_STATE,10332.80,10135.60,7201.94
17.5679,0,0.00,0.00,APP_STATE,10325.72,10135.60,6943.55
17.5704,0,0.00,0.00,APP_STATE,10242.86,10135.60,5196.63
17.5734,0,0.00,0.00,APP_STATE,10238.89,10135.60,3772.44
17.5760,0,0.00,0.00,APP_STATE,10235.04,10135.60,3631.50
17.6278,0,0.00,0.00,APP_STATE,10154.08,10135.60,1728.85
17.6441,0,0.00,0.00,APP_STATE,10151.62,10135.60,148.69
17.6467,1642,17753.23,7652.23,Touchpad UP,10151.62,10135.60,148.69
17.6522,0,0.00,0.00,APP_STATE,10005.53,9800.93,9720.52
17.6558,0,0.00,0.00,APP_STATE,9998.13,9800.93,7201.94
17.6575,0,0.00,0.00,APP_STATE,9991.06,9800.93,6943.55
17.6603,0,0.00,0.00,APP_STATE,9984.62,9800.93,6708.65
17.6628,0,0.00,0.00,APP_STATE,9904.43,9800.93,5014.67
17.6656,0,0.00,0.00,APP_STATE,9901.01,9800.93,3654.99
17.6676,0,0.00,0.00,APP_STATE,9897.80,9800.93,3537.55
17.6706,0,0.00,0.00,APP_STATE,9894.58,9800.93,3420.10
17.6731,0,0.00,0.00,APP_STATE,9891.36,9800.93,3302.65
17.6771,504,16572.82,10328.41,Touchpad UP,9891.36,9800.93,3302.65
17.6786,0,0.00,0.00,APP_STATE,9853.72,9800.93,2507.81
17.6811,63,15683.83,11935.03,Touchpad UP,9853.72,9800.93,2507.81
17.6876,0,0.00,0.00,APP_STATE,9841.65,9503.60,12346.18
17.7154,0,0.00,0.00,APP_STATE,9610.77,9503.60,7205.19
17.7427,0,0.00,0.00,APP_STATE,9538.82,9503.60,2317.81
17.7463,956,14667.76,9536.95,Touchpad UP,9538.82,9503.60,2317.81
17.7489,0,0.00,0.00,APP_STATE,9526.32,9188.27,12346.18
17.7530,0,0.00,0.00,APP_STATE,9514.10,9188.27,11899.87
17.7552,0,0.00,0.00,APP_STATE,9502.52,9188.27,11477.06
17.7588,0,0.00,0.00,APP_STATE,9365.37,9188.27,8580.98
17.7628,223,13490.79,10723.10,Touchpad UP,9365.37,9188.27,8580.98
17.7727,0,0.00,0.00,APP_STATE,9219.53,9014.93,9720.52
17.7752,0,0.00,0.00,APP_STATE,9212.13,9014.93,7201.94
17.7807,0,0.00,0.00,APP_STATE,9205.06,9014.93,6943.55
17.7827,0,0.00,0.00,APP_STATE,9198.62,9014.93,6708.65
17.7898,0,0.00,0.00,APP_STATE,9118.43,9014.93,5014.67
17.7944,0,0.00,0.00,APP_STATE,9115.01,9014.93,3654.99
17.7979,0,0.00,0.00,APP_STATE,9111.80,9014.93,3537.55
17.7999,0,0.00,0.00,APP_STATE,9108.58,9014.93,3420.10
17.8628,0,0.00,0.00,APP_STATE,9025.07,9014.93,1348.30
17.8902,0,0.00,0.00,APP_STATE,9023.55,9014.93,55.71
17.8927,0,0.00,0.00,APP_STATE,9023.29,9014.93,43.58
17.8953,0,0.00,0.00,APP_STATE,9023.29,9014.93,43.58
17.8988,0,0.00,0.00,APP_STATE,9022.70,9014.93,42.04
17.9121,0,0.00,0.00,APP_STATE,9022.07,9014.93,37.01
17.9147,0,0.00,0.00,APP_STATE,9021.97,9014.93,33.53
17.9202,0,0.00,0.00,APP_STATE,9021.97,9014.93,33.53
17.9222,0,0.00,0.00,APP_STATE,9021.97,9014.93,33.53
17.9254,1740,10703.79,3231.16,Touchpad UP,9021.97,9014.93,33.53
17.9290,0,0.00,0.00,APP_STATE,8876.20,8671.60,9720.52
17.9340,0,0.00,0.00,APP_STATE,8868.80,8671.60,7201.94
17.9456,0,0.00,0.00,APP_STATE,8782.61,8671.60,5378.58
17.9491,0,0.00,0.00,APP_STATE,8778.75,8671.60,3913.38
17.9521,0,0.00,0.00,APP_STATE,8774.89,8671.60,3772.44
17.9557,0,0.00,0.00,APP_STATE,8771.04,8671.60,3631.50
17.9567,0,0.00,0.00,APP_STATE,8767.82,8671.60,3514.06
17.9770,0,0.00,0.00,APP_STATE,8703.31,8671.60,2086.90
17.9919,0,0.00,0.00,APP_STATE,8697.13,8671.60,387.50
17.9929,430,6367.98,3345.76,Touchpad UP,8697.13,8671.60,387.50
17.9984,0,0.00,0.00,APP_STATE,8684.99,8346.93,12346.18
18.0045,0,0.00,0.00,APP_STATE,8672.77,8346.93,11899.87
18.0065,0,0.00,0.00,APP_STATE,8530.42,8346.93,8890.31
18.0118,91,4803.02,3782.94,Touchpad UP,8530.42,8346.93,8890.31
18.0205,0,0.00,0.00,APP_STATE,8520.40,8239.33,10265.25
18.0247,0,0.00,0.00,APP_STATE,8403.60,8239.33,7804.74
18.0268,0,0.00,0.00,APP_STATE,8397.55,8239.33,5778.73
18.0315,0,0.00,0.00,APP_STATE,8391.77,8239.33,5567.32
18.0358,0,0.00,0.00,APP_STATE,8386.62,8239.33,5379.40
18.0710,0,0.00,0.00,APP_STATE,8266.63,8239.33,2554.11
18.0860,0,0.00,0.00,APP_STATE,8261.92,8239.33,296.62
18.0882,213,2789.58,1981.90,Touchpad UP,8261.92,8239.33,296.62
18.0902,0,0.00,0.00,APP_STATE,8254.99,8063.03,7010.71
18.0932,0,0.00,0.00,APP_STATE,8247.91,8063.03,6752.32
18.0954,0,0.00,0.00,APP_STATE,8241.48,8063.03,6517.42
18.0979,0,0.00,0.00,APP_STATE,8235.05,8063.03,6282.52
18.1011,0,0.00,0.00,APP_STATE,8163.64,8063.03,4779.98
18.1032,0,0.00,0.00,APP_STATE,8159.80,8063.03,3534.23
18.1221,0,0.00,0.00,APP_STATE,8117.65,8063.03,2646.69
18.1423,0,0.00,0.00,APP_STATE,8100.62,8063.03,1044.68
18.1443,0,0.00,0.00,APP_STATE,8100.07,8063.03,594.04
18.1466,73,1249.90,1762.30,Touchpad UP,8100.07,8063.03,594.04
18.1502,0,0.00,0.00,APP_STATE,8060.31,8004.63,2645.75
18.1532,0,0.00,0.00,APP_STATE,8058.72,8004.63,1284.71
18.1565,11,1113.92,1567.78,Touchpad UP,8058.72,8004.63,1284.71
18.1585,0,0.00,0.00,APP_STATE,8056.29,7984.61,2378.09
18.1605,0,0.00,0.00,APP_STATE,8053.80,7984.61,2195.91
18.1630,0,0.00,0.00,APP_STATE,8027.40,7984.61,1662.57
18.1666,0,0.00,0.00,APP_STATE,8026.57,7984.61,761.47
18.1686,0,0.00,0.00,APP_STATE,8025.93,7984.61,738.18
18.1807,0,0.00,0.00,APP_STATE,8016.48,7984.61,634.94
18.1896,0,0.00,0.00,APP_STATE,8016.23,7984.61,436.61
18.1928,0,0.00,0.00,APP_STATE,8015.58,7984.61,419.56
18.2177,0,0.00,0.00,APP_STATE,8004.75,7984.61,330.80
18.2273,0,0.00,0.00,APP_STATE,8002.07,7984.61,173.17
18.2308,0,0.00,0.00,APP_STATE,8001.86,7984.61,143.70
18.2328,39,511.01,459.28,Touchpad UP,8001.86,7984.61,143.70
18.2353,0,0.00,0.00,APP_STATE,8001.02,7953.41,984.49
18.2499,0,0.00,0.00,APP_STATE,7988.11,7953.41,826.56
18.2570,0,0.00,0.00,APP_STATE,7980.75,7953.41,453.12
18.2620,0,0.00,0.00,APP_STATE,7980.34,7953.41,322.07
18.2640,0,0.00,0.00,APP_STATE,7980.34,7953.41,322.07
18.2672,0,0.00,0.00,APP_STATE,7980.34,7953.41,322.07
18.2692,0,0.00,0.00,APP_STATE,7980.34,7953.41,322.07
18.2722,0,0.00,0.00,APP_STATE,7976.22,7953.41,296.75
18.2773,0,0.00,0.00,APP_STATE,7975.77,7953.41,228.40
18.2808,0,0.00,0.00,APP_STATE,7975.77,7953.41,228.40
18.2853,0,0.00,0.00,APP_STATE,7975.77,7953.41,228.40
18.2890,0,0.00,0.00,APP_STATE,7972.61,7953.41,211.88
18.2911,0,0.00,0.00,APP_STATE,7972.49,7953.41,171.77
18.2940,0,0.00,0.00,APP_STATE,7972.49,7953.41,171.77
18.2970,0,0.00,0.00,APP_STATE,7972.49,7953.41,171.77
18.3010,0,0.00,0.00,APP_STATE,7972.49,7953.41,171.77
18.3040,0,0.00,0.00,APP_STATE,7970.24,7953.41,161.45
18.3115,0,0.00,0.00,APP_STATE,7969.87,7953.41,132.45
18.3150,0,0.00,0.00,APP_STATE,7969.87,7953.41,132.45
18.3170,9,106.86,112.32,Touchpad UP,7969.87,7953.41,132.45
18.3170,0,0.00,0.00,APP_STATE,7969.87,7953.41,132.45
18.3252,0,0.00,0.00,APP_STATE,7966.29,7946.21,231.97
18.3374,0,0.00,0.00,APP_STATE,7963.30,7946.21,168.47
18.3466,0,0.00,0.00,APP_STATE,7963.19,7946.21,139.90
18.3501,0,0.00,0.00,APP_STATE,7961.35,7946.21,132.17
18.3521,0,0.00,0.00,APP_STATE,7961.22,7946.21,113.04
18.3601,0,0.00,0.00,APP_STATE,7961.22,7946.21,113.04
18.3757,0,0.00,0.00,APP_STATE,7959.62,7946.21,106.92
18.3841,0,0.00,0.00,APP_STATE,7957.98,7946.21,84.67
18.4066,0,0.00,0.00,APP_STATE,7956.93,7946.21,71.44
18.4196,0,0.00,0.00,APP_STATE,7955.72,7946.21,58.86
18.4297,0,0.00,0.00,APP_STATE,7955.20,7946.21,53.24
18.4342,0,0.00,0.00,APP_STATE,7955.28,7946.21,49.57
18.4356,0,0.00,0.00,APP_STATE,7955.28,7946.21,49.57
18.4470,0,0.00,0.00,APP_STATE,7954.57,7946.21,47.60
18.4540,0,0.00,0.00,APP_STATE,7954.62,7946.21,44.06
18.4659,0,0.00,0.00,APP_STATE,7953.99,7946.21,42.38
18.4709,0,0.00,0.00,APP_STATE,7953.96,7946.21,38.86
18.4775,0,0.00,0.00,APP_STATE,7953.44,7946.21,37.53
18.4905,0,0.00,0.00,APP_STATE,7952.81,7946.21,32.77
18.4925,0,0.00,0.00,APP_STATE,7952.64,7946.21,29.35
18.5025,0,0.00,0.00,APP_STATE,7952.64,7946.21,29.35
18.5074,0,0.00,0.00,APP_STATE,7952.21,7946.21,28.37
18.5119,0,0.00,0.00,APP_STATE,7951.97,7946.21,25.05
18.5225,0,0.00,0.00,APP_STATE,7951.64,7946.21,24.31
18.5260,0,0.00,0.00,APP_STATE,7951.31,7946.21,21.05
18.5290,0,0.00,0.00,APP_STATE,7951.31,7946.21,21.05
18.5434,0,0.00,0.00,APP_STATE,7951.01,7946.21,20.41
18.5479,0,0.00,0.00,APP_STATE,7951.31,7946.21,21.05
18.5509,0,0.00,0.00,APP_STATE,7951.31,7946.21,21.05
18.5529,0,0.00,0.00,APP_STATE,7951.03,7946.21,20.45
18.5560,0,0.00,0.00,APP_STATE,7951.31,7946.21,21.05
18.5581,0,0.00,0.00,APP_STATE,7951.31,7946.21,21.05
18.5621,0,0.00,0.00,APP_STATE,7951.31,7946.21,21.05
18.5648,0,0.00,0.00,APP_STATE,7951.31,7946.21,21.05
18.5686,0,0.00,0.00,APP_STATE,7951.01,7946.21,20.41
18.5723,0,0.00,0.00,APP_STATE,7951.31,7946.21,21.05
18.5753,0,0.00,0.00,APP_STATE,7951.31,7946.21,21.05
18.5794,0,0.00,0.00,APP_STATE,7951.31,7946.21,21.05
18.5819,0,0.00,0.00,APP_STATE,7951.31,7946.21,21.05
18.5844,0,0.00,0.00,APP_STATE,7951.01,7946.21,20.41
18.5884,0,0.00,0.00,APP_STATE,7951.31,7946.21,21.05
18.5904,0,0.00,0.00,APP_STATE,7951.31,7946.21,21.05
18.5944,0,0.00,0.00,APP_STATE,7951.31,7946.21,21.05
18.5980,0,0.00,0.00,APP_STATE,7951.31,7946.21,21.05
18.6012,0,0.00,0.00,APP_STATE,7951.03,7946.21,20.45
18.6048,0,0.00,0.00,APP_STATE,7951.31,7946.21,21.05
18.6078,0,0.00,0.00,APP_STATE,7951.31,7946.21,21.05
18.6113,0,0.00,0.00,APP_STATE,7951.31,7946.21,21.05
18.6133,0,0.00,0.00,APP_STATE,7951.31,7946.21,21.05
18.6166,0,0.00,0.00,APP_STATE,7951.01,7946.21,20.41
18.6201,0,0.00,0.00,APP_STATE,7951.31,7946.21,21.05
18.6231,0,0.00,0.00,APP_STATE,7951.31,7946.21,21.05
18.6267,0,0.00,0.00,APP_STATE,7951.31,7946.21,21.05
18.6292,0,0.00,0.00,APP_STATE,7951.31,7946.21,21.05
18.6319,0,0.00,0.00,APP_STATE,7951.01,7946.21,20.41
18.6354,0,0.00,0.00,APP_STATE,7951.31,7946.21,21.05
18.6384,0,0.00,0.00,APP_STATE,7951.31,7946.21,21.05
18.6424,0,0.00,0.00,APP_STATE,7951.31,7946.21,21.05
18.6449,0,0.00,0.00,APP_STATE,7951.31,7946.21,21.05
18.6480,0,0.00,0.00,APP_STATE,7951.03,7946.21,20.45
18.6513,0,0.00,0.00,APP_STATE,7951.31,7946.21,21.05
18.6543,0,0.00,0.00,APP_STATE,7951.31,7946.21,21.05
18.6579,0,0.00,0.00,APP_STATE,7951.31,7946.21,21.05
18.6614,0,0.00,0.00,APP_STATE,7951.31,7946.21,21.05
18.6634,0,0.00,0.00,APP_STATE,7951.01,7946.21,20.41
18.6676,0,0.00,0.00,APP_STATE,7951.31,7946.21,21.05
18.6706,0,0.00,0.00,APP_STATE,7951.31,7946.21,21.05
18.6726,0,0.00,0.00,APP_STATE,7951.31,7946.21,21.05
18.6756,0,0.00,0.00,APP_STATE,7951.31,7946.21,21.05
18.6776,0,0.00,0.00,APP_STATE,7951.03,7946.21,20.45
18.6811,0,0.00,0.00,APP_STATE,7951.31,7946.21,21.05
18.6844,0,0.00,0.00,APP_STATE,7951.31,7946.21,21.05
18.6883,0,0.00,0.00,APP_STATE,7951.31,7946.21,21.05
18.6919,0,0.00,0.00,APP_STATE,7951.31,7946.21,21.05
18.6954,0,0.00,0.00,APP_STATE,7951.01,7946.21,20.41
18.6989,0,0.00,0.00,APP_STATE,7951.31,7946.21,21.05
18.7177,0,0.00,0.00,APP_STATE,7951.01,7946.21,20.41
18.7221,0,0.00,0.00,APP_STATE,7951.31,7946.21,21.05
18.7254,0,0.00,0.00,APP_STATE,7951.03,7946.21,20.45
18.7284,0,0.00,0.00,APP_STATE,7951.31,7946.21,21.05
18.7309,0,0.00,0.00,APP_STATE,7951.31,7946.21,21.05
18.7344,0,0.00,0.00,APP_STATE,7951.31,7946.21,21.05
18.7375,0,0.00,0.00,APP_STATE,7951.31,7946.21,21.05
18.7410,0,0.00,0.00,APP_STATE,7951.01,7946.21,20.41
18.7445,0,0.00,0.00,APP_STATE,7951.31,7946.21,21.05
18.7477,0,0.00,0.00,APP_STATE,7951.31,7946.21,21.05
18.7507,0,0.00,0.00,APP_STATE,7951.31,7946.21,21.05
18.7541,0,0.00,0.00,APP_STATE,7951.31,7946.21,21.05
18.7561,0,0.00,0.00,APP_STATE,7951.01,7946.21,20.41
18.7587,0,0.00,0.00,APP_STATE,7951.31,7946.21,21.05
18.7617,0,0.00,0.00,APP_STATE,7951.31,7946.21,21.05
18.7649,0,0.00,0.00,APP_STATE,7951.31,7946.21,21.05
18.7679,0,0.00,0.00,APP_STATE,7951.31,7946.21,21.05
18.7704,0,0.00,0.00,APP_STATE,7951.31,7946.21,21.05
18.7725,0,0.00,0.00,APP_STATE,7951.03,7946.21,20.45
18.7760,0,0.00,0.00,APP_STATE,7951.31,7946.21,21.05
18.7790,0,0.00,0.00,APP_STATE,7951.31,7946.21,21.05
18.7825,0,0.00,0.00,APP_STATE,7951.31,7946.21,21.05
18.7855,0,0.00,0.00,APP_STATE,7951.31,7946.21,21.05
18.7885,0,0.00,0.00,APP_STATE,7951.01,7946.21,20.41
18.7905,0,0.00,0.00,APP_STATE,7951.31,7946.21,21.05
18.7942,0,0.00,0.00,APP_STATE,7951.31,7946.21,21.05
18.7967,0,0.00,0.00,APP_STATE,7951.31,7946.21,21.05
18.8008,0,0.00,0.00,APP_STATE,7951.31,7946.21,21.05
18.8042,0,0.00,0.00,APP_STATE,7951.03,7946.21,20.45
18.8067,0,0.00,0.00,APP_STATE,7951.31,7946.21,21.05
18.8108,0,0.00,0.00,APP_STATE,7951.31,7946.21,21.05
18.8128,0,0.00,0.00,APP_STATE,7951.31,7946.21,21.05
18.8163,0,0.00,0.00,APP_STATE,7951.31,7946.21,21.05
18.8187,0,0.00,0.00,APP_STATE,7951.01,7946.21,20.41
18.8227,0,0.00,0.00,APP_STATE,7951.31,7946.21,21.05
18.8257,0,0.00,0.00,APP_STATE,7951.31,7946.21,21.05
18.8297,0,0.00,0.00,APP_STATE,7951.31,7946.21,21.05
18.8322,0,0.00,0.00,APP_STATE,7951.31,7946.21,21.05
18.8344,0,0.00,0.00,APP_STATE,7951.01,7946.21,20.41
18.8374,0,0.00,0.00,APP_STATE,7951.31,7946.21,21.05
18.8408,0,0.00,0.00,APP_STATE,7951.31,7946.21,21.05
18.8443,0,0.00,0.00,APP_STATE,7951.31,7946.21,21.05
18.8453,0,0.00,0.00,APP_STATE,7951.31,7946.21,21.05
18.8514,0,0.00,0.00,APP_STATE,7951.03,7946.21,20.45
18.8524,0,0.00,0.00,APP_STATE,7951.31,7946.21,21.05
18.8725,0,0.00,0.00,APP_STATE,7951.01,7946.21,20.41
18.8790,0,0.00,0.00,APP_STATE,7951.31,7946.21,21.05
18.8812,0,0.00,0.00,APP_STATE,7951.01,7946.21,20.41
18.8847,0,0.00,0.00,APP_STATE,7951.31,7946.21,21.05
18.8877,0,0.00,0.00,APP_STATE,7951.31,7946.21,21.05
18.8917,0,0.00,0.00,APP_STATE,7951.31,7946.21,21.05
18.8953,0,0.00,0.00,APP_STATE,7951.31,7946.21,21.05
18.8965,0,0.00,0.00,APP_STATE,7951.03,7946.21,20.45
18.9000,0,0.00,0.00,APP_STATE,7951.31,7946.21,21.05
18.9072,0,0.00,0.00,APP_STATE,7951.31,7946.21,21.05
18.9114,0,0.00,0.00,APP_STATE,7951.31,7946.21,21.05
18.9134,0,0.00,0.00,APP_STATE,7951.01,7946.21,20.41
18.9158,0,0.00,0.00,APP_STATE,7951.31,7946.21,21.05
18.9201,0,0.00,0.00,APP_STATE,7951.31,7946.21,21.05
18.9231,0,0.00,0.00,APP_STATE,7951.31,7946.21,21.05
18.9264,0,0.00,0.00,APP_STATE,7951.31,7946.21,21.05
18.9285,0,0.00,0.00,APP_STATE,7951.03,7946.21,20.45
18.9317,0,0.00,0.00,APP_STATE,7951.31,7946.21,21.05
18.9352,0,0.00,0.00,APP_STATE,7951.31,7946.21,21.05
18.9382,0,0.00,0.00,APP_STATE,7951.31,7946.21,21.05
18.9412,0,0.00,0.00,APP_STATE,7951.31,7946.21,21.05
18.9442,0,0.00,0.00,APP_STATE,7951.01,7946.21,20.41
18.9467,0,0.00,0.00,APP_STATE,7951.31,7946.21,21.05
18.9510,0,0.00,0.00,APP_STATE,7951.31,7946.21,21.05
18.9540,0,0.00,0.00,APP_STATE,7951.31,7946.21,21.05
18.9568,0,0.00,0.00,APP_STATE,7951.31,7946.21,21.05
18.9593,0,0.00,0.00,APP_STATE,7951.01,7946.21,20.41
18.9624,0,0.00,0.00,APP_STATE,7951.31,7946.21,21.05
18.9660,0,0.00,0.00,APP_STATE,7951.31,7946.21,21.05
18.9705,0,0.00,0.00,APP_STATE,7951.31,7946.21,21.05
18.9726,0,0.00,0.00,APP_STATE,7951.31,7946.21,21.05
18.9766,0,0.00,0.00,APP_STATE,7951.03,7946.21,20.45
18.9792,0,0.00,0.00,APP_STATE,7951.31,7946.21,21.05
18.9842,0,0.00,0.00,APP_STATE,7951.31,7946.21,21.05
18.9879,0,0.00,0.00,APP_STATE,7951.31,7946.21,21.05
18.9900,0,0.00,0.00,APP_STATE,7951.01,7946.21,20.41
18.9929,0,0.00,0.00,APP_STATE,7951.31,7946.21,21.05
18.9980,0,0.00,0.00,APP_STATE,7951.31,7946.21,21.05
19.0010,0,0.00,0.00,APP_STATE,7951.31,7946.21,21.05
19.0056,0,0.00,0.00,APP_STATE,7951.31,7946.21,21.05
19.0066,0,0.00,0.00,APP_STATE,7951.01,7946.21,20.41
19.0092,0,0.00,0.00,APP_STATE,7951.31,7946.21,21.05
19.0125,0,0.00,0.00,APP_STATE,7951.31,7946.21,21.05
19.0165,0,0.00,0.00,APP_STATE,7951.31,7946.21,21.05
19.0195,0,0.00,0.00,APP_STATE,7951.31,7946.21,21.05
19.0225,0,0.00,0.00,APP_STATE,7951.03,7946.21,20.45
19.0255,0,0.00,0.00,APP_STATE,7951.31,7946.21,21.05
19.0293,0,0.00,0.00,APP_STATE,7951.31,7946.21,21.05
19.0324,0,0.00,0.00,APP_STATE,7951.31,7946.21,21.05
19.0351,0,0.00,0.00,APP_STATE,7951.31,7946.21,21.05
19.0377,0,0.00,0.00,APP_STATE,7951.01,7946.21,20.41
19.0397,0,0.00,0.00,APP_STATE,7951.31,7946.21,21.05
19.0427,0,0.00,0.00,APP_STATE,7951.31,7946.21,21.05
19.0468,0,0.00,0.00,APP_STATE,7951.31,7946.21,21.05
19.0509,0,0.00,0.00,APP_STATE,7951.31,7946.21,21.05
19.0536,0,0.00,0.00,APP_STATE,7951.03,7946.21,20.45
19.0566,0,0.00,0.00,APP_STATE,7951.31,7946.21,21.05
19.0603,0,0.00,0.00,APP_STATE,7951.31,7946.21,21.05
19.0622,0,0.00,0.00,APP_STATE,7951.31,7946.21,21.05
19.0663,0,0.00,0.00,APP_STATE,7951.31,7946.21,21.05
19.0689,0,0.00,0.00,APP_STATE,7951.01,7946.21,20.41
19.0709,0,0.00,0.00,APP_STATE,7951.31,7946.21,21.05
19.0744,0,0.00,0.00,APP_STATE,7951.31,7946.21,21.05
19.0774,0,0.00,0.00,APP_STATE,7951.31,7946.21,21.05
19.0847,0,0.00,0.00,APP_STATE,7951.01,7946.21,20.41
19.0888,0,0.00,0.00,APP_STATE,7951.31,7946.21,21.05
19.0917,0,0.00,0.00,APP_STATE,7951.31,7946.21,21.05
19.0953,0,0.00,0.00,APP_STATE,7951.31,7946.21,21.05
19.0978,0,0.00,0.00,APP_STATE,7951.31,7946.21,21.05
19.0995,0,0.00,0.00,APP_STATE,7951.03,7946.21,20.45
19.1025,0,0.00,0.00,APP_STATE,7951.31,7946.21,21.05
19.1067,0,0.00,0.00,APP_STATE,7951.31,7946.21,21.05
19.1099,0,0.00,0.00,APP_STATE,7951.31,7946.21,21.05
19.1135,0,0.00,0.00,APP_STATE,7951.31,7946.21,21.05
19.1156,0,0.00,0.00,APP_STATE,7951.01,7946.21,20.41
19.1196,0,0.00,0.00,APP_STATE,7951.31,7946.21,21.05
19.1226,0,0.00,0.00,APP_STATE,7951.31,7946.21,21.05
19.1261,0,0.00,0.00,APP_STATE,7951.31,7946.21,21.05
19.1291,0,0.00,0.00,APP_STATE,7951.31,7946.21,21.05
19.1306,0,0.00,0.00,APP_STATE,7951.01,7946.21,20.41
19.1342,0,0.00,0.00,APP_STATE,7951.31,7946.21,21.05
19.1362,0,0.00,0.00,APP_STATE,7951.31,7946.21,21.05
19.1402,0,0.00,0.00,APP_STATE,7951.31,7946.21,21.05
19.1432,0,0.00,0.00,APP_STATE,7951.31,7946.21,21.05
19.1475,0,0.00,0.00,APP_STATE,7951.03,7946.21,20.45
19.1505,0,0.00,0.00,APP_STATE,7951.31,7946.21,21.05
19.1541,0,0.00,0.00,APP_STATE,7951.31,7946.21,21.05
19.1576,0,0.00,0.00,APP_STATE,7951.31,7946.21,21.05
19.1604,0,0.00,0.00,APP_STATE,7951.31,7946.21,21.05
19.1624,0,0.00,0.00,APP_STATE,7951.01,7946.21,20.41
19.1669,0,0.00,0.00,APP_STATE,7951.31,7946.21,21.05
19.1703,0,0.00,0.00,APP_STATE,7951.31,7946.21,21.05
19.1733,0,0.00,0.00,APP_STATE,7951.31,7946.21,21.05
19.1765,0,0.00,0.00,APP_STATE,7951.31,7946.21,21.05
19.1785,0,0.00,0.00,APP_STATE,7951.03,7946.21,20.45
19.1810,0,0.00,0.00,APP_STATE,7951.31,7946.21,21.05
19.1845,0,0.00,0.00,APP_STATE,7951.31,7946.21,21.05
19.1875,0,0.00,0.00,APP_STATE,7951.31,7946.21,21.05
19.1905,0,0.00,0.00,APP_STATE,7951.31,7946.21,21.05
19.1930,0,0.00,0.00,APP_STATE,7951.31,7946.21,21.05
19.1950,0,0.00,0.00,APP_STATE,7951.01,7946.21,20.41
19.1985,0,0.00,0.00,APP_STATE,7951.31,7946.21,21.05
19.2015,0,0.00,0.00,APP_STATE,7951.31,7946.21,21.05
19.2056,0,0.00,0.00,APP_STATE,7951.31,7946.21,21.05
19.2096,0,0.00,0.00,APP_STATE,7951.31,7946.21,21.05
19.2106,0,0.00,0.00,APP_STATE,7951.01,7946.21,20.41
19.2145,0,0.00,0.00,APP_STATE,7951.31,7946.21,21.05
19.2175,0,0.00,0.00,APP_STATE,7951.31,7946.21,21.05
19.2215,0,0.00,0.00,APP_STATE,7951.31,7946.21,21.05
19.2225,0,0.00,0.00,APP_STATE,7951.31,7946.21,21.05
19.2261,0,0.00,0.00,APP_STATE,7951.03,7946.21,20.45
19.2306,0,0.00,0.00,APP_STATE,7951.31,7946.21,21.05
19.2326,0,0.00,0.00,APP_STATE,7951.31,7946.21,21.05
19.2372,0,0.00,0.00,APP_STATE,7951.31,7946.21,21.05
19.2407,0,0.00,0.00,APP_STATE,7951.01,7946.21,20.41
19.2442,0,0.00,0.00,APP_STATE,7951.31,7946.21,21.05
19.2468,0,0.00,0.00,APP_STATE,7951.31,7946.21,21.05
19.2508,0,0.00,0.00,APP_STATE,7951.31,7946.21,21.05
19.2559,0,0.00,0.00,APP_STATE,7951.01,7946.21,20.41
19.2590,0,0.00,0.00,APP_STATE,7951.31,7946.21,21.05
19.2642,0,0.00,0.00,APP_STATE,7951.31,7946.21,21.05
19.2677,0,0.00,0.00,APP_STATE,7951.31,7946.21,21.05
19.2721,0,0.00,0.00,APP_STATE,7951.03,7946.21,20.45
19.2747,0,0.00,0.00,APP_STATE,7951.31,7946.21,21.05
19.2787,0,0.00,0.00,APP_STATE,7951.31,7946.21,21.05
19.2811,0,0.00,0.00,APP_STATE,7951.31,7946.21,21.05
19.2841,0,0.00,0.00,APP_STATE,7951.31,7946.21,21.05
19.2867,0,0.00,0.00,APP_STATE,7951.31,7946.21,21.05
19.2877,0,0.00,0.00,APP_STATE,7951.01,7946.21,20.41
19.2917,0,0.00,0.00,APP_STATE,7951.31,7946.21,21.05
19.2952,0,0.00,0.00,APP_STATE,7951.31,7946.21,21.05
19.2988,0,0.00,0.00,APP_STATE,7951.31,7946.21,21.05
19.3030,0,0.00,0.00,APP_STATE,7951.03,7946.21,20.45
19.3040,0,0.00,0.00,APP_STATE,7951.31,7946.21,21.05
19.3081,0,0.00,0.00,APP_STATE,7951.31,7946.21,21.05
19.3109,0,0.00,0.00,APP_STATE,7951.31,7946.21,21.05
19.3159,0,0.00,0.00,APP_STATE,7951.31,7946.21,21.05
19.3179,0,0.00,0.00,APP_STATE,7951.31,7946.21,21.05
19.3195,0,0.00,0.00,APP_STATE,7951.01,7946.21,20.41
19.3225,0,0.00,0.00,APP_STATE,7951.31,7946.21,21.05
19.3312,0,0.00,0.00,APP_STATE,7951.31,7946.21,21.05
19.3469,0,0.00,0.00,APP_STATE,7951.01,7946.21,20.41
19.3684,0,0.00,0.00,APP_STATE,7950.72,7946.21,19.80
19.3896,0,0.00,0.00,APP_STATE,7950.40,7946.21,16.84
19.4022,0,0.00,0.00,APP_STATE,7950.41,7946.21,16.87
19.4295,0,0.00,0.00,APP_STATE,7950.16,7946.21,16.36
19.4487,0,0.00,0.00,APP_STATE,7949.78,7946.21,13.54
19.4542,0,0.00,0.00,APP_STATE,7949.99,7946.21,13.92
19.4582,0,0.00,0.00,APP_STATE,7949.99,7946.21,13.92
19.4723,0,0.00,0.00,APP_STATE,7949.78,7946.21,13.54
19.4798,0,0.00,0.00,APP_STATE,7949.80,7946.21,13.57
19.4863,0,0.00,0.00,APP_STATE,7949.99,7946.21,13.92
19.4899,0,0.00,0.00,APP_STATE,7949.99,7946.21,13.92
19.4919,0,0.00,0.00,APP_STATE,7949.78,7946.21,13.54
19.4964,0,0.00,0.00,APP_STATE,7949.99,7946.21,13.92
19.4989,0,0.00,0.00,APP_STATE,7949.99,7946.21,13.92
19.5019,0,0.00,0.00,APP_STATE,7949.99,7946.21,13.92
19.5054,0,0.00,0.00,APP_STATE,7949.99,7946.21,13.92
19.5111,0,0.00,0.00,APP_STATE,7949.78,7946.21,13.54
19.5141,0,0.00,0.00,APP_STATE,7949.99,7946.21,13.92
19.5216,0,0.00,0.00,APP_STATE,7949.80,7946.21,13.57
19.5301,0,0.00,0.00,APP_STATE,7949.99,7946.21,13.92
19.5342,0,0.00,0.00,APP_STATE,7949.99,7946.21,13.92
19.5368,0,0.00,0.00,APP_STATE,7949.99,7946.21,13.92
19.5393,0,0.00,0.00,APP_STATE,7949.78,7946.21,13.54
19.5424,0,0.00,0.00,APP_STATE,7949.99,7946.21,13.92
19.5482,0,0.00,0.00,APP_STATE,7949.99,7946.21,13.92
19.5502,0,0.00,0.00,APP_STATE,7949.99,7946.21,13.92
19.5522,0,0.00,0.00,APP_STATE,7949.99,7946.21,13.92
19.5542,0,0.00,0.00,APP_STATE,7949.80,7946.21,13.57
19.5578,0,0.00,0.00,APP_STATE,7949.99,7946.21,13.92
19.5594,0,0.00,0.00,APP_STATE,7949.99,7946.21,13.92
19.5614,0,0.00,0.00,APP_STATE,7949.99,7946.21,13.92
19.5644,0,0.00,0.00,APP_STATE,7949.99,7946.21,13.92
19.5659,0,0.00,0.00,APP_STATE,7949.99,7946.21,13.92
19.5689,0,0.00,0.00,APP_STATE,7949.78,7946.21,13.54
19.5709,0,0.00,0.00,APP_STATE,7949.99,7946.21,13.92
19.5737,0,0.00,0.00,APP_STATE,7949.99,7946.21,13.92
19.5759,0,0.00,0.00,APP_STATE,7949.99,7946.21,13.92
19.5779,0,0.00,0.00,APP_STATE,7949.99,7946.21,13.92
19.5809,0,0.00,0.00,APP_STATE,7949.99,7946.21,13.92
19.5847,0,0.00,0.00,APP_STATE,7949.78,7946.21,13.54
19.5877,0,0.00,0.00,APP_STATE,7949.99,7946.21,13.92
19.5904,0,0.00,0.00,APP_STATE,7949.99,7946.21,13.92
19.5924,0,0.00,0.00,APP_STATE,7949.99,7946.21,13.92
19.5944,0,0.00,0.00,APP_STATE,7949.99,7946.21,13.92
19.5965,0,0.00,0.00,APP_STATE,7949.99,7946.21,13.92
19.5990,0,0.00,0.00,APP_STATE,7949.99,7946.21,13.92
19.6010,0,0.00,0.00,APP_STATE,7949.80,7946.21,13.57
19.6028,0,0.00,0.00,APP_STATE,7949.99,7946.21,13.92
19.6059,0,0.00,0.00,APP_STATE,7949.99,7946.21,13.92
19.6079,0,0.00,0.00,APP_STATE,7949.99,7946.21,13.92
19.6109,0,0.00,0.00,APP_STATE,7949.99,7946.21,13.92
19.6130,0,0.00,0.00,APP_STATE,7949.99,7946.21,13.92
19.6155,0,0.00,0.00,APP_STATE,7949.78,7946.21,13.54
19.6165,0,0.00,0.00,APP_STATE,7949.99,7946.21,13.92
19.6201,0,0.00,0.00,APP_STATE,7949.99,7946.21,13.92
19.6235,0,0.00,0.00,APP_STATE,7949.99,7946.21,13.92
19.6250,0,0.00,0.00,APP_STATE,7949.99,7946.21,13.92
19.6280,0,0.00,0.00,APP_STATE,7949.99,7946.21,13.92
19.6290,0,0.00,0.00,APP_STATE,7949.99,7946.21,13.92
19.6325,0,0.00,0.00,APP_STATE,7949.78,7946.21,13.54
19.6347,0,0.00,0.00,APP_STATE,7949.99,7946.21,13.92
19.6367,0,0.00,0.00,APP_STATE,7949.99,7946.21,13.92
19.6387,0,0.00,0.00,APP_STATE,7949.99,7946.21,13.92
19.6408,0,0.00,0.00,APP_STATE,7949.99,7946.21,13.92
19.6428,0,0.00,0.00,APP_STATE,7949.99,7946.21,13.92
19.6443,0,0.00,0.00,APP_STATE,7949.99,7946.21,13.92
19.6468,0,0.00,0.00,APP_STATE,7949.80,7946.21,13.57
19.6488,0,0.00,0.00,APP_STATE,7949.99,7946.21,13.92
19.6508,0,0.00,0.00,APP_STATE,7949.99,7946.21,13.92
19.6522,0,0.00,0.00,APP_STATE,7949.99,7946.21,13.92
19.6556,0,0.00,0.00,APP_STATE,7949.99,7946.21,13.92
19.6583,0,0.00,0.00,APP_STATE,7949.99,7946.21,13.92
19.6603,0,0.00,0.00,APP_STATE,7949.99,7946.21,13.92
19.6623,0,0.00,0.00,APP_STATE,7949.78,7946.21,13.54
19.6651,0,0.00,0.00,APP_STATE,7949.99,7946.21,13.92
19.6671,0,0.00,0.00,APP_STATE,7949.99,7946.21,13.92
19.6681,0,0.00,0.00,APP_STATE,7949.99,7946.21,13.92
19.6711,0,0.00,0.00,APP_STATE,7949.99,7946.21,13.92
19.6731,0,0.00,0.00,APP_STATE,7949.99,7946.21,13.92
19.6741,0,0.00,0.00,APP_STATE,7949.99,7946.21,13.92
19.6772,0,0.00,0.00,APP_STATE,7949.99,7946.21,13.92
19.6800,0,0.00,0.00,APP_STATE,7949.80,7946.21,13.57
19.6810,0,0.00,0.00,APP_STATE,7949.99,7946.21,13.92
19.6840,0,0.00,0.00,APP_STATE,7949.99,7946.21,13.92
19.6864,0,0.00,0.00,APP_STATE,7949.99,7946.21,13.92
19.6884,0,0.00,0.00,APP_STATE,7949.99,7946.21,13.92
19.6914,0,0.00,0.00,APP_STATE,7949.99,7946.21,13.92
19.6924,0,0.00,0.00,APP_STATE,7949.99,7946.21,13.92
19.6955,0,0.00,0.00,APP_STATE,7949.78,7946.21,13.54
19.6971,0,0.00,0.00,APP_STATE,7949.99,7946.21,13.92
19.7001,0,0.00,0.00,APP_STATE,7949.99,7946.21,13.92
19.7011,0,0.00,0.00,APP_STATE,7949.99,7946.21,13.92
19.7031,0,0.00,0.00,APP_STATE,7949.99,7946.21,13.92
19.7063,0,0.00,0.00,APP_STATE,7949.99,7946.21,13.92
19.7073,0,0.00,0.00,APP_STATE,7949.99,7946.21,13.92
19.7098,0,0.00,0.00,APP_STATE,7949.78,7946.21,13.54
19.7125,0,0.00,0.00,APP_STATE,7949.99,7946.21,13.92
19.7145,0,0.00,0.00,APP_STATE,7949.99,7946.21,13.92
19.7166,0,0.00,0.00,APP_STATE,7949.99,7946.21,13.92
19.7196,0,0.00,0.00,APP_STATE,7949.99,7946.21,13.92
19.7206,0,0.00,0.00,APP_STATE,7949.99,7946.21,13.92
19.7226,0,0.00,0.00,APP_STATE,7949.99,7946.21,13.92
19.7257,0,0.00,0.00,APP_STATE,7949.80,7946.21,13.57
19.7278,0,0.00,0.00,APP_STATE,7949.99,7946.21,13.92
19.7298,0,0.00,0.00,APP_STATE,7949.99,7946.21,13.92
19.7323,0,0.00,0.00,APP_STATE,7949.99,7946.21,13.92
19.7364,0,0.00,0.00,APP_STATE,7949.99,7946.21,13.92
19.7384,0,0.00,0.00,APP_STATE,7949.99,7946.21,13.92
19.7421,0,0.00,0.00,APP_STATE,7949.78,7946.21,13.54
19.7441,0,0.00,0.00,APP_STATE,7949.99,7946.21,13.92
19.7457,0,0.00,0.00,APP_STATE,7949.99,7946.21,13.92
19.7489,0,0.00,0.00,APP_STATE,7949.99,7946.21,13.92
19.7519,0,0.00,0.00,APP_STATE,7949.99,7946.21,13.92
19.7544,0,0.00,0.00,APP_STATE,7949.99,7946.21,13.92
19.7564,0,0.00,0.00,APP_STATE,7949.78,7946.21,13.54
19.7590,0,0.00,0.00,APP_STATE,7949.99,7946.21,13.92
19.7610,0,0.00,0.00,APP_STATE,7949.99,7946.21,13.92
19.7630,0,0.00,0.00,APP_STATE,7949.99,7946.21,13.92
19.7656,0,0.00,0.00,APP_STATE,7949.99,7946.21,13.92
19.7676,0,0.00,0.00,APP_STATE,7949.99,7946.21,13.92
19.7696,0,0.00,0.00,APP_STATE,7949.99,7946.21,13.92
19.7720,0,0.00,0.00,APP_STATE,7949.80,7946.21,13.57
19.7745,0,0.00,0.00,APP_STATE,7949.99,7946.21,13.92
19.7765,0,0.00,0.00,APP_STATE,7949.99,7946.21,13.92
19.7785,0,0.00,0.00,APP_STATE,7949.99,7946.21,13.92
19.7811,0,0.00,0.00,APP_STATE,7949.99,7946.21,13.92
19.7831,0,0.00,0.00,APP_STATE,7949.99,7946.21,13.92
19.7856,0,0.00,0.00,APP_STATE,7949.99,7946.21,13.92
19.7884,0,0.00,0.00,APP_STATE,7949.78,7946.21,13.54
19.7905,0,0.00,0.00,APP_STATE,7949.99,7946.21,13.92
19.7925,0,0.00,0.00,APP_STATE,7949.99,7946.21,13.92
19.7935,0,0.00,0.00,APP_STATE,7949.99,7946.21,13.92
19.7957,0,0.00,0.00,APP_STATE,7949.99,7946.21,13.92
19.7982,0,0.00,0.00,APP_STATE,7949.99,7946.21,13.92
19.8012,0,0.00,0.00,APP_STATE,7949.99,7946.21,13.92
19.8022,0,0.00,0.00,APP_STATE,7949.99,7946.21,13.92
19.8058,0,0.00,0.00,APP_STATE,7949.80,7946.21,13.57
19.8073,0,0.00,0.00,APP_STATE,7949.99,7946.21,13.92
19.8098,0,0.00,0.00,APP_STATE,7949.99,7946.21,13.92
19.8129,0,0.00,0.00,APP_STATE,7949.99,7946.21,13.92
19.8144,0,0.00,0.00,APP_STATE,7949.99,7946.21,13.92
19.8174,0,0.00,0.00,APP_STATE,7949.99,7946.21,13.92
19.8187,0,0.00,0.00,APP_STATE,7949.78,7946.21,13.54
19.8218,0,0.00,0.00,APP_STATE,7949.99,7946.21,13.92
19.8243,0,0.00,0.00,APP_STATE,7949.99,7946.21,13.92
19.8253,0,0.00,0.00,APP_STATE,7949.99,7946.21,13.92
19.8273,0,0.00,0.00,APP_STATE,7949.99,7946.21,13.92
19.8293,0,0.00,0.00,APP_STATE,7949.99,7946.21,13.92
19.8318,0,0.00,0.00,APP_STATE,7949.99,7946.21,13.92
19.8343,0,0.00,0.00,APP_STATE,7949.78,7946.21,13.54
19.8354,0,0.00,0.00,APP_STATE,7949.99,7946.21,13.92
19.8383,0,0.00,0.00,APP_STATE,7949.99,7946.21,13.92
19.8414,0,0.00,0.00,APP_STATE,7949.99,7946.21,13.92
19.8433,0,0.00,0.00,APP_STATE,7949.99,7946.21,13.92
19.8455,0,0.00,0.00,APP_STATE,7949.99,7946.21,13.92
19.8490,0,0.00,0.00,APP_STATE,7949.99,7946.21,13.92
19.8507,0,0.00,0.00,APP_STATE,7949.80,7946.21,13.57
19.8527,0,0.00,0.00,APP_STATE,7949.99,7946.21,13.92
19.8568,0,0.00,0.00,APP_STATE,7949.99,7946.21,13.92
19.8578,0,0.00,0.00,APP_STATE,7949.99,7946.21,13.92
19.8612,0,0.00,0.00,APP_STATE,7949.99,7946.21,13.92
19.8632,0,0.00,0.00,APP_STATE,7949.99,7946.21,13.92
19.8652,0,0.00,0.00,APP_STATE,7949.78,7946.21,13.54
19.8683,0,0.00,0.00,APP_STATE,7949.99,7946.21,13.92
19.8703,0,0.00,0.00,APP_STATE,7949.99,7946.21,13.92
19.8723,0,0.00,0.00,APP_STATE,7949.99,7946.21,13.92
19.8754,0,0.00,0.00,APP_STATE,7949.99,7946.21,13.92
19.8784,0,0.00,0.00,APP_STATE,7949.99,7946.21,13.92
19.8797,0,0.00,0.00,APP_STATE,7949.99,7946.21,13.92
19.8819,0,0.00,0.00,APP_STATE,7949.78,7946.21,13.54
19.8875,0,0.00,0.00,APP_STATE,7949.99,7946.21,13.92
19.8896,0,0.00,0.00,APP_STATE,7949.99,7946.21,13.92
19.8926,0,0.00,0.00,APP_STATE,7949.99,7946.21,13.92
19.8941,0,0.00,0.00,APP_STATE,7949.99,7946.21,13.92
19.8983,0,0.00,0.00,APP_STATE,7949.80,7946.21,13.57
19.9013,0,0.00,0.00,APP_STATE,7949.99,7946.21,13.92
19.9043,0,0.00,0.00,APP_STATE,7949.99,7946.21,13.92
19.9059,0,0.00,0.00,APP_STATE,7949.99,7946.21,13.92
19.9089,0,0.00,0.00,APP_STATE,7949.99,7946.21,13.92
19.9112,0,0.00,0.00,APP_STATE,7949.99,7946.21,13.92
19.9133,0,0.00,0.00,APP_STATE,7949.78,7946.21,13.54
19.9158,0,0.00,0.00,APP_STATE,7949.99,7946.21,13.92
19.9188,0,0.00,0.00,APP_STATE,7949.99,7946.21,13.92
19.9208,0,0.00,0.00,APP_STATE,7949.99,7946.21,13.92
19.9228,0,0.00,0.00,APP_STATE,7949.99,7946.21,13.92
19.9269,0,0.00,0.00,APP_STATE,7949.99,7946.21,13.92
19.9279,0,0.00,0.00,APP_STATE,7949.80,7946.21,13.57
19.9299,0,0.00,0.00,APP_STATE,7949.99,7946.21,13.92
19.9325,0,0.00,0.00,APP_STATE,7949.99,7946.21,13.92
19.9360,0,0.00,0.00,APP_STATE,7949.99,7946.21,13.92
19.9380,0,0.00,0.00,APP_STATE,7949.99,7946.21,13.92
19.9400,0,0.00,0.00,APP_STATE,7949.99,7946.21,13.92
19.9442,0,0.00,0.00,APP_STATE,7949.78,7946.21,13.54
19.9478,0,0.00,0.00,APP_STATE,7949.99,7946.21,13.92
19.9498,0,0.00,0.00,APP_STATE,7949.99,7946.21,13.92
19.9528,0,0.00,0.00,APP_STATE,7949.99,7946.21,13.92
19.9543,0,0.00,0.00,APP_STATE,7949.99,7946.21,13.92
19.9579,0,0.00,0.00,APP_STATE,7949.99,7946.21,13.92
19.9597,0,0.00,0.00,APP_STATE,7949.78,7946.21,13.54
19.9627,0,0.00,0.00,APP_STATE,7949.99,7946.21,13.92
19.9658,0,0.00,0.00,APP_STATE,7949.99,7946.21,13.92
19.9688,0,0.00,0.00,APP_STATE,7949.99,7946.21,13.92
19.9708,0,0.00,0.00,APP_STATE,7949.99,7946.21,13.92
19.9728,0,0.00,0.00,APP_STATE,7949.99,7946.21,13.92
19.9758,0,0.00,0.00,APP_STATE,7949.80,7946.21,13.57
19.9788,0,0.00,0.00,APP_STATE,7949.99,7946.21,13.92
19.9813,0,0.00,0.00,APP_STATE,7949.99,7946.21,13.92
19.9823,0,0.00,0.00,APP_STATE,7949.99,7946.21,13.92
19.9864,0,0.00,0.00,APP_STATE,7949.99,7946.21,13.92
19.9874,0,0.00,0.00,APP_STATE,7949.99,7946.21,13.92
19.9902,0,0.00,0.00,APP_STATE,7949.78,7946.21,13.54
19.9924,0,0.00,0.00,APP_STATE,7949.99,7946.21,13.92
19.9966,0,0.00,0.00,APP_STATE,7949.99,7946.21,13.92
19.9981,0,0.00,0.00,APP_STATE,7949.99,7946.21,13.92
20.0001,0,0.00,0.00,APP_STATE,7949.99,7946.21,13.92
20.0021,0,0.00,0.00,APP_STATE,7949.99,7946.21,13.92
20.0057,0,0.00,0.00,APP_STATE,7949.78,7946.21,13.54
20.0073,0,0.00,0.00,APP_STATE,7949.99,7946.21,13.92
20.0100,0,0.00,0.00,APP_STATE,7949.99,7946.21,13.92
20.0130,0,0.00,0.00,APP_STATE,7949.99,7946.21,13.92
20.0155,0,0.00,0.00,APP_STATE,7949.99,7946.21,13.92
20.0175,0,0.00,0.00,APP_STATE,7949.99,7946.21,13.92
20.0205,0,0.00,0.00,APP_STATE,7949.99,7946.21,13.92
20.0221,0,0.00,0.00,APP_STATE,7949.80,7946.21,13.57
20.0242,0,0.00,0.00,APP_STATE,7949.99,7946.21,13.92
20.0272,0,0.00,0.00,APP_STATE,7949.99,7946.21,13.92
20.0292,0,0.00,0.00,APP_STATE,7949.99,7946.21,13.92
20.0342,0,0.00,0.00,APP_STATE,7949.99,7946.21,13.92
20.0363,0,0.00,0.00,APP_STATE,7949.99,7946.21,13.92
20.0390,0,0.00,0.00,APP_STATE,7949.78,7946.21,13.54
20.0420,0,0.00,0.00,APP_STATE,7949.99,7946.21,13.92
20.0440,0,0.00,0.00,APP_STATE,7949.99,7946.21,13.92
20.0489,0,0.00,0.00,APP_STATE,7949.99,7946.21,13.92
20.0509,0,0.00,0.00,APP_STATE,7949.99,7946.21,13.92
20.0528,0,0.00,0.00,APP_STATE,7949.80,7946.21,13.57
20.0557,0,0.00,0.00,APP_STATE,7949.99,7946.21,13.92
20.0578,0,0.00,0.00,APP_STATE,7949.99,7946.21,13.92
20.0611,0,0.00,0.00,APP_STATE,7949.99,7946.21,13.92
20.0631,0,0.00,0.00,APP_STATE,7949.99,7946.21,13.92
20.0662,0,0.00,0.00,APP_STATE,7949.99,7946.21,13.92
20.0692,0,0.00,0.00,APP_STATE,7949.78,7946.21,13.54
20.0702,0,0.00,0.00,APP_STATE,7949.99,7946.21,13.92
20.0722,0,0.00,0.00,APP_STATE,7949.99,7946.21,13.92
20.0758,0,0.00,0.00,APP_STATE,7949.99,7946.21,13.92
20.0788,0,0.00,0.00,APP_STATE,7949.99,7946.21,13.92
20.0813,0,0.00,0.00,APP_STATE,7949.99,7946.21,13.92
20.0844,0,0.00,0.00,APP_STATE,7949.78,7946.21,13.54
20.0864,0,0.00,0.00,APP_STATE,7949.99,7946.21,13.92
20.0904,0,0.00,0.00,APP_STATE,7949.99,7946.21,13.92
20.0924,0,0.00,0.00,APP_STATE,7949.99,7946.21,13.92
20.0944,0,0.00,0.00,APP_STATE,7949.99,7946.21,13.92
20.0973,0,0.00,0.00,APP_STATE,7949.99,7946.21,13.92
20.0994,0,0.00,0.00,APP_STATE,7949.80,7946.21,13.57
20.1020,0,0.00,0.00,APP_STATE,7949.99,7946.21,13.92
20.1040,0,0.00,0.00,APP_STATE,7949.99,7946.21,13.92
20.1070,0,0.00,0.00,APP_STATE,7949.99,7946.21,13.92
20.1090,0,0.00,0.00,APP_STATE,7949.99,7946.21,13.92
20.1121,0,0.00,0.00,APP_STATE,7949.99,7946.21,13.92
20.1153,0,0.00,0.00,APP_STATE,7949.78,7946.21,13.54
20.1168,0,0.00,0.00,APP_STATE,7949.99,7946.21,13.92
20.1188,0,0.00,0.00,APP_STATE,7949.99,7946.21,13.92
20.1218,0,0.00,0.00,APP_STATE,7949.99,7946.21,13.92
20.1238,0,0.00,0.00,APP_STATE,7949.99,7946.21,13.92
20.1254,0,0.00,0.00,APP_STATE,7949.99,7946.21,13.92
20.1284,0,0.00,0.00,APP_STATE,7949.99,7946.21,13.92
20.1315,0,0.00,0.00,APP_STATE,7949.78,7946.21,13.54
20.1341,0,0.00,0.00,APP_STATE,7949.99,7946.21,13.92
20.1361,0,0.00,0.00,APP_STATE,7949.99,7946.21,13.92
20.1391,0,0.00,0.00,APP_STATE,7949.99,7946.21,13.92
20.1411,0,0.00,0.00,APP_STATE,7949.99,7946.21,13.92
20.1441,0,0.00,0.00,APP_STATE,7949.99,7946.21,13.92
20.1471,0,0.00,0.00,APP_STATE,7949.80,7946.21,13.57
20.1486,0,0.00,0.00,APP_STATE,7949.99,7946.21,13.92
20.1516,0,0.00,0.00,APP_STATE,7949.99,7946.21,13.92
20.1541,0,0.00,0.00,APP_STATE,7949.99,7946.21,13.92
20.1576,0,0.00,0.00,APP_STATE,7949.99,7946.21,13.92
20.1592,0,0.00,0.00,APP_STATE,7949.99,7946.21,13.92
20.1632,0,0.00,0.00,APP_STATE,7949.78,7946.21,13.54
20.1652,0,0.00,0.00,APP_STATE,7949.99,7946.21,13.92
20.1682,0,0.00,0.00,APP_STATE,7949.99,7946.21,13.92
20.1703,0,0.00,0.00,APP_STATE,7949.99,7946.21,13.92
20.1722,0,0.00,0.00,APP_STATE,7949.99,7946.21,13.92
20.1743,0,0.00,0.00,APP_STATE,7949.99,7946.21,13.92
20.1763,0,0.00,0.00,APP_STATE,7949.99,7946.21,13.92
20.1793,0,0.00,0.00,APP_STATE,7949.80,7946.21,13.57
20.1819,0,0.00,0.00,APP_STATE,7949.99,7946.21,13.92
20.1844,0,0.00,0.00,APP_STATE,7949.99,7946.21,13.92
20.1864,0,0.00,0.00,APP_STATE,7949.99,7946.21,13.92
20.1894,0,0.00,0.00,APP_STATE,7949.99,7946.21,13.92
20.1914,0,0.00,0.00,APP_STATE,7949.99,7946.21,13.92
20.1944,0,0.00,0.00,APP_STATE,7949.78,7946.21,13.54
20.1967,0,0.00,0.00,APP_STATE,7949.99,7946.21,13.92
20.1992,0,0.00,0.00,APP_STATE,7949.99,7946.21,13.92
20.2012,0,0.00,0.00,APP_STATE,7949.99,7946.21,13.92
20.2078,0,0.00,0.00,APP_STATE,7949.99,7946.21,13.92
20.2093,0,0.00,0.00,APP_STATE,7949.78,7946.21,13.54
20.2147,0,0.00,0.00,APP_STATE,7949.99,7946.21,13.92
20.2187,0,0.00,0.00,APP_STATE,7949.99,7946.21,13.92
20.2207,0,0.00,0.00,APP_STATE,7949.99,7946.21,13.92
20.2227,0,0.00,0.00,APP_STATE,7949.99,7946.21,13.92
20.2252,0,0.00,0.00,APP_STATE,7949.80,7946.21,13.57
20.2283,0,0.00,0.00,APP_STATE,7949.99,7946.21,13.92
20.2308,0,0.00,0.00,APP_STATE,7949.99,7946.21,13.92
20.2331,0,0.00,0.00,APP_STATE,7949.99,7946.21,13.92
20.2363,0,0.00,0.00,APP_STATE,7949.99,7946.21,13.92
20.2383,0,0.00,0.00,APP_STATE,7949.99,7946.21,13.92
20.2403,0,0.00,0.00,APP_STATE,7949.78,7946.21,13.54
20.2433,0,0.00,0.00,APP_STATE,7949.99,7946.21,13.92
20.2448,0,0.00,0.00,APP_STATE,7949.99,7946.21,13.92
20.2468,0,0.00,0.00,APP_STATE,7949.99,7946.21,13.92
20.2494,0,0.00,0.00,APP_STATE,7949.99,7946.21,13.92
20.2514,0,0.00,0.00,APP_STATE,7949.99,7946.21,13.92
20.2543,0,0.00,0.00,APP_STATE,7949.99,7946.21,13.92
20.2569,0,0.00,0.00,APP_STATE,7949.78,7946.21,13.54
20.2604,0,0.00,0.00,APP_STATE,7949.99,7946.21,13.92
20.2624,0,0.00,0.00,APP_STATE,7949.99,7946.21,13.92
20.2655,0,0.00,0.00,APP_STATE,7949.99,7946.21,13.92
20.2685,0,0.00,0.00,APP_STATE,7949.99,7946.21,13.92
20.2706,0,0.00,0.00,APP_STATE,7949.99,7946.21,13.92
20.2726,0,0.00,0.00,APP_STATE,7949.80,7946.21,13.57
20.2761,0,0.00,0.00,APP_STATE,7949.99,7946.21,13.92
20.2781,0,0.00,0.00,APP_STATE,7949.99,7946.21,13.92
20.2801,0,0.00,0.00,APP_STATE,7949.99,7946.21,13.92
20.2816,0,0.00,0.00,APP_STATE,7949.99,7946.21,13.92
20.2852,0,0.00,0.00,APP_STATE,7949.99,7946.21,13.92
20.2869,0,0.00,0.00,APP_STATE,7949.78,7946.21,13.54
20.2894,0,0.00,0.00,APP_STATE,7949.99,7946.21,13.92
20.2925,0,0.00,0.00,APP_STATE,7949.99,7946.21,13.92
20.2955,0,0.00,0.00,APP_STATE,7949.99,7946.21,13.92
20.2982,0,0.00,0.00,APP_STATE,7949.99,7946.21,13.92
20.3002,0,0.00,0.00,APP_STATE,7949.99,7946.21,13.92
20.3042,0,0.00,0.00,APP_STATE,7949.80,7946.21,13.57
20.3069,0,0.00,0.00,APP_STATE,7949.99,7946.21,13.92
20.3098,0,0.00,0.00,APP_STATE,7949.99,7946.21,13.92
20.3129,0,0.00,0.00,APP_STATE,7949.99,7946.21,13.92
20.3139,0,0.00,0.00,APP_STATE,7949.99,7946.21,13.92
20.3164,0,0.00,0.00,APP_STATE,7949.99,7946.21,13.92
20.3190,0,0.00,0.00,APP_STATE,7949.78,7946.21,13.54
20.3209,0,0.00,0.00,APP_STATE,7949.99,7946.21,13.92
20.3245,0,0.00,0.00,APP_STATE,7949.99,7946.21,13.92
20.3275,0,0.00,0.00,APP_STATE,7949.99,7946.21,13.92
20.3296,0,0.00,0.00,APP_STATE,7949.99,7946.21,13.92
20.3328,0,0.00,0.00,APP_STATE,7949.99,7946.21,13.92
20.3344,0,0.00,0.00,APP_STATE,7949.78,7946.21,13.54
20.3375,0,0.00,0.00,APP_STATE,7949.99,7946.21,13.92
20.3405,0,0.00,0.00,APP_STATE,7949.99,7946.21,13.92
20.3415,0,0.00,0.00,APP_STATE,7949.99,7946.21,13.92
20.3445,0,0.00,0.00,APP_STATE,7949.99,7946.21,13.92
20.3465,0,0.00,0.00,APP_STATE,7949.99,7946.21,13.92
20.3482,0,0.00,0.00,APP_STATE,7949.99,7946.21,13.92
20.3513,0,0.00,0.00,APP_STATE,7949.80,7946.21,13.57
20.3533,0,0.00,0.00,APP_STATE,7949.99,7946.21,13.92
20.3559,0,0.00,0.00,APP_STATE,7949.99,7946.21,13.92
20.3580,0,0.00,0.00,APP_STATE,7949.99,7946.21,13.92
20.3608,0,0.00,0.00,APP_STATE,7949.99,7946.21,13.92
20.3638,0,0.00,0.00,APP_STATE,7949.99,7946.21,13.92
20.3648,0,0.00,0.00,APP_STATE,7949.99,7946.21,13.92
20.3695,0,0.00,0.00,APP_STATE,7949.78,7946.21,13.54
20.3724,0,0.00,0.00,APP_STATE,7949.99,7946.21,13.92
20.3740,0,0.00,0.00,APP_STATE,7949.99,7946.21,13.92
20.3761,0,0.00,0.00,APP_STATE,7949.99,7946.21,13.92
20.3780,0,0.00,0.00,APP_STATE,7949.99,7946.21,13.92
20.3796,0,0.00,0.00,APP_STATE,7949.99,7946.21,13.92
20.3823,0,0.00,0.00,APP_STATE,7949.78,7946.21,13.54
20.3849,0,0.00,0.00,APP_STATE,7949.99,7946.21,13.92
20.3880,0,0.00,0.00,APP_STATE,7949.99,7946.21,13.92
20.3910,0,0.00,0.00,APP_STATE,7949.99,7946.21,13.92
20.3940,0,0.00,0.00,APP_STATE,7949.99,7946.21,13.92
20.3960,0,0.00,0.00,APP_STATE,7949.99,7946.21,13.92
20.3977,0,0.00,0.00,APP_STATE,7949.80,7946.21,13.57
20.4007,0,0.00,0.00,APP_STATE,7949.99,7946.21,13.92
20.4027,0,0.00,0.00,APP_STATE,7949.99,7946.21,13.92
20.4047,0,0.00,0.00,APP_STATE,7949.99,7946.21,13.92
20.4088,0,0.00,0.00,APP_STATE,7949.99,7946.21,13.92
20.4116,0,0.00,0.00,APP_STATE,7949.99,7946.21,13.92
20.4125,0,0.00,0.00,APP_STATE,7949.78,7946.21,13.54
20.4164,0,0.00,0.00,APP_STATE,7949.99,7946.21,13.92
20.4184,0,0.00,0.00,APP_STATE,7949.99,7946.21,13.92
20.4223,0,0.00,0.00,APP_STATE,7949.99,7946.21,13.92
20.4249,0,0.00,0.00,APP_STATE,7949.99,7946.21,13.92
20.4270,0,0.00,0.00,APP_STATE,7949.99,7946.21,13.92
20.4289,0,0.00,0.00,APP_STATE,7949.80,7946.21,13.57
20.4314,0,0.00,0.00,APP_STATE,7949.99,7946.21,13.92
20.4324,0,0.00,0.00,APP_STATE,7949.99,7946.21,13.92
20.4360,0,0.00,0.00,APP_STATE,7949.99,7946.21,13.92
20.4380,0,0.00,0.00,APP_STATE,7949.99,7946.21,13.92
20.4410,0,0.00,0.00,APP_STATE,7949.99,7946.21,13.92
20.4440,0,0.00,0.00,APP_STATE,7949.99,7946.21,13.92
20.4450,0,0.00,0.00,APP_STATE,7949.78,7946.21,13.54
20.4470,0,0.00,0.00,APP_STATE,7949.99,7946.21,13.92
20.4502,0,0.00,0.00,APP_STATE,7949.99,7946.21,13.92
20.4532,0,0.00,0.00,APP_STATE,7949.99,7946.21,13.92
20.4557,0,0.00,0.00,APP_STATE,7949.99,7946.21,13.92
20.4587,0,0.00,0.00,APP_STATE,7949.99,7946.21,13.92
20.4597,0,0.00,0.00,APP_STATE,7949.78,7946.21,13.54
20.4628,0,0.00,0.00,APP_STATE,7949.99,7946.21,13.92
20.4653,0,0.00,0.00,APP_STATE,7949.99,7946.21,13.92
20.4668,0,0.00,0.00,APP_STATE,7949.99,7946.21,13.92
20.4698,0,0.00,0.00,APP_STATE,7949.99,7946.21,13.92
20.4718,0,0.00,0.00,APP_STATE,7949.99,7946.21,13.92
20.4749,0,0.00,0.00,APP_STATE,7949.99,7946.21,13.92
20.4779,0,0.00,0.00,APP_STATE,7949.80,7946.21,13.57
20.4789,0,0.00,0.00,APP_STATE,7949.99,7946.21,13.92
20.4825,0,0.00,0.00,APP_STATE,7949.99,7946.21,13.92
20.4850,0,0.00,0.00,APP_STATE,7949.99,7946.21,13.92
20.4870,0,0.00,0.00,APP_STATE,7949.99,7946.21,13.92
20.4895,0,0.00,0.00,APP_STATE,7949.99,7946.21,13.92
20.4915,0,0.00,0.00,APP_STATE,7949.78,7946.21,13.54
20.4945,0,0.00,0.00,APP_STATE,7949.99,7946.21,13.92
20.4956,0,0.00,0.00,APP_STATE,7949.99,7946.21,13.92
20.4991,0,0.00,0.00,APP_STATE,7949.99,7946.21,13.92
20.5011,0,0.00,0.00,APP_STATE,7949.99,7946.21,13.92
20.5041,0,0.00,0.00,APP_STATE,7949.99,7946.21,13.92
20.5056,0,0.00,0.00,APP_STATE,7949.99,7946.21,13.92
20.5076,0,0.00,0.00,APP_STATE,7949.78,7946.21,13.54
20.5107,0,0.00,0.00,APP_STATE,7949.99,7946.21,13.92
20.5127,0,0.00,0.00,APP_STATE,7949.99,7946.21,13.92
20.5147,0,0.00,0.00,APP_STATE,7949.99,7946.21,13.92
20.5169,0,0.00,0.00,APP_STATE,7949.99,7946.21,13.92
20.5194,0,0.00,0.00,APP_STATE,7949.99,7946.21,13.92
20.5214,0,0.00,0.00,APP_STATE,7949.80,7946.21,13.57
20.5258,0,0.00,0.00,APP_STATE,7949.99,7946.21,13.92
20.5289,0,0.00,0.00,APP_STATE,7949.99,7946.21,13.92
20.5314,0,0.00,0.00,APP_STATE,7949.99,7946.21,13.92
20.5339,0,0.00,0.00,APP_STATE,7949.99,7946.21,13.92
20.5364,0,0.00,0.00,APP_STATE,7949.99,7946.21,13.92
20.5384,0,0.00,0.00,APP_STATE,7949.78,7946.21,13.54
20.5404,0,0.00,0.00,APP_STATE,7949.99,7946.21,13.92
20.5424,0,0.00,0.00,APP_STATE,7949.99,7946.21,13.92
20.5444,0,0.00,0.00,APP_STATE,7949.99,7946.21,13.92
20.5454,0,0.00,0.00,APP_STATE,7949.99,7946.21,13.92
20.5480,0,0.00,0.00,APP_STATE,7949.99,7946.21,13.92
20.5500,0,0.00,0.00,APP_STATE,7949.99,7946.21,13.92
20.5540,0,0.00,0.00,APP_STATE,7949.80,7946.21,13.57
20.5562,0,0.00,0.00,APP_STATE,7949.99,7946.21,13.92
20.5600,0,0.00,0.00,APP_STATE,7949.99,7946.21,13.92
20.5621,0,0.00,0.00,APP_STATE,7949.99,7946.21,13.92
20.5646,0,0.00,0.00,APP_STATE,7949.99,7946.21,13.92
20.5667,0,0.00,0.00,APP_STATE,7949.99,7946.21,13.92
20.5697,0,0.00,0.00,APP_STATE,7949.78,7946.21,13.54
20.5717,0,0.00,0.00,APP_STATE,7949.99,7946.21,13.92
20.5745,0,0.00,0.00,APP_STATE,7949.99,7946.21,13.92
20.5765,0,0.00,0.00,APP_STATE,7949.99,7946.21,13.92
20.5795,0,0.00,0.00,APP_STATE,7949.99,7946.21,13.92
20.5810,0,0.00,0.00,APP_STATE,7949.99,7946.21,13.92
20.5840,0,0.00,0.00,APP_STATE,7949.78,7946.21,13.54
20.5871,0,0.00,0.00,APP_STATE,7949.99,7946.21,13.92
20.5895,0,0.00,0.00,APP_STATE,7949.99,7946.21,13.92
20.5911,0,0.00,0.00,APP_STATE,7949.99,7946.21,13.92
20.5941,0,0.00,0.00,APP_STATE,7949.99,7946.21,13.92
20.5951,0,0.00,0.00,APP_STATE,7949.99,7946.21,13.92
20.5977,0,0.00,0.00,APP_STATE,7949.99,7946.21,13.92
20.6003,0,0.00,0.00,APP_STATE,7949.80,7946.21,13.57
20.6022,0,0.00,0.00,APP_STATE,7949.99,7946.21,13.92
20.6043,0,0.00,0.00,APP_STATE,7949.99,7946.21,13.92
20.6059,0,0.00,0.00,APP_STATE,7949.99,7946.21,13.92
20.6094,0,0.00,0.00,APP_STATE,7949.99,7946.21,13.92
20.6115,0,0.00,0.00,APP_STATE,7949.99,7946.21,13.92
20.6150,0,0.00,0.00,APP_STATE,7949.78,7946.21,13.54
20.6171,0,0.00,0.00,APP_STATE,7949.99,7946.21,13.92
20.6201,0,0.00,0.00,APP_STATE,7949.99,7946.21,13.92
20.6221,0,0.00,0.00,APP_STATE,7949.99,7946.21,13.92
20.6247,0,0.00,0.00,APP_STATE,7949.99,7946.21,13.92
20.6258,0,0.00,0.00,APP_STATE,7949.99,7946.21,13.92
20.6285,0,0.00,0.00,APP_STATE,7949.99,7946.21,13.92
20.6310,0,0.00,0.00,APP_STATE,7949.78,7946.21,13.54
20.6331,0,0.00,0.00,APP_STATE,7949.99,7946.21,13.92
20.6354,0,0.00,0.00,APP_STATE,7949.99,7946.21,13.92
20.6374,0,0.00,0.00,APP_STATE,7949.99,7946.21,13.92
20.6404,0,0.00,0.00,APP_STATE,7949.99,7946.21,13.92
20.6423,0,0.00,0.00,APP_STATE,7949.99,7946.21,13.92
20.6449,0,0.00,0.00,APP_STATE,7949.99,7946.21,13.92
20.6486,0,0.00,0.00,APP_STATE,7949.80,7946.21,13.57
20.6516,0,0.00,0.00,APP_STATE,7949.99,7946.21,13.92
20.6536,0,0.00,0.00,APP_STATE,7949.99,7946.21,13.92
20.6568,0,0.00,0.00,APP_STATE,7949.99,7946.21,13.92
20.6594,0,0.00,0.00,APP_STATE,7949.99,7946.21,13.92
20.6610,0,0.00,0.00,APP_STATE,7949.99,7946.21,13.92
20.6630,0,0.00,0.00,APP_STATE,7949.78,7946.21,13.54
20.6667,0,0.00,0.00,APP_STATE,7949.99,7946.21,13.92
20.6680,0,0.00,0.00,APP_STATE,7949.99,7946.21,13.92
20.6710,0,0.00,0.00,APP_STATE,7949.99,7946.21,13.92
20.6756,0,0.00,0.00,APP_STATE,7949.99,7946.21,13.92
20.6782,0,0.00,0.00,APP_STATE,7949.80,7946.21,13.57
20.6815,0,0.00,0.00,APP_STATE,7949.99,7946.21,13.92
20.6846,0,0.00,0.00,APP_STATE,7949.99,7946.21,13.92
20.6869,0,0.00,0.00,APP_STATE,7949.99,7946.21,13.92
20.6889,0,0.00,0.00,APP_STATE,7949.99,7946.21,13.92
20.6909,0,0.00,0.00,APP_STATE,7949.99,7946.21,13.92
20.6950,0,0.00,0.00,APP_STATE,7949.78,7946.21,13.54
20.6969,0,0.00,0.00,APP_STATE,7949.99,7946.21,13.92
20.6996,0,0.00,0.00,APP_STATE,7949.99,7946.21,13.92
20.7016,0,0.00,0.00,APP_STATE,7949.99,7946.21,13.92
20.7046,0,0.00,0.00,APP_STATE,7949.99,7946.21,13.92
20.7071,0,0.00,0.00,APP_STATE,7949.99,7946.21,13.92
20.7096,0,0.00,0.00,APP_STATE,7949.78,7946.21,13.54
20.7117,0,0.00,0.00,APP_STATE,7949.99,7946.21,13.92
20.7147,0,0.00,0.00,APP_STATE,7949.99,7946.21,13.92
20.7168,0,0.00,0.00,APP_STATE,7949.99,7946.21,13.92
20.7188,0,0.00,0.00,APP_STATE,7949.99,7946.21,13.92
20.7208,0,0.00,0.00,APP_STATE,7949.99,7946.21,13.92
20.7238,0,0.00,0.00,APP_STATE,7949.99,7946.21,13.92
20.7256,0,0.00,0.00,APP_STATE,7949.80,7946.21,13.57
20.7286,0,0.00,0.00,APP_STATE,7949.99,7946.21,13.92
20.7296,0,0.00,0.00,APP_STATE,7949.99,7946.21,13.92
20.7322,0,0.00,0.00,APP_STATE,7949.99,7946.21,13.92
20.7347,0,0.00,0.00,APP_STATE,7949.99,7946.21,13.92
20.7367,0,0.00,0.00,APP_STATE,7949.99,7946.21,13.92
20.7413,0,0.00,0.00,APP_STATE,7949.78,7946.21,13.54
20.7433,0,0.00,0.00,APP_STATE,7949.99,7946.21,13.92
20.7453,0,0.00,0.00,APP_STATE,7949.99,7946.21,13.92
20.7480,0,0.00,0.00,APP_STATE,7949.99,7946.21,13.92
20.7510,0,0.00,0.00,APP_STATE,7949.99,7946.21,13.92
20.7530,0,0.00,0.00,APP_STATE,7949.99,7946.21,13.92
20.7561,0,0.00,0.00,APP_STATE,7949.99,7946.21,13.92
20.7577,0,0.00,0.00,APP_STATE,7949.78,7946.21,13.54
20.7601,0,0.00,0.00,APP_STATE,7949.99,7946.21,13.92
20.7616,0,0.00,0.00,APP_STATE,7949.99,7946.21,13.92
20.7637,0,0.00,0.00,APP_STATE,7949.99,7946.21,13.92
20.7668,0,0.00,0.00,APP_STATE,7949.99,7946.21,13.92
20.7689,0,0.00,0.00,APP_STATE,7949.99,7946.21,13.92
20.7726,0,0.00,0.00,APP_STATE,7949.80,7946.21,13.57
20.7753,0,0.00,0.00,APP_STATE,7949.99,7946.21,13.92
20.7773,0,0.00,0.00,APP_STATE,7949.99,7946.21,13.92
20.7793,0,0.00,0.00,APP_STATE,7949.99,7946.21,13.92
20.7820,0,0.00,0.00,APP_STATE,7949.99,7946.21,13.92
20.7838,0,0.00,0.00,APP_STATE,7949.99,7946.21,13.92
20.7861,0,0.00,0.00,APP_STATE,7949.99,7946.21,13.92
20.7882,0,0.00,0.00,APP_STATE,7949.78,7946.21,13.54
20.7911,0,0.00,0.00,APP_STATE,7949.99,7946.21,13.92
20.7931,0,0.00,0.00,APP_STATE,7949.99,7946.21,13.92
20.7941,0,0.00,0.00,APP_STATE,7949.99,7946.21,13.92
20.7977,0,0.00,0.00,APP_STATE,7949.99,7946.21,13.92
20.7997,0,0.00,0.00,APP_STATE,7949.99,7946.21,13.92
20.8017,0,0.00,0.00,APP_STATE,7949.99,7946.21,13.92
20.8047,0,0.00,0.00,APP_STATE,7949.80,7946.21,13.57
20.8074,0,0.00,0.00,APP_STATE,7949.99,7946.21,13.92
20.8101,0,0.00,0.00,APP_STATE,7949.99,7946.21,13.92
20.8121,0,0.00,0.00,APP_STATE,7949.99,7946.21,13.92
20.8141,0,0.00,0.00,APP_STATE,7949.99,7946.21,13.92
20.8168,0,0.00,0.00,APP_STATE,7949.99,7946.21,13.92
20.8199,0,0.00,0.00,APP_STATE,7949.78,7946.21,13.54
20.8219,0,0.00,0.00,APP_STATE,7949.99,7946.21,13.92
20.8229,0,0.00,0.00,APP_STATE,7949.99,7946.21,13.92
20.8285,0,0.00,0.00,APP_STATE,7949.99,7946.21,13.92
20.8310,0,0.00,0.00,APP_STATE,7949.99,7946.21,13.92
20.8331,0,0.00,0.00,APP_STATE,7949.99,7946.21,13.92
20.8341,0,0.00,0.00,APP_STATE,7949.78,7946.21,13.54
20.8387,0,0.00,0.00,APP_STATE,7949.99,7946.21,13.92
20.8407,0,0.00,0.00,APP_STATE,7949.99,7946.21,13.92
20.8447,0,0.00,0.00,APP_STATE,7949.99,7946.21,13.92
20.8467,0,0.00,0.00,APP_STATE,7949.99,7946.21,13.92
20.8484,0,0.00,0.00,APP_STATE,7949.99,7946.21,13.92
20.8504,0,0.00,0.00,APP_STATE,7949.80,7946.21,13.57
20.8524,0,0.00,0.00,APP_STATE,7949.99,7946.21,13.92
20.8544,0,0.00,0.00,APP_STATE,7949.99,7946.21,13.92
20.8570,0,0.00,0.00,APP_STATE,7949.99,7946.21,13.92
20.8590,0,0.00,0.00,APP_STATE,7949.99,7946.21,13.92
20.8616,0,0.00,0.00,APP_STATE,7949.99,7946.21,13.92
20.8646,0,0.00,0.00,APP_STATE,7949.99,7946.21,13.92
20.8662,0,0.00,0.00,APP_STATE,7949.78,7946.21,13.54
20.8679,0,0.00,0.00,APP_STATE,7949.99,7946.21,13.92
20.8709,0,0.00,0.00,APP_STATE,7949.99,7946.21,13.92
20.8740,0,0.00,0.00,APP_STATE,7949.99,7946.21,13.92
20.8767,0,0.00,0.00,APP_STATE,7949.99,7946.21,13.92
20.8788,0,0.00,0.00,APP_STATE,7949.99,7946.21,13.92
20.8813,0,0.00,0.00,APP_STATE,7949.78,7946.21,13.54
20.8841,0,0.00,0.00,APP_STATE,7949.99,7946.21,13.92
20.8866,0,0.00,0.00,APP_STATE,7949.99,7946.21,13.92
20.8887,0,0.00,0.00,APP_STATE,7949.99,7946.21,13.92
20.8897,0,0.00,0.00,APP_STATE,7949.99,7946.21,13.92
20.8943,0,0.00,0.00,APP_STATE,7949.99,7946.21,13.92
20.8970,0,0.00,0.00,APP_STATE,7949.99,7946.21,13.92
20.8990,0,0.00,0.00,APP_STATE,7949.80,7946.21,13.57
20.9021,0,0.00,0.00,APP_STATE,7949.99,7946.21,13.92
20.9041,0,0.00,0.00,APP_STATE,7949.99,7946.21,13.92
20.9067,0,0.00,0.00,APP_STATE,7949.99,7946.21,13.92
20.9090,0,0.00,0.00,APP_STATE,7949.99,7946.21,13.92
20.9130,0,0.00,0.00,APP_STATE,7949.78,7946.21,13.54
20.9157,0,0.00,0.00,APP_STATE,7949.99,7946.21,13.92
20.9187,0,0.00,0.00,APP_STATE,7949.99,7946.21,13.92
